id_hecho_cita,id_fecha,id_clinica,id_servicio,id_mascota,id_veterinario,canal_agendamiento,estado_cita,tiempo_espera_min,duracion_atencion_min,monto_bruto,monto_descuento,monto_neto,metodo_pago,calificacion_satisfaccion,asistio,no_show,cancelada
FACT00001,20250301,CLN06,SRV07,MAS124,VET10,PORTAL_WEB,COMPLETADA,19,72,150000,0.0,150000.0,STRIPE_CARD,5,1,0,0
FACT00002,20250301,CLN05,SRV02,MAS071,VET08,AGENTE_NOVA_CHATBOT,COMPLETADA,34,31,35000,0.0,35000.0,STRIPE_CARD,5,1,0,0
FACT00003,20250301,CLN03,SRV08,MAS039,VET05,OPTIMIZACION_GEO_PLEB,COMPLETADA,20,66,50000,5000.0,45000.0,TRANSFERENCIA_NEQUI,5,1,0,0
FACT00004,20250301,CLN04,SRV04,MAS062,VET07,RECEPCION_PRESENCIAL,CANCELADA,0,0,220000,0.0,0.0,NO_APLICA,,0,0,1
FACT00005,20250301,CLN02,SRV01,MAS082,VET04,RECEPCION_PRESENCIAL,NO_ASISTIO,0,0,45000,0.0,0.0,NO_APLICA,,0,1,0
FACT00006,20250301,CLN06,SRV07,MAS039,VET10,PORTAL_WEB,COMPLETADA,9,71,150000,0.0,150000.0,EFECTIVO,2,1,0,0
FACT00007,20250301,CLN01,SRV02,MAS135,VET02,PORTAL_WEB,COMPLETADA,28,19,35000,0.0,35000.0,STRIPE_CARD,5,1,0,0
FACT00008,20250302,CLN04,SRV06,MAS102,VET07,PORTAL_WEB,NO_ASISTIO,0,0,120000,0.0,0.0,NO_APLICA,,0,1,0
FACT00009,20250302,CLN03,SRV06,MAS125,VET05,PORTAL_WEB,CANCELADA,0,0,120000,0.0,0.0,NO_APLICA,,0,0,1
FACT00010,20250302,CLN05,SRV04,MAS074,VET08,PORTAL_WEB,COMPLETADA,18,88,220000,0.0,220000.0,STRIPE_CARD,4,1,0,0
FACT00011,20250303,CLN02,SRV01,MAS012,VET04,PORTAL_WEB,COMPLETADA,14,36,45000,0.0,45000.0,STRIPE_CARD,5,1,0,0
FACT00012,20250303,CLN02,SRV03,MAS044,VET04,PORTAL_WEB,COMPLETADA,24,22,25000,0.0,25000.0,STRIPE_CARD,4,1,0,0
FACT00013,20250303,CLN04,SRV04,MAS119,VET06,AGENTE_NOVA_CHATBOT,NO_ASISTIO,0,0,220000,0.0,0.0,NO_APLICA,,0,1,0
FACT00014,20250303,CLN04,SRV01,MAS120,VET07,OPTIMIZACION_GEO_PLEB,COMPLETADA,10,27,45000,4500.0,40500.0,EFECTIVO,5,1,0,0
FACT00015,20250303,CLN05,SRV07,MAS065,VET08,AGENTE_NOVA_CHATBOT,COMPLETADA,11,67,150000,0.0,150000.0,STRIPE_CARD,3,1,0,0
FACT00016,20250303,CLN02,SRV06,MAS148,VET04,AGENTE_NOVA_CHATBOT,COMPLETADA,5,47,120000,0.0,120000.0,STRIPE_CARD,5,1,0,0
FACT00017,20250304,CLN06,SRV05,MAS059,VET10,AGENTE_NOVA_CHATBOT,CANCELADA,0,0,85000,0.0,0.0,NO_APLICA,,0,0,1
FACT00018,20250304,CLN02,SRV05,MAS036,VET03,PORTAL_WEB,NO_ASISTIO,0,0,85000,0.0,0.0,NO_APLICA,,0,1,0
FACT00019,20250304,CLN06,SRV05,MAS113,VET09,OPTIMIZACION_GEO_PLEB,COMPLETADA,16,24,85000,8500.0,76500.0,EFECTIVO,5,1,0,0
FACT00020,20250304,CLN03,SRV03,MAS052,VET05,OPTIMIZACION_GEO_PLEB,COMPLETADA,33,21,25000,2500.0,22500.0,EFECTIVO,4,1,0,0
FACT00021,20250304,CLN02,SRV08,MAS076,VET04,AGENTE_NOVA_CHATBOT,NO_ASISTIO,0,0,50000,0.0,0.0,NO_APLICA,,0,1,0
FACT00022,20250304,CLN01,SRV02,MAS037,VET02,RECEPCION_PRESENCIAL,COMPLETADA,35,32,35000,0.0,35000.0,TRANSFERENCIA_NEQUI,5,1,0,0
FACT00023,20250304,CLN01,SRV02,MAS117,VET02,AGENTE_NOVA_CHATBOT,COMPLETADA,23,27,35000,0.0,35000.0,EFECTIVO,3,1,0,0
FACT00024,20250305,CLN06,SRV08,MAS007,VET09,OPTIMIZACION_GEO_PLEB,CANCELADA,0,0,50000,5000.0,0.0,NO_APLICA,,0,0,1
FACT00025,20250305,CLN03,SRV02,MAS119,VET05,AGENTE_NOVA_CHATBOT,NO_ASISTIO,0,0,35000,0.0,0.0,NO_APLICA,,0,1,0
FACT00026,20250305,CLN06,SRV02,MAS036,VET10,PORTAL_WEB,COMPLETADA,14,30,35000,0.0,35000.0,STRIPE_CARD,5,1,0,0
FACT00027,20250306,CLN02,SRV08,MAS095,VET04,OPTIMIZACION_GEO_PLEB,NO_ASISTIO,0,0,50000,5000.0,0.0,NO_APLICA,,0,1,0
FACT00028,20250306,CLN04,SRV07,MAS026,VET06,OPTIMIZACION_GEO_PLEB,COMPLETADA,18,63,150000,15000.0,135000.0,EFECTIVO,5,1,0,0
FACT00029,20250306,CLN02,SRV08,MAS061,VET04,PORTAL_WEB,COMPLETADA,26,66,50000,0.0,50000.0,EFECTIVO,4,1,0,0
FACT00030,20250306,CLN01,SRV05,MAS049,VET02,RECEPCION_PRESENCIAL,COMPLETADA,7,26,85000,0.0,85000.0,STRIPE_CARD,4,1,0,0
FACT00031,20250306,CLN01,SRV04,MAS033,VET02,PORTAL_WEB,CANCELADA,0,0,220000,0.0,0.0,NO_APLICA,,0,0,1
FACT00032,20250306,CLN01,SRV04,MAS060,VET01,PORTAL_WEB,COMPLETADA,30,104,220000,0.0,220000.0,STRIPE_CARD,5,1,0,0
FACT00033,20250306,CLN02,SRV03,MAS029,VET04,PORTAL_WEB,NO_ASISTIO,0,0,25000,0.0,0.0,NO_APLICA,,0,1,0
FACT00034,20250307,CLN01,SRV04,MAS083,VET02,PORTAL_WEB,COMPLETADA,13,86,220000,0.0,220000.0,TRANSFERENCIA_NEQUI,5,1,0,0
FACT00035,20250307,CLN05,SRV02,MAS122,VET08,AGENTE_NOVA_CHATBOT,COMPLETADA,21,33,35000,0.0,35000.0,STRIPE_CARD,5,1,0,0
FACT00036,20250307,CLN05,SRV05,MAS118,VET08,PORTAL_WEB,NO_ASISTIO,0,0,85000,0.0,0.0,NO_APLICA,,0,1,0
FACT00037,20250307,CLN01,SRV07,MAS110,VET02,PORTAL_WEB,NO_ASISTIO,0,0,150000,0.0,0.0,NO_APLICA,,0,1,0
FACT00038,20250308,CLN06,SRV02,MAS021,VET10,OPTIMIZACION_GEO_PLEB,COMPLETADA,9,17,35000,3500.0,31500.0,EFECTIVO,5,1,0,0
FACT00039,20250308,CLN04,SRV08,MAS130,VET07,RECEPCION_PRESENCIAL,CANCELADA,0,0,50000,0.0,0.0,NO_APLICA,,0,0,1
FACT00040,20250308,CLN01,SRV04,MAS111,VET01,PORTAL_WEB,COMPLETADA,18,95,220000,0.0,220000.0,TRANSFERENCIA_NEQUI,3,1,0,0
FACT00041,20250308,CLN04,SRV06,MAS110,VET06,AGENTE_NOVA_CHATBOT,COMPLETADA,16,39,120000,0.0,120000.0,TRANSFERENCIA_NEQUI,4,1,0,0
FACT00042,20250308,CLN01,SRV02,MAS024,VET01,PORTAL_WEB,COMPLETADA,28,26,35000,0.0,35000.0,STRIPE_CARD,3,1,0,0
FACT00043,20250308,CLN05,SRV02,MAS106,VET08,RECEPCION_PRESENCIAL,COMPLETADA,32,16,35000,0.0,35000.0,EFECTIVO,2,1,0,0
FACT00044,20250309,CLN01,SRV03,MAS124,VET01,PORTAL_WEB,COMPLETADA,16,27,25000,0.0,25000.0,EFECTIVO,5,1,0,0
FACT00045,20250309,CLN05,SRV07,MAS144,VET08,OPTIMIZACION_GEO_PLEB,CANCELADA,0,0,150000,15000.0,0.0,NO_APLICA,,0,0,1
FACT00046,20250309,CLN06,SRV05,MAS008,VET09,AGENTE_NOVA_CHATBOT,COMPLETADA,27,29,85000,0.0,85000.0,EFECTIVO,2,1,0,0
FACT00047,20250309,CLN01,SRV03,MAS145,VET01,RECEPCION_PRESENCIAL,NO_ASISTIO,0,0,25000,0.0,0.0,NO_APLICA,,0,1,0
FACT00048,20250309,CLN01,SRV01,MAS024,VET01,OPTIMIZACION_GEO_PLEB,NO_ASISTIO,0,0,45000,4500.0,0.0,NO_APLICA,,0,1,0
FACT00049,20250310,CLN04,SRV08,MAS088,VET07,AGENTE_NOVA_CHATBOT,COMPLETADA,14,65,50000,0.0,50000.0,STRIPE_CARD,4,1,0,0
FACT00050,20250310,CLN01,SRV03,MAS013,VET01,PORTAL_WEB,NO_ASISTIO,0,0,25000,0.0,0.0,NO_APLICA,,0,1,0
FACT00051,20250310,CLN03,SRV07,MAS125,VET05,RECEPCION_PRESENCIAL,CANCELADA,0,0,150000,0.0,0.0,NO_APLICA,,0,0,1
FACT00052,20250310,CLN04,SRV04,MAS132,VET07,AGENTE_NOVA_CHATBOT,COMPLETADA,18,88,220000,0.0,220000.0,TRANSFERENCIA_NEQUI,5,1,0,0
FACT00053,20250311,CLN06,SRV01,MAS057,VET10,OPTIMIZACION_GEO_PLEB,COMPLETADA,6,25,45000,4500.0,40500.0,STRIPE_CARD,5,1,0,0
FACT00054,20250311,CLN02,SRV05,MAS084,VET04,PORTAL_WEB,COMPLETADA,20,33,85000,0.0,85000.0,TRANSFERENCIA_NEQUI,5,1,0,0
FACT00055,20250311,CLN05,SRV06,MAS019,VET08,PORTAL_WEB,COMPLETADA,18,35,120000,0.0,120000.0,STRIPE_CARD,5,1,0,0
FACT00056,20250311,CLN03,SRV07,MAS107,VET05,PORTAL_WEB,COMPLETADA,17,55,150000,0.0,150000.0,STRIPE_CARD,2,1,0,0
FACT00057,20250311,CLN05,SRV06,MAS023,VET08,PORTAL_WEB,COMPLETADA,12,48,120000,0.0,120000.0,STRIPE_CARD,4,1,0,0
FACT00058,20250311,CLN04,SRV06,MAS057,VET07,PORTAL_WEB,COMPLETADA,7,51,120000,0.0,120000.0,STRIPE_CARD,4,1,0,0
FACT00059,20250311,CLN03,SRV03,MAS061,VET05,PORTAL_WEB,COMPLETADA,13,16,25000,0.0,25000.0,STRIPE_CARD,5,1,0,0
FACT00060,20250312,CLN06,SRV03,MAS127,VET09,OPTIMIZACION_GEO_PLEB,COMPLETADA,29,28,25000,2500.0,22500.0,EFECTIVO,5,1,0,0
FACT00061,20250312,CLN06,SRV03,MAS113,VET10,RECEPCION_PRESENCIAL,COMPLETADA,19,30,25000,0.0,25000.0,EFECTIVO,5,1,0,0
FACT00062,20250312,CLN05,SRV06,MAS130,VET08,AGENTE_NOVA_CHATBOT,COMPLETADA,19,49,120000,0.0,120000.0,EFECTIVO,5,1,0,0
FACT00063,20250312,CLN03,SRV02,MAS130,VET05,RECEPCION_PRESENCIAL,COMPLETADA,23,32,35000,0.0,35000.0,STRIPE_CARD,2,1,0,0
FACT00064,20250312,CLN04,SRV06,MAS122,VET06,PORTAL_WEB,CANCELADA,0,0,120000,0.0,0.0,NO_APLICA,,0,0,1
FACT00065,20250312,CLN01,SRV02,MAS088,VET02,PORTAL_WEB,NO_ASISTIO,0,0,35000,0.0,0.0,NO_APLICA,,0,1,0
FACT00066,20250312,CLN05,SRV01,MAS064,VET08,RECEPCION_PRESENCIAL,NO_ASISTIO,0,0,45000,0.0,0.0,NO_APLICA,,0,1,0
FACT00067,20250312,CLN04,SRV06,MAS096,VET06,RECEPCION_PRESENCIAL,COMPLETADA,18,45,120000,0.0,120000.0,STRIPE_CARD,4,1,0,0
FACT00068,20250312,CLN06,SRV02,MAS085,VET10,OPTIMIZACION_GEO_PLEB,COMPLETADA,26,27,35000,3500.0,31500.0,STRIPE_CARD,5,1,0,0
FACT00069,20250313,CLN01,SRV06,MAS080,VET01,RECEPCION_PRESENCIAL,NO_ASISTIO,0,0,120000,0.0,0.0,NO_APLICA,,0,1,0
FACT00070,20250313,CLN02,SRV05,MAS144,VET03,AGENTE_NOVA_CHATBOT,COMPLETADA,31,24,85000,0.0,85000.0,STRIPE_CARD,4,1,0,0
FACT00071,20250313,CLN06,SRV06,MAS005,VET10,AGENTE_NOVA_CHATBOT,COMPLETADA,10,41,120000,0.0,120000.0,TRANSFERENCIA_NEQUI,5,1,0,0
FACT00072,20250313,CLN02,SRV03,MAS040,VET03,AGENTE_NOVA_CHATBOT,COMPLETADA,32,13,25000,0.0,25000.0,STRIPE_CARD,4,1,0,0
FACT00073,20250313,CLN06,SRV03,MAS097,VET10,PORTAL_WEB,COMPLETADA,10,29,25000,0.0,25000.0,STRIPE_CARD,3,1,0,0
FACT00074,20250314,CLN04,SRV07,MAS094,VET06,PORTAL_WEB,NO_ASISTIO,0,0,150000,0.0,0.0,NO_APLICA,,0,1,0
FACT00075,20250314,CLN04,SRV08,MAS060,VET07,PORTAL_WEB,CANCELADA,0,0,50000,0.0,0.0,NO_APLICA,,0,0,1
FACT00076,20250314,CLN03,SRV04,MAS095,VET05,OPTIMIZACION_GEO_PLEB,NO_ASISTIO,0,0,220000,22000.0,0.0,NO_APLICA,,0,1,0
FACT00077,20250314,CLN04,SRV05,MAS098,VET07,OPTIMIZACION_GEO_PLEB,CANCELADA,0,0,85000,8500.0,0.0,NO_APLICA,,0,0,1
FACT00078,20250314,CLN04,SRV04,MAS036,VET06,PORTAL_WEB,COMPLETADA,25,100,220000,0.0,220000.0,STRIPE_CARD,3,1,0,0
FACT00079,20250314,CLN06,SRV05,MAS022,VET09,AGENTE_NOVA_CHATBOT,COMPLETADA,19,36,85000,0.0,85000.0,TRANSFERENCIA_NEQUI,5,1,0,0
FACT00080,20250314,CLN01,SRV08,MAS090,VET01,RECEPCION_PRESENCIAL,COMPLETADA,6,67,50000,0.0,50000.0,STRIPE_CARD,4,1,0,0
FACT00081,20250314,CLN04,SRV06,MAS058,VET06,AGENTE_NOVA_CHATBOT,COMPLETADA,34,38,120000,0.0,120000.0,EFECTIVO,3,1,0,0
FACT00082,20250315,CLN02,SRV01,MAS074,VET03,PORTAL_WEB,COMPLETADA,29,40,45000,0.0,45000.0,STRIPE_CARD,5,1,0,0
FACT00083,20250315,CLN01,SRV05,MAS056,VET01,OPTIMIZACION_GEO_PLEB,COMPLETADA,35,39,85000,8500.0,76500.0,STRIPE_CARD,4,1,0,0
FACT00084,20250315,CLN03,SRV05,MAS032,VET05,PORTAL_WEB,COMPLETADA,18,40,85000,0.0,85000.0,TRANSFERENCIA_NEQUI,4,1,0,0
FACT00085,20250315,CLN01,SRV08,MAS138,VET01,OPTIMIZACION_GEO_PLEB,COMPLETADA,23,62,50000,5000.0,45000.0,EFECTIVO,4,1,0,0
FACT00086,20250315,CLN04,SRV06,MAS062,VET06,RECEPCION_PRESENCIAL,CANCELADA,0,0,120000,0.0,0.0,NO_APLICA,,0,0,1
FACT00087,20250315,CLN02,SRV06,MAS018,VET03,OPTIMIZACION_GEO_PLEB,CANCELADA,0,0,120000,12000.0,0.0,NO_APLICA,,0,0,1
FACT00088,20250315,CLN05,SRV07,MAS121,VET08,RECEPCION_PRESENCIAL,COMPLETADA,16,63,150000,0.0,150000.0,EFECTIVO,4,1,0,0
FACT00089,20250315,CLN01,SRV04,MAS027,VET02,AGENTE_NOVA_CHATBOT,CANCELADA,0,0,220000,0.0,0.0,NO_APLICA,,0,0,1
FACT00090,20250315,CLN02,SRV06,MAS140,VET03,PORTAL_WEB,COMPLETADA,31,49,120000,0.0,120000.0,TRANSFERENCIA_NEQUI,1,1,0,0
FACT00091,20250316,CLN02,SRV02,MAS118,VET03,AGENTE_NOVA_CHATBOT,COMPLETADA,11,16,35000,0.0,35000.0,STRIPE_CARD,4,1,0,0
FACT00092,20250316,CLN03,SRV07,MAS140,VET05,AGENTE_NOVA_CHATBOT,COMPLETADA,6,75,150000,0.0,150000.0,EFECTIVO,5,1,0,0
FACT00093,20250316,CLN01,SRV05,MAS032,VET02,RECEPCION_PRESENCIAL,COMPLETADA,33,32,85000,0.0,85000.0,TRANSFERENCIA_NEQUI,4,1,0,0
FACT00094,20250316,CLN03,SRV08,MAS128,VET05,OPTIMIZACION_GEO_PLEB,COMPLETADA,13,57,50000,5000.0,45000.0,STRIPE_CARD,4,1,0,0
FACT00095,20250316,CLN04,SRV05,MAS083,VET06,PORTAL_WEB,COMPLETADA,15,29,85000,0.0,85000.0,TRANSFERENCIA_NEQUI,5,1,0,0
FACT00096,20250316,CLN02,SRV06,MAS115,VET04,AGENTE_NOVA_CHATBOT,COMPLETADA,24,48,120000,0.0,120000.0,STRIPE_CARD,5,1,0,0
FACT00097,20250316,CLN01,SRV06,MAS132,VET02,PORTAL_WEB,NO_ASISTIO,0,0,120000,0.0,0.0,NO_APLICA,,0,1,0
FACT00098,20250316,CLN01,SRV08,MAS009,VET01,PORTAL_WEB,COMPLETADA,12,75,50000,0.0,50000.0,TRANSFERENCIA_NEQUI,5,1,0,0
FACT00099,20250317,CLN01,SRV08,MAS095,VET01,RECEPCION_PRESENCIAL,COMPLETADA,29,57,50000,0.0,50000.0,EFECTIVO,4,1,0,0
FACT00100,20250317,CLN04,SRV05,MAS064,VET07,PORTAL_WEB,COMPLETADA,28,25,85000,0.0,85000.0,TRANSFERENCIA_NEQUI,5,1,0,0
FACT00101,20250317,CLN05,SRV05,MAS067,VET08,RECEPCION_PRESENCIAL,NO_ASISTIO,0,0,85000,0.0,0.0,NO_APLICA,,0,1,0
FACT00102,20250317,CLN02,SRV08,MAS052,VET04,PORTAL_WEB,COMPLETADA,32,57,50000,0.0,50000.0,TRANSFERENCIA_NEQUI,5,1,0,0
FACT00103,20250317,CLN01,SRV06,MAS017,VET02,OPTIMIZACION_GEO_PLEB,CANCELADA,0,0,120000,12000.0,0.0,NO_APLICA,,0,0,1
FACT00104,20250317,CLN03,SRV03,MAS045,VET05,OPTIMIZACION_GEO_PLEB,COMPLETADA,12,13,25000,2500.0,22500.0,STRIPE_CARD,1,1,0,0
FACT00105,20250317,CLN02,SRV01,MAS093,VET04,OPTIMIZACION_GEO_PLEB,CANCELADA,0,0,45000,4500.0,0.0,NO_APLICA,,0,0,1
FACT00106,20250318,CLN04,SRV02,MAS017,VET06,RECEPCION_PRESENCIAL,COMPLETADA,27,30,35000,0.0,35000.0,TRANSFERENCIA_NEQUI,4,1,0,0
FACT00107,20250318,CLN05,SRV03,MAS082,VET08,PORTAL_WEB,NO_ASISTIO,0,0,25000,0.0,0.0,NO_APLICA,,0,1,0
FACT00108,20250318,CLN04,SRV06,MAS033,VET07,OPTIMIZACION_GEO_PLEB,CANCELADA,0,0,120000,12000.0,0.0,NO_APLICA,,0,0,1
FACT00109,20250318,CLN02,SRV07,MAS129,VET03,PORTAL_WEB,COMPLETADA,21,59,150000,0.0,150000.0,STRIPE_CARD,5,1,0,0
FACT00110,20250318,CLN03,SRV06,MAS133,VET05,PORTAL_WEB,COMPLETADA,13,41,120000,0.0,120000.0,EFECTIVO,4,1,0,0
FACT00111,20250319,CLN06,SRV02,MAS129,VET10,PORTAL_WEB,NO_ASISTIO,0,0,35000,0.0,0.0,NO_APLICA,,0,1,0
FACT00112,20250319,CLN05,SRV03,MAS087,VET08,PORTAL_WEB,CANCELADA,0,0,25000,0.0,0.0,NO_APLICA,,0,0,1
FACT00113,20250319,CLN01,SRV01,MAS148,VET01,PORTAL_WEB,COMPLETADA,29,43,45000,0.0,45000.0,STRIPE_CARD,5,1,0,0
FACT00114,20250319,CLN04,SRV05,MAS124,VET07,RECEPCION_PRESENCIAL,COMPLETADA,14,34,85000,0.0,85000.0,STRIPE_CARD,5,1,0,0
FACT00115,20250320,CLN04,SRV08,MAS119,VET07,AGENTE_NOVA_CHATBOT,COMPLETADA,24,59,50000,0.0,50000.0,EFECTIVO,5,1,0,0
FACT00116,20250320,CLN06,SRV07,MAS034,VET10,OPTIMIZACION_GEO_PLEB,COMPLETADA,22,58,150000,15000.0,135000.0,TRANSFERENCIA_NEQUI,5,1,0,0
FACT00117,20250320,CLN01,SRV08,MAS064,VET02,PORTAL_WEB,COMPLETADA,6,64,50000,0.0,50000.0,TRANSFERENCIA_NEQUI,2,1,0,0
FACT00118,20250320,CLN02,SRV06,MAS148,VET03,AGENTE_NOVA_CHATBOT,NO_ASISTIO,0,0,120000,0.0,0.0,NO_APLICA,,0,1,0
FACT00119,20250321,CLN02,SRV08,MAS128,VET04,RECEPCION_PRESENCIAL,COMPLETADA,5,57,50000,0.0,50000.0,TRANSFERENCIA_NEQUI,2,1,0,0
FACT00120,20250321,CLN02,SRV06,MAS013,VET03,AGENTE_NOVA_CHATBOT,COMPLETADA,20,54,120000,0.0,120000.0,TRANSFERENCIA_NEQUI,3,1,0,0
FACT00121,20250321,CLN03,SRV02,MAS111,VET05,AGENTE_NOVA_CHATBOT,COMPLETADA,28,26,35000,0.0,35000.0,EFECTIVO,4,1,0,0
FACT00122,20250321,CLN01,SRV01,MAS146,VET02,PORTAL_WEB,CANCELADA,0,0,45000,0.0,0.0,NO_APLICA,,0,0,1
FACT00123,20250322,CLN05,SRV02,MAS099,VET08,RECEPCION_PRESENCIAL,CANCELADA,0,0,35000,0.0,0.0,NO_APLICA,,0,0,1
FACT00124,20250322,CLN05,SRV02,MAS033,VET08,RECEPCION_PRESENCIAL,COMPLETADA,16,25,35000,0.0,35000.0,EFECTIVO,4,1,0,0
FACT00125,20250322,CLN02,SRV07,MAS129,VET03,PORTAL_WEB,COMPLETADA,6,59,150000,0.0,150000.0,TRANSFERENCIA_NEQUI,4,1,0,0
FACT00126,20250322,CLN05,SRV03,MAS132,VET08,AGENTE_NOVA_CHATBOT,COMPLETADA,34,29,25000,0.0,25000.0,TRANSFERENCIA_NEQUI,5,1,0,0
FACT00127,20250322,CLN05,SRV06,MAS130,VET08,OPTIMIZACION_GEO_PLEB,CANCELADA,0,0,120000,12000.0,0.0,NO_APLICA,,0,0,1
FACT00128,20250323,CLN06,SRV08,MAS005,VET10,AGENTE_NOVA_CHATBOT,COMPLETADA,26,58,50000,0.0,50000.0,EFECTIVO,1,1,0,0
FACT00129,20250323,CLN06,SRV08,MAS068,VET09,OPTIMIZACION_GEO_PLEB,NO_ASISTIO,0,0,50000,5000.0,0.0,NO_APLICA,,0,1,0
FACT00130,20250323,CLN05,SRV01,MAS150,VET08,PORTAL_WEB,COMPLETADA,21,45,45000,0.0,45000.0,TRANSFERENCIA_NEQUI,4,1,0,0
FACT00131,20250323,CLN02,SRV01,MAS147,VET03,PORTAL_WEB,NO_ASISTIO,0,0,45000,0.0,0.0,NO_APLICA,,0,1,0
FACT00132,20250323,CLN02,SRV08,MAS081,VET03,PORTAL_WEB,COMPLETADA,18,61,50000,0.0,50000.0,TRANSFERENCIA_NEQUI,5,1,0,0
FACT00133,20250323,CLN06,SRV03,MAS133,VET09,OPTIMIZACION_GEO_PLEB,COMPLETADA,15,25,25000,2500.0,22500.0,EFECTIVO,4,1,0,0
FACT00134,20250324,CLN04,SRV06,MAS068,VET07,RECEPCION_PRESENCIAL,CANCELADA,0,0,120000,0.0,0.0,NO_APLICA,,0,0,1
FACT00135,20250324,CLN02,SRV05,MAS143,VET03,PORTAL_WEB,COMPLETADA,35,29,85000,0.0,85000.0,STRIPE_CARD,4,1,0,0
FACT00136,20250324,CLN06,SRV06,MAS123,VET10,OPTIMIZACION_GEO_PLEB,COMPLETADA,34,43,120000,12000.0,108000.0,TRANSFERENCIA_NEQUI,5,1,0,0
FACT00137,20250324,CLN04,SRV03,MAS075,VET07,AGENTE_NOVA_CHATBOT,COMPLETADA,35,12,25000,0.0,25000.0,TRANSFERENCIA_NEQUI,5,1,0,0
FACT00138,20250325,CLN03,SRV04,MAS052,VET05,AGENTE_NOVA_CHATBOT,CANCELADA,0,0,220000,0.0,0.0,NO_APLICA,,0,0,1
FACT00139,20250325,CLN05,SRV03,MAS028,VET08,OPTIMIZACION_GEO_PLEB,CANCELADA,0,0,25000,2500.0,0.0,NO_APLICA,,0,0,1
FACT00140,20250325,CLN02,SRV01,MAS136,VET03,PORTAL_WEB,COMPLETADA,6,28,45000,0.0,45000.0,TRANSFERENCIA_NEQUI,5,1,0,0
FACT00141,20250325,CLN01,SRV01,MAS141,VET01,RECEPCION_PRESENCIAL,COMPLETADA,25,40,45000,0.0,45000.0,STRIPE_CARD,5,1,0,0
FACT00142,20250325,CLN03,SRV05,MAS016,VET05,OPTIMIZACION_GEO_PLEB,COMPLETADA,12,37,85000,8500.0,76500.0,STRIPE_CARD,4,1,0,0
FACT00143,20250325,CLN02,SRV03,MAS010,VET04,RECEPCION_PRESENCIAL,COMPLETADA,10,19,25000,0.0,25000.0,STRIPE_CARD,3,1,0,0
FACT00144,20250325,CLN03,SRV06,MAS073,VET05,OPTIMIZACION_GEO_PLEB,COMPLETADA,21,50,120000,12000.0,108000.0,STRIPE_CARD,3,1,0,0
FACT00145,20250325,CLN05,SRV05,MAS050,VET08,AGENTE_NOVA_CHATBOT,COMPLETADA,10,34,85000,0.0,85000.0,STRIPE_CARD,4,1,0,0
FACT00146,20250326,CLN06,SRV05,MAS146,VET10,PORTAL_WEB,NO_ASISTIO,0,0,85000,0.0,0.0,NO_APLICA,,0,1,0
FACT00147,20250326,CLN02,SRV07,MAS132,VET04,PORTAL_WEB,COMPLETADA,17,58,150000,0.0,150000.0,STRIPE_CARD,5,1,0,0
FACT00148,20250326,CLN04,SRV04,MAS002,VET07,RECEPCION_PRESENCIAL,COMPLETADA,12,99,220000,0.0,220000.0,EFECTIVO,4,1,0,0
FACT00149,20250327,CLN05,SRV05,MAS093,VET08,PORTAL_WEB,NO_ASISTIO,0,0,85000,0.0,0.0,NO_APLICA,,0,1,0
FACT00150,20250327,CLN01,SRV08,MAS079,VET01,RECEPCION_PRESENCIAL,COMPLETADA,26,71,50000,0.0,50000.0,EFECTIVO,2,1,0,0
FACT00151,20250327,CLN06,SRV05,MAS095,VET09,PORTAL_WEB,CANCELADA,0,0,85000,0.0,0.0,NO_APLICA,,0,0,1
FACT00152,20250327,CLN02,SRV08,MAS040,VET03,OPTIMIZACION_GEO_PLEB,COMPLETADA,16,68,50000,5000.0,45000.0,TRANSFERENCIA_NEQUI,4,1,0,0
FACT00153,20250327,CLN05,SRV04,MAS021,VET08,RECEPCION_PRESENCIAL,CANCELADA,0,0,220000,0.0,0.0,NO_APLICA,,0,0,1
FACT00154,20250328,CLN06,SRV02,MAS145,VET10,PORTAL_WEB,COMPLETADA,31,32,35000,0.0,35000.0,STRIPE_CARD,3,1,0,0
FACT00155,20250328,CLN05,SRV03,MAS084,VET08,RECEPCION_PRESENCIAL,CANCELADA,0,0,25000,0.0,0.0,NO_APLICA,,0,0,1
FACT00156,20250328,CLN01,SRV08,MAS024,VET01,RECEPCION_PRESENCIAL,CANCELADA,0,0,50000,0.0,0.0,NO_APLICA,,0,0,1
FACT00157,20250328,CLN01,SRV03,MAS132,VET02,RECEPCION_PRESENCIAL,COMPLETADA,23,11,25000,0.0,25000.0,EFECTIVO,4,1,0,0
FACT00158,20250328,CLN06,SRV07,MAS066,VET09,PORTAL_WEB,COMPLETADA,23,57,150000,0.0,150000.0,EFECTIVO,5,1,0,0
FACT00159,20250328,CLN06,SRV01,MAS018,VET09,PORTAL_WEB,COMPLETADA,14,38,45000,0.0,45000.0,STRIPE_CARD,5,1,0,0
FACT00160,20250328,CLN06,SRV06,MAS098,VET10,RECEPCION_PRESENCIAL,COMPLETADA,17,37,120000,0.0,120000.0,STRIPE_CARD,4,1,0,0
FACT00161,20250329,CLN03,SRV03,MAS138,VET05,OPTIMIZACION_GEO_PLEB,COMPLETADA,9,17,25000,2500.0,22500.0,STRIPE_CARD,3,1,0,0
FACT00162,20250329,CLN03,SRV07,MAS137,VET05,PORTAL_WEB,COMPLETADA,12,69,150000,0.0,150000.0,EFECTIVO,5,1,0,0
FACT00163,20250329,CLN02,SRV01,MAS108,VET03,PORTAL_WEB,CANCELADA,0,0,45000,0.0,0.0,NO_APLICA,,0,0,1
FACT00164,20250329,CLN02,SRV02,MAS026,VET03,PORTAL_WEB,CANCELADA,0,0,35000,0.0,0.0,NO_APLICA,,0,0,1
FACT00165,20250329,CLN04,SRV04,MAS012,VET06,RECEPCION_PRESENCIAL,COMPLETADA,12,102,220000,0.0,220000.0,STRIPE_CARD,5,1,0,0
FACT00166,20250329,CLN02,SRV04,MAS148,VET04,OPTIMIZACION_GEO_PLEB,COMPLETADA,24,95,220000,22000.0,198000.0,STRIPE_CARD,5,1,0,0
FACT00167,20250329,CLN06,SRV07,MAS077,VET09,PORTAL_WEB,COMPLETADA,22,73,150000,0.0,150000.0,STRIPE_CARD,3,1,0,0
FACT00168,20250329,CLN06,SRV08,MAS013,VET10,RECEPCION_PRESENCIAL,COMPLETADA,30,71,50000,0.0,50000.0,TRANSFERENCIA_NEQUI,5,1,0,0
FACT00169,20250330,CLN02,SRV07,MAS048,VET04,RECEPCION_PRESENCIAL,CANCELADA,0,0,150000,0.0,0.0,NO_APLICA,,0,0,1
FACT00170,20250330,CLN02,SRV05,MAS037,VET03,PORTAL_WEB,COMPLETADA,22,33,85000,0.0,85000.0,STRIPE_CARD,2,1,0,0
FACT00171,20250330,CLN04,SRV05,MAS053,VET06,PORTAL_WEB,COMPLETADA,34,34,85000,0.0,85000.0,STRIPE_CARD,3,1,0,0
FACT00172,20250330,CLN05,SRV01,MAS069,VET08,OPTIMIZACION_GEO_PLEB,COMPLETADA,24,26,45000,4500.0,40500.0,STRIPE_CARD,3,1,0,0
FACT00173,20250330,CLN05,SRV08,MAS054,VET08,AGENTE_NOVA_CHATBOT,COMPLETADA,35,55,50000,0.0,50000.0,STRIPE_CARD,5,1,0,0
FACT00174,20250330,CLN06,SRV08,MAS063,VET09,OPTIMIZACION_GEO_PLEB,NO_ASISTIO,0,0,50000,5000.0,0.0,NO_APLICA,,0,1,0
FACT00175,20250331,CLN02,SRV04,MAS142,VET04,AGENTE_NOVA_CHATBOT,COMPLETADA,17,99,220000,0.0,220000.0,EFECTIVO,4,1,0,0
FACT00176,20250331,CLN03,SRV06,MAS132,VET05,RECEPCION_PRESENCIAL,COMPLETADA,8,50,120000,0.0,120000.0,EFECTIVO,4,1,0,0
FACT00177,20250331,CLN02,SRV06,MAS106,VET04,OPTIMIZACION_GEO_PLEB,COMPLETADA,32,42,120000,12000.0,108000.0,STRIPE_CARD,4,1,0,0
FACT00178,20250331,CLN03,SRV05,MAS040,VET05,AGENTE_NOVA_CHATBOT,COMPLETADA,12,32,85000,0.0,85000.0,STRIPE_CARD,4,1,0,0
FACT00179,20250331,CLN04,SRV05,MAS126,VET07,RECEPCION_PRESENCIAL,NO_ASISTIO,0,0,85000,0.0,0.0,NO_APLICA,,0,1,0
FACT00180,20250331,CLN04,SRV06,MAS044,VET06,OPTIMIZACION_GEO_PLEB,COMPLETADA,20,40,120000,12000.0,108000.0,STRIPE_CARD,3,1,0,0
FACT00181,20250331,CLN05,SRV02,MAS013,VET08,RECEPCION_PRESENCIAL,COMPLETADA,9,35,35000,0.0,35000.0,STRIPE_CARD,5,1,0,0
FACT00182,20250331,CLN01,SRV08,MAS096,VET01,OPTIMIZACION_GEO_PLEB,COMPLETADA,25,74,50000,5000.0,45000.0,TRANSFERENCIA_NEQUI,3,1,0,0
FACT00183,20250401,CLN01,SRV01,MAS005,VET02,AGENTE_NOVA_CHATBOT,CANCELADA,0,0,45000,0.0,0.0,NO_APLICA,,0,0,1
FACT00184,20250401,CLN05,SRV01,MAS129,VET08,RECEPCION_PRESENCIAL,NO_ASISTIO,0,0,45000,0.0,0.0,NO_APLICA,,0,1,0
FACT00185,20250401,CLN02,SRV02,MAS135,VET03,PORTAL_WEB,COMPLETADA,11,34,35000,0.0,35000.0,EFECTIVO,4,1,0,0
FACT00186,20250402,CLN04,SRV06,MAS104,VET06,OPTIMIZACION_GEO_PLEB,COMPLETADA,12,42,120000,12000.0,108000.0,STRIPE_CARD,5,1,0,0
FACT00187,20250402,CLN06,SRV02,MAS104,VET09,RECEPCION_PRESENCIAL,COMPLETADA,22,30,35000,0.0,35000.0,STRIPE_CARD,5,1,0,0
FACT00188,20250402,CLN06,SRV02,MAS128,VET09,AGENTE_NOVA_CHATBOT,COMPLETADA,23,18,35000,0.0,35000.0,STRIPE_CARD,3,1,0,0
FACT00189,20250402,CLN02,SRV08,MAS070,VET03,PORTAL_WEB,COMPLETADA,26,63,50000,0.0,50000.0,STRIPE_CARD,3,1,0,0
FACT00190,20250402,CLN02,SRV01,MAS054,VET04,PORTAL_WEB,CANCELADA,0,0,45000,0.0,0.0,NO_APLICA,,0,0,1
FACT00191,20250403,CLN06,SRV02,MAS077,VET10,OPTIMIZACION_GEO_PLEB,COMPLETADA,12,33,35000,3500.0,31500.0,TRANSFERENCIA_NEQUI,3,1,0,0
FACT00192,20250403,CLN06,SRV07,MAS036,VET10,PORTAL_WEB,NO_ASISTIO,0,0,150000,0.0,0.0,NO_APLICA,,0,1,0
FACT00193,20250403,CLN05,SRV01,MAS026,VET08,PORTAL_WEB,COMPLETADA,31,27,45000,0.0,45000.0,TRANSFERENCIA_NEQUI,5,1,0,0
FACT00194,20250403,CLN03,SRV05,MAS116,VET05,PORTAL_WEB,COMPLETADA,16,37,85000,0.0,85000.0,TRANSFERENCIA_NEQUI,2,1,0,0
FACT00195,20250403,CLN02,SRV02,MAS076,VET04,PORTAL_WEB,COMPLETADA,7,23,35000,0.0,35000.0,STRIPE_CARD,5,1,0,0
FACT00196,20250403,CLN06,SRV06,MAS093,VET10,PORTAL_WEB,COMPLETADA,5,44,120000,0.0,120000.0,EFECTIVO,5,1,0,0
FACT00197,20250403,CLN01,SRV02,MAS048,VET01,RECEPCION_PRESENCIAL,COMPLETADA,22,32,35000,0.0,35000.0,STRIPE_CARD,4,1,0,0
FACT00198,20250403,CLN01,SRV06,MAS142,VET01,OPTIMIZACION_GEO_PLEB,COMPLETADA,24,45,120000,12000.0,108000.0,STRIPE_CARD,3,1,0,0
FACT00199,20250403,CLN03,SRV07,MAS022,VET05,OPTIMIZACION_GEO_PLEB,NO_ASISTIO,0,0,150000,15000.0,0.0,NO_APLICA,,0,1,0
FACT00200,20250404,CLN05,SRV07,MAS044,VET08,AGENTE_NOVA_CHATBOT,COMPLETADA,14,63,150000,0.0,150000.0,STRIPE_CARD,5,1,0,0
FACT00201,20250404,CLN02,SRV05,MAS108,VET04,RECEPCION_PRESENCIAL,COMPLETADA,30,22,85000,0.0,85000.0,STRIPE_CARD,5,1,0,0
FACT00202,20250404,CLN06,SRV04,MAS118,VET10,PORTAL_WEB,COMPLETADA,14,85,220000,0.0,220000.0,EFECTIVO,2,1,0,0
FACT00203,20250404,CLN05,SRV06,MAS113,VET08,RECEPCION_PRESENCIAL,COMPLETADA,31,55,120000,0.0,120000.0,STRIPE_CARD,1,1,0,0
FACT00204,20250405,CLN03,SRV08,MAS081,VET05,RECEPCION_PRESENCIAL,COMPLETADA,35,65,50000,0.0,50000.0,TRANSFERENCIA_NEQUI,5,1,0,0
FACT00205,20250405,CLN05,SRV06,MAS097,VET08,RECEPCION_PRESENCIAL,COMPLETADA,16,38,120000,0.0,120000.0,STRIPE_CARD,2,1,0,0
FACT00206,20250405,CLN05,SRV01,MAS119,VET08,PORTAL_WEB,NO_ASISTIO,0,0,45000,0.0,0.0,NO_APLICA,,0,1,0
FACT00207,20250405,CLN04,SRV02,MAS105,VET07,RECEPCION_PRESENCIAL,NO_ASISTIO,0,0,35000,0.0,0.0,NO_APLICA,,0,1,0
FACT00208,20250405,CLN02,SRV04,MAS065,VET04,PORTAL_WEB,NO_ASISTIO,0,0,220000,0.0,0.0,NO_APLICA,,0,1,0
FACT00209,20250406,CLN04,SRV02,MAS115,VET07,RECEPCION_PRESENCIAL,CANCELADA,0,0,35000,0.0,0.0,NO_APLICA,,0,0,1
FACT00210,20250406,CLN05,SRV07,MAS140,VET08,AGENTE_NOVA_CHATBOT,COMPLETADA,27,72,150000,0.0,150000.0,STRIPE_CARD,4,1,0,0
FACT00211,20250406,CLN01,SRV06,MAS043,VET01,OPTIMIZACION_GEO_PLEB,NO_ASISTIO,0,0,120000,12000.0,0.0,NO_APLICA,,0,1,0
FACT00212,20250406,CLN01,SRV06,MAS111,VET02,PORTAL_WEB,COMPLETADA,8,43,120000,0.0,120000.0,STRIPE_CARD,5,1,0,0
FACT00213,20250406,CLN04,SRV07,MAS119,VET07,OPTIMIZACION_GEO_PLEB,NO_ASISTIO,0,0,150000,15000.0,0.0,NO_APLICA,,0,1,0
FACT00214,20250406,CLN06,SRV06,MAS007,VET09,PORTAL_WEB,COMPLETADA,14,48,120000,0.0,120000.0,STRIPE_CARD,2,1,0,0
FACT00215,20250406,CLN01,SRV06,MAS080,VET01,RECEPCION_PRESENCIAL,COMPLETADA,30,41,120000,0.0,120000.0,EFECTIVO,4,1,0,0
FACT00216,20250406,CLN04,SRV08,MAS116,VET06,PORTAL_WEB,COMPLETADA,14,56,50000,0.0,50000.0,STRIPE_CARD,3,1,0,0
FACT00217,20250407,CLN03,SRV03,MAS063,VET05,PORTAL_WEB,CANCELADA,0,0,25000,0.0,0.0,NO_APLICA,,0,0,1
FACT00218,20250407,CLN05,SRV06,MAS144,VET08,RECEPCION_PRESENCIAL,COMPLETADA,12,47,120000,0.0,120000.0,STRIPE_CARD,4,1,0,0
FACT00219,20250407,CLN06,SRV07,MAS008,VET10,OPTIMIZACION_GEO_PLEB,NO_ASISTIO,0,0,150000,15000.0,0.0,NO_APLICA,,0,1,0
FACT00220,20250408,CLN04,SRV07,MAS002,VET07,PORTAL_WEB,NO_ASISTIO,0,0,150000,0.0,0.0,NO_APLICA,,0,1,0
FACT00221,20250408,CLN02,SRV02,MAS148,VET04,OPTIMIZACION_GEO_PLEB,COMPLETADA,10,26,35000,3500.0,31500.0,TRANSFERENCIA_NEQUI,5,1,0,0
FACT00222,20250408,CLN01,SRV08,MAS136,VET02,AGENTE_NOVA_CHATBOT,NO_ASISTIO,0,0,50000,0.0,0.0,NO_APLICA,,0,1,0
FACT00223,20250408,CLN05,SRV07,MAS030,VET08,AGENTE_NOVA_CHATBOT,COMPLETADA,32,69,150000,0.0,150000.0,EFECTIVO,4,1,0,0
FACT00224,20250409,CLN05,SRV03,MAS081,VET08,PORTAL_WEB,COMPLETADA,14,13,25000,0.0,25000.0,STRIPE_CARD,5,1,0,0
FACT00225,20250409,CLN05,SRV07,MAS036,VET08,RECEPCION_PRESENCIAL,CANCELADA,0,0,150000,0.0,0.0,NO_APLICA,,0,0,1
FACT00226,20250409,CLN04,SRV08,MAS138,VET06,PORTAL_WEB,NO_ASISTIO,0,0,50000,0.0,0.0,NO_APLICA,,0,1,0
FACT00227,20250409,CLN05,SRV08,MAS074,VET08,PORTAL_WEB,COMPLETADA,15,69,50000,0.0,50000.0,EFECTIVO,4,1,0,0
FACT00228,20250409,CLN01,SRV03,MAS050,VET02,OPTIMIZACION_GEO_PLEB,COMPLETADA,21,30,25000,2500.0,22500.0,TRANSFERENCIA_NEQUI,5,1,0,0
FACT00229,20250409,CLN04,SRV08,MAS043,VET07,OPTIMIZACION_GEO_PLEB,COMPLETADA,5,62,50000,5000.0,45000.0,EFECTIVO,5,1,0,0
FACT00230,20250409,CLN02,SRV03,MAS118,VET04,RECEPCION_PRESENCIAL,CANCELADA,0,0,25000,0.0,0.0,NO_APLICA,,0,0,1
FACT00231,20250410,CLN05,SRV02,MAS069,VET08,AGENTE_NOVA_CHATBOT,CANCELADA,0,0,35000,0.0,0.0,NO_APLICA,,0,0,1
FACT00232,20250410,CLN05,SRV08,MAS140,VET08,RECEPCION_PRESENCIAL,COMPLETADA,8,75,50000,0.0,50000.0,EFECTIVO,4,1,0,0
FACT00233,20250410,CLN01,SRV05,MAS090,VET02,RECEPCION_PRESENCIAL,COMPLETADA,32,23,85000,0.0,85000.0,STRIPE_CARD,4,1,0,0
FACT00234,20250410,CLN02,SRV07,MAS043,VET04,PORTAL_WEB,CANCELADA,0,0,150000,0.0,0.0,NO_APLICA,,0,0,1
FACT00235,20250410,CLN02,SRV01,MAS146,VET03,OPTIMIZACION_GEO_PLEB,COMPLETADA,13,44,45000,4500.0,40500.0,EFECTIVO,4,1,0,0
FACT00236,20250410,CLN06,SRV05,MAS147,VET10,OPTIMIZACION_GEO_PLEB,COMPLETADA,33,23,85000,8500.0,76500.0,TRANSFERENCIA_NEQUI,5,1,0,0
FACT00237,20250410,CLN01,SRV03,MAS034,VET02,PORTAL_WEB,COMPLETADA,27,20,25000,0.0,25000.0,TRANSFERENCIA_NEQUI,3,1,0,0
FACT00238,20250411,CLN02,SRV07,MAS097,VET04,PORTAL_WEB,COMPLETADA,25,57,150000,0.0,150000.0,EFECTIVO,5,1,0,0
FACT00239,20250411,CLN06,SRV08,MAS125,VET10,OPTIMIZACION_GEO_PLEB,COMPLETADA,5,57,50000,5000.0,45000.0,TRANSFERENCIA_NEQUI,4,1,0,0
FACT00240,20250411,CLN06,SRV02,MAS137,VET10,PORTAL_WEB,COMPLETADA,35,28,35000,0.0,35000.0,TRANSFERENCIA_NEQUI,3,1,0,0
FACT00241,20250411,CLN03,SRV05,MAS087,VET05,OPTIMIZACION_GEO_PLEB,CANCELADA,0,0,85000,8500.0,0.0,NO_APLICA,,0,0,1
FACT00242,20250411,CLN02,SRV06,MAS013,VET04,PORTAL_WEB,COMPLETADA,25,49,120000,0.0,120000.0,STRIPE_CARD,5,1,0,0
FACT00243,20250411,CLN04,SRV01,MAS110,VET07,PORTAL_WEB,COMPLETADA,33,45,45000,0.0,45000.0,EFECTIVO,5,1,0,0
FACT00244,20250412,CLN06,SRV05,MAS022,VET10,PORTAL_WEB,COMPLETADA,6,32,85000,0.0,85000.0,STRIPE_CARD,4,1,0,0
FACT00245,20250412,CLN04,SRV02,MAS001,VET06,RECEPCION_PRESENCIAL,COMPLETADA,7,19,35000,0.0,35000.0,TRANSFERENCIA_NEQUI,4,1,0,0
FACT00246,20250412,CLN01,SRV06,MAS031,VET01,PORTAL_WEB,COMPLETADA,20,37,120000,0.0,120000.0,STRIPE_CARD,5,1,0,0
FACT00247,20250413,CLN01,SRV06,MAS095,VET01,PORTAL_WEB,COMPLETADA,17,39,120000,0.0,120000.0,STRIPE_CARD,4,1,0,0
FACT00248,20250413,CLN01,SRV03,MAS113,VET01,PORTAL_WEB,COMPLETADA,25,14,25000,0.0,25000.0,TRANSFERENCIA_NEQUI,3,1,0,0
FACT00249,20250413,CLN02,SRV02,MAS036,VET03,OPTIMIZACION_GEO_PLEB,COMPLETADA,28,27,35000,3500.0,31500.0,TRANSFERENCIA_NEQUI,5,1,0,0
FACT00250,20250413,CLN03,SRV04,MAS071,VET05,PORTAL_WEB,NO_ASISTIO,0,0,220000,0.0,0.0,NO_APLICA,,0,1,0
FACT00251,20250413,CLN02,SRV01,MAS078,VET04,OPTIMIZACION_GEO_PLEB,COMPLETADA,24,41,45000,4500.0,40500.0,TRANSFERENCIA_NEQUI,5,1,0,0
FACT00252,20250413,CLN03,SRV04,MAS127,VET05,PORTAL_WEB,COMPLETADA,12,100,220000,0.0,220000.0,STRIPE_CARD,4,1,0,0
FACT00253,20250413,CLN05,SRV06,MAS082,VET08,RECEPCION_PRESENCIAL,COMPLETADA,32,53,120000,0.0,120000.0,STRIPE_CARD,5,1,0,0
FACT00254,20250413,CLN04,SRV01,MAS018,VET06,AGENTE_NOVA_CHATBOT,COMPLETADA,11,26,45000,0.0,45000.0,TRANSFERENCIA_NEQUI,2,1,0,0
FACT00255,20250414,CLN03,SRV07,MAS103,VET05,OPTIMIZACION_GEO_PLEB,COMPLETADA,22,74,150000,15000.0,135000.0,STRIPE_CARD,5,1,0,0
FACT00256,20250414,CLN03,SRV04,MAS040,VET05,AGENTE_NOVA_CHATBOT,CANCELADA,0,0,220000,0.0,0.0,NO_APLICA,,0,0,1
FACT00257,20250414,CLN04,SRV05,MAS112,VET06,PORTAL_WEB,NO_ASISTIO,0,0,85000,0.0,0.0,NO_APLICA,,0,1,0
FACT00258,20250414,CLN01,SRV02,MAS112,VET01,RECEPCION_PRESENCIAL,COMPLETADA,24,34,35000,0.0,35000.0,STRIPE_CARD,5,1,0,0
FACT00259,20250414,CLN01,SRV03,MAS003,VET01,RECEPCION_PRESENCIAL,COMPLETADA,35,21,25000,0.0,25000.0,EFECTIVO,4,1,0,0
FACT00260,20250414,CLN02,SRV03,MAS069,VET04,PORTAL_WEB,NO_ASISTIO,0,0,25000,0.0,0.0,NO_APLICA,,0,1,0
FACT00261,20250414,CLN01,SRV07,MAS070,VET02,PORTAL_WEB,CANCELADA,0,0,150000,0.0,0.0,NO_APLICA,,0,0,1
FACT00262,20250415,CLN06,SRV08,MAS117,VET09,AGENTE_NOVA_CHATBOT,CANCELADA,0,0,50000,0.0,0.0,NO_APLICA,,0,0,1
FACT00263,20250415,CLN01,SRV03,MAS095,VET02,AGENTE_NOVA_CHATBOT,COMPLETADA,29,13,25000,0.0,25000.0,STRIPE_CARD,3,1,0,0
FACT00264,20250415,CLN02,SRV01,MAS004,VET03,PORTAL_WEB,COMPLETADA,20,36,45000,0.0,45000.0,STRIPE_CARD,5,1,0,0
FACT00265,20250415,CLN02,SRV07,MAS058,VET03,PORTAL_WEB,COMPLETADA,18,65,150000,0.0,150000.0,STRIPE_CARD,5,1,0,0
FACT00266,20250415,CLN05,SRV02,MAS129,VET08,PORTAL_WEB,NO_ASISTIO,0,0,35000,0.0,0.0,NO_APLICA,,0,1,0
FACT00267,20250416,CLN02,SRV07,MAS018,VET03,AGENTE_NOVA_CHATBOT,COMPLETADA,29,64,150000,0.0,150000.0,TRANSFERENCIA_NEQUI,5,1,0,0
FACT00268,20250416,CLN01,SRV04,MAS075,VET02,AGENTE_NOVA_CHATBOT,CANCELADA,0,0,220000,0.0,0.0,NO_APLICA,,0,0,1
FACT00269,20250416,CLN06,SRV08,MAS095,VET09,RECEPCION_PRESENCIAL,CANCELADA,0,0,50000,0.0,0.0,NO_APLICA,,0,0,1
FACT00270,20250416,CLN02,SRV03,MAS002,VET03,PORTAL_WEB,COMPLETADA,12,27,25000,0.0,25000.0,STRIPE_CARD,5,1,0,0
FACT00271,20250417,CLN01,SRV05,MAS027,VET02,OPTIMIZACION_GEO_PLEB,COMPLETADA,12,33,85000,8500.0,76500.0,STRIPE_CARD,5,1,0,0
FACT00272,20250417,CLN02,SRV02,MAS012,VET04,OPTIMIZACION_GEO_PLEB,COMPLETADA,18,26,35000,3500.0,31500.0,STRIPE_CARD,5,1,0,0
FACT00273,20250417,CLN05,SRV03,MAS101,VET08,OPTIMIZACION_GEO_PLEB,COMPLETADA,23,11,25000,2500.0,22500.0,STRIPE_CARD,5,1,0,0
FACT00274,20250417,CLN02,SRV05,MAS081,VET04,AGENTE_NOVA_CHATBOT,COMPLETADA,15,34,85000,0.0,85000.0,STRIPE_CARD,5,1,0,0
FACT00275,20250417,CLN02,SRV02,MAS040,VET03,PORTAL_WEB,COMPLETADA,19,29,35000,0.0,35000.0,STRIPE_CARD,5,1,0,0
FACT00276,20250418,CLN03,SRV08,MAS079,VET05,AGENTE_NOVA_CHATBOT,COMPLETADA,32,58,50000,0.0,50000.0,EFECTIVO,5,1,0,0
FACT00277,20250418,CLN06,SRV04,MAS084,VET09,PORTAL_WEB,COMPLETADA,27,92,220000,0.0,220000.0,TRANSFERENCIA_NEQUI,2,1,0,0
FACT00278,20250418,CLN05,SRV05,MAS067,VET08,PORTAL_WEB,COMPLETADA,35,32,85000,0.0,85000.0,STRIPE_CARD,3,1,0,0
FACT00279,20250418,CLN01,SRV02,MAS036,VET02,PORTAL_WEB,COMPLETADA,6,22,35000,0.0,35000.0,TRANSFERENCIA_NEQUI,5,1,0,0
FACT00280,20250418,CLN03,SRV05,MAS020,VET05,PORTAL_WEB,COMPLETADA,11,40,85000,0.0,85000.0,STRIPE_CARD,5,1,0,0
FACT00281,20250418,CLN01,SRV02,MAS011,VET02,PORTAL_WEB,COMPLETADA,10,33,35000,0.0,35000.0,TRANSFERENCIA_NEQUI,5,1,0,0
FACT00282,20250418,CLN04,SRV07,MAS110,VET06,AGENTE_NOVA_CHATBOT,COMPLETADA,11,60,150000,0.0,150000.0,TRANSFERENCIA_NEQUI,5,1,0,0
FACT00283,20250419,CLN01,SRV05,MAS128,VET01,OPTIMIZACION_GEO_PLEB,COMPLETADA,20,21,85000,8500.0,76500.0,TRANSFERENCIA_NEQUI,5,1,0,0
FACT00284,20250419,CLN02,SRV04,MAS135,VET04,OPTIMIZACION_GEO_PLEB,COMPLETADA,30,85,220000,22000.0,198000.0,EFECTIVO,1,1,0,0
FACT00285,20250419,CLN04,SRV06,MAS145,VET07,AGENTE_NOVA_CHATBOT,CANCELADA,0,0,120000,0.0,0.0,NO_APLICA,,0,0,1
FACT00286,20250419,CLN04,SRV03,MAS007,VET07,OPTIMIZACION_GEO_PLEB,COMPLETADA,12,10,25000,2500.0,22500.0,EFECTIVO,3,1,0,0
FACT00287,20250420,CLN04,SRV04,MAS041,VET07,PORTAL_WEB,COMPLETADA,26,92,220000,0.0,220000.0,STRIPE_CARD,5,1,0,0
FACT00288,20250420,CLN02,SRV06,MAS045,VET04,PORTAL_WEB,COMPLETADA,23,45,120000,0.0,120000.0,EFECTIVO,3,1,0,0
FACT00289,20250420,CLN05,SRV06,MAS146,VET08,PORTAL_WEB,CANCELADA,0,0,120000,0.0,0.0,NO_APLICA,,0,0,1
FACT00290,20250421,CLN02,SRV05,MAS045,VET04,PORTAL_WEB,COMPLETADA,7,21,85000,0.0,85000.0,STRIPE_CARD,5,1,0,0
FACT00291,20250421,CLN01,SRV01,MAS085,VET02,PORTAL_WEB,CANCELADA,0,0,45000,0.0,0.0,NO_APLICA,,0,0,1
FACT00292,20250421,CLN02,SRV03,MAS083,VET04,PORTAL_WEB,COMPLETADA,9,28,25000,0.0,25000.0,STRIPE_CARD,4,1,0,0
FACT00293,20250421,CLN01,SRV02,MAS096,VET02,RECEPCION_PRESENCIAL,NO_ASISTIO,0,0,35000,0.0,0.0,NO_APLICA,,0,1,0
FACT00294,20250421,CLN05,SRV06,MAS078,VET08,PORTAL_WEB,COMPLETADA,10,48,120000,0.0,120000.0,TRANSFERENCIA_NEQUI,4,1,0,0
FACT00295,20250421,CLN06,SRV03,MAS144,VET10,OPTIMIZACION_GEO_PLEB,NO_ASISTIO,0,0,25000,2500.0,0.0,NO_APLICA,,0,1,0
FACT00296,20250421,CLN03,SRV03,MAS097,VET05,AGENTE_NOVA_CHATBOT,COMPLETADA,9,15,25000,0.0,25000.0,TRANSFERENCIA_NEQUI,4,1,0,0
FACT00297,20250422,CLN05,SRV03,MAS082,VET08,PORTAL_WEB,CANCELADA,0,0,25000,0.0,0.0,NO_APLICA,,0,0,1
FACT00298,20250422,CLN06,SRV08,MAS037,VET09,PORTAL_WEB,COMPLETADA,12,66,50000,0.0,50000.0,STRIPE_CARD,1,1,0,0
FACT00299,20250422,CLN06,SRV06,MAS115,VET09,AGENTE_NOVA_CHATBOT,COMPLETADA,11,42,120000,0.0,120000.0,EFECTIVO,4,1,0,0
FACT00300,20250422,CLN03,SRV01,MAS013,VET05,RECEPCION_PRESENCIAL,COMPLETADA,28,38,45000,0.0,45000.0,TRANSFERENCIA_NEQUI,2,1,0,0
FACT00301,20250422,CLN04,SRV06,MAS140,VET07,PORTAL_WEB,COMPLETADA,31,50,120000,0.0,120000.0,STRIPE_CARD,4,1,0,0
FACT00302,20250422,CLN02,SRV02,MAS009,VET04,PORTAL_WEB,COMPLETADA,15,23,35000,0.0,35000.0,STRIPE_CARD,2,1,0,0
FACT00303,20250422,CLN03,SRV07,MAS042,VET05,PORTAL_WEB,NO_ASISTIO,0,0,150000,0.0,0.0,NO_APLICA,,0,1,0
FACT00304,20250422,CLN05,SRV06,MAS124,VET08,PORTAL_WEB,NO_ASISTIO,0,0,120000,0.0,0.0,NO_APLICA,,0,1,0
FACT00305,20250422,CLN04,SRV07,MAS041,VET06,PORTAL_WEB,COMPLETADA,15,61,150000,0.0,150000.0,TRANSFERENCIA_NEQUI,1,1,0,0
FACT00306,20250423,CLN05,SRV05,MAS077,VET08,PORTAL_WEB,COMPLETADA,6,32,85000,0.0,85000.0,TRANSFERENCIA_NEQUI,4,1,0,0
FACT00307,20250423,CLN02,SRV06,MAS001,VET03,PORTAL_WEB,COMPLETADA,14,55,120000,0.0,120000.0,STRIPE_CARD,4,1,0,0
FACT00308,20250423,CLN01,SRV04,MAS044,VET01,AGENTE_NOVA_CHATBOT,NO_ASISTIO,0,0,220000,0.0,0.0,NO_APLICA,,0,1,0
FACT00309,20250423,CLN01,SRV02,MAS079,VET02,RECEPCION_PRESENCIAL,COMPLETADA,20,23,35000,0.0,35000.0,TRANSFERENCIA_NEQUI,5,1,0,0
FACT00310,20250423,CLN02,SRV07,MAS095,VET04,RECEPCION_PRESENCIAL,COMPLETADA,6,63,150000,0.0,150000.0,EFECTIVO,5,1,0,0
FACT00311,20250423,CLN02,SRV01,MAS039,VET04,PORTAL_WEB,NO_ASISTIO,0,0,45000,0.0,0.0,NO_APLICA,,0,1,0
FACT00312,20250423,CLN01,SRV07,MAS059,VET02,PORTAL_WEB,CANCELADA,0,0,150000,0.0,0.0,NO_APLICA,,0,0,1
FACT00313,20250423,CLN04,SRV08,MAS147,VET07,RECEPCION_PRESENCIAL,COMPLETADA,14,57,50000,0.0,50000.0,STRIPE_CARD,5,1,0,0
FACT00314,20250424,CLN05,SRV02,MAS115,VET08,PORTAL_WEB,COMPLETADA,11,21,35000,0.0,35000.0,TRANSFERENCIA_NEQUI,5,1,0,0
FACT00315,20250424,CLN01,SRV04,MAS038,VET02,AGENTE_NOVA_CHATBOT,CANCELADA,0,0,220000,0.0,0.0,NO_APLICA,,0,0,1
FACT00316,20250424,CLN03,SRV02,MAS100,VET05,RECEPCION_PRESENCIAL,CANCELADA,0,0,35000,0.0,0.0,NO_APLICA,,0,0,1
FACT00317,20250424,CLN05,SRV05,MAS134,VET08,PORTAL_WEB,COMPLETADA,30,39,85000,0.0,85000.0,TRANSFERENCIA_NEQUI,4,1,0,0
FACT00318,20250424,CLN01,SRV03,MAS038,VET02,OPTIMIZACION_GEO_PLEB,CANCELADA,0,0,25000,2500.0,0.0,NO_APLICA,,0,0,1
FACT00319,20250424,CLN05,SRV02,MAS145,VET08,AGENTE_NOVA_CHATBOT,COMPLETADA,32,32,35000,0.0,35000.0,TRANSFERENCIA_NEQUI,3,1,0,0
FACT00320,20250424,CLN03,SRV08,MAS147,VET05,RECEPCION_PRESENCIAL,CANCELADA,0,0,50000,0.0,0.0,NO_APLICA,,0,0,1
FACT00321,20250425,CLN02,SRV07,MAS037,VET04,OPTIMIZACION_GEO_PLEB,CANCELADA,0,0,150000,15000.0,0.0,NO_APLICA,,0,0,1
FACT00322,20250425,CLN06,SRV01,MAS102,VET10,PORTAL_WEB,COMPLETADA,6,40,45000,0.0,45000.0,EFECTIVO,2,1,0,0
FACT00323,20250425,CLN01,SRV05,MAS080,VET02,RECEPCION_PRESENCIAL,COMPLETADA,32,23,85000,0.0,85000.0,STRIPE_CARD,1,1,0,0
FACT00324,20250426,CLN03,SRV06,MAS069,VET05,RECEPCION_PRESENCIAL,NO_ASISTIO,0,0,120000,0.0,0.0,NO_APLICA,,0,1,0
FACT00325,20250426,CLN05,SRV04,MAS114,VET08,RECEPCION_PRESENCIAL,COMPLETADA,28,100,220000,0.0,220000.0,EFECTIVO,4,1,0,0
FACT00326,20250426,CLN01,SRV02,MAS080,VET01,OPTIMIZACION_GEO_PLEB,NO_ASISTIO,0,0,35000,3500.0,0.0,NO_APLICA,,0,1,0
FACT00327,20250426,CLN04,SRV01,MAS045,VET06,PORTAL_WEB,COMPLETADA,31,26,45000,0.0,45000.0,TRANSFERENCIA_NEQUI,5,1,0,0
FACT00328,20250427,CLN03,SRV05,MAS095,VET05,OPTIMIZACION_GEO_PLEB,COMPLETADA,17,40,85000,8500.0,76500.0,STRIPE_CARD,2,1,0,0
FACT00329,20250427,CLN02,SRV08,MAS115,VET04,RECEPCION_PRESENCIAL,COMPLETADA,23,72,50000,0.0,50000.0,STRIPE_CARD,5,1,0,0
FACT00330,20250427,CLN03,SRV05,MAS008,VET05,PORTAL_WEB,COMPLETADA,10,38,85000,0.0,85000.0,STRIPE_CARD,4,1,0,0
FACT00331,20250428,CLN02,SRV04,MAS069,VET03,RECEPCION_PRESENCIAL,NO_ASISTIO,0,0,220000,0.0,0.0,NO_APLICA,,0,1,0
FACT00332,20250428,CLN05,SRV01,MAS122,VET08,PORTAL_WEB,COMPLETADA,24,25,45000,0.0,45000.0,EFECTIVO,5,1,0,0
FACT00333,20250428,CLN06,SRV07,MAS097,VET10,RECEPCION_PRESENCIAL,COMPLETADA,13,61,150000,0.0,150000.0,TRANSFERENCIA_NEQUI,5,1,0,0
FACT00334,20250428,CLN05,SRV01,MAS131,VET08,AGENTE_NOVA_CHATBOT,NO_ASISTIO,0,0,45000,0.0,0.0,NO_APLICA,,0,1,0
FACT00335,20250428,CLN05,SRV05,MAS028,VET08,PORTAL_WEB,COMPLETADA,15,28,85000,0.0,85000.0,EFECTIVO,4,1,0,0
FACT00336,20250428,CLN03,SRV04,MAS039,VET05,PORTAL_WEB,CANCELADA,0,0,220000,0.0,0.0,NO_APLICA,,0,0,1
FACT00337,20250428,CLN01,SRV06,MAS036,VET02,PORTAL_WEB,NO_ASISTIO,0,0,120000,0.0,0.0,NO_APLICA,,0,1,0
FACT00338,20250428,CLN06,SRV05,MAS067,VET10,RECEPCION_PRESENCIAL,COMPLETADA,17,21,85000,0.0,85000.0,STRIPE_CARD,4,1,0,0
FACT00339,20250428,CLN03,SRV08,MAS092,VET05,AGENTE_NOVA_CHATBOT,CANCELADA,0,0,50000,0.0,0.0,NO_APLICA,,0,0,1
FACT00340,20250429,CLN02,SRV05,MAS025,VET03,PORTAL_WEB,COMPLETADA,28,28,85000,0.0,85000.0,STRIPE_CARD,4,1,0,0
FACT00341,20250429,CLN06,SRV02,MAS057,VET10,PORTAL_WEB,COMPLETADA,28,24,35000,0.0,35000.0,EFECTIVO,5,1,0,0
FACT00342,20250429,CLN03,SRV05,MAS119,VET05,RECEPCION_PRESENCIAL,COMPLETADA,6,40,85000,0.0,85000.0,STRIPE_CARD,4,1,0,0
FACT00343,20250429,CLN04,SRV02,MAS098,VET06,AGENTE_NOVA_CHATBOT,CANCELADA,0,0,35000,0.0,0.0,NO_APLICA,,0,0,1
FACT00344,20250429,CLN04,SRV03,MAS036,VET06,AGENTE_NOVA_CHATBOT,COMPLETADA,18,28,25000,0.0,25000.0,TRANSFERENCIA_NEQUI,3,1,0,0
FACT00345,20250429,CLN02,SRV03,MAS021,VET04,AGENTE_NOVA_CHATBOT,COMPLETADA,25,15,25000,0.0,25000.0,STRIPE_CARD,5,1,0,0
FACT00346,20250429,CLN01,SRV05,MAS054,VET02,OPTIMIZACION_GEO_PLEB,COMPLETADA,29,25,85000,8500.0,76500.0,STRIPE_CARD,5,1,0,0
FACT00347,20250429,CLN02,SRV07,MAS104,VET04,RECEPCION_PRESENCIAL,COMPLETADA,17,55,150000,0.0,150000.0,STRIPE_CARD,5,1,0,0
FACT00348,20250429,CLN06,SRV01,MAS083,VET10,PORTAL_WEB,CANCELADA,0,0,45000,0.0,0.0,NO_APLICA,,0,0,1
FACT00349,20250430,CLN06,SRV04,MAS058,VET09,AGENTE_NOVA_CHATBOT,NO_ASISTIO,0,0,220000,0.0,0.0,NO_APLICA,,0,1,0
FACT00350,20250430,CLN03,SRV02,MAS099,VET05,OPTIMIZACION_GEO_PLEB,CANCELADA,0,0,35000,3500.0,0.0,NO_APLICA,,0,0,1
FACT00351,20250430,CLN03,SRV02,MAS012,VET05,AGENTE_NOVA_CHATBOT,COMPLETADA,19,31,35000,0.0,35000.0,EFECTIVO,4,1,0,0
FACT00352,20250501,CLN06,SRV06,MAS126,VET09,PORTAL_WEB,COMPLETADA,10,47,120000,0.0,120000.0,STRIPE_CARD,5,1,0,0
FACT00353,20250501,CLN06,SRV04,MAS006,VET09,OPTIMIZACION_GEO_PLEB,CANCELADA,0,0,220000,22000.0,0.0,NO_APLICA,,0,0,1
FACT00354,20250501,CLN02,SRV06,MAS010,VET03,AGENTE_NOVA_CHATBOT,COMPLETADA,29,52,120000,0.0,120000.0,STRIPE_CARD,4,1,0,0
FACT00355,20250501,CLN06,SRV01,MAS013,VET09,PORTAL_WEB,NO_ASISTIO,0,0,45000,0.0,0.0,NO_APLICA,,0,1,0
FACT00356,20250501,CLN04,SRV07,MAS032,VET07,AGENTE_NOVA_CHATBOT,CANCELADA,0,0,150000,0.0,0.0,NO_APLICA,,0,0,1
FACT00357,20250501,CLN04,SRV04,MAS003,VET06,RECEPCION_PRESENCIAL,COMPLETADA,26,88,220000,0.0,220000.0,EFECTIVO,4,1,0,0
FACT00358,20250502,CLN05,SRV07,MAS027,VET08,OPTIMIZACION_GEO_PLEB,CANCELADA,0,0,150000,15000.0,0.0,NO_APLICA,,0,0,1
FACT00359,20250502,CLN01,SRV02,MAS028,VET02,PORTAL_WEB,COMPLETADA,24,21,35000,0.0,35000.0,STRIPE_CARD,4,1,0,0
FACT00360,20250502,CLN03,SRV05,MAS042,VET05,OPTIMIZACION_GEO_PLEB,COMPLETADA,20,26,85000,8500.0,76500.0,TRANSFERENCIA_NEQUI,4,1,0,0
FACT00361,20250502,CLN03,SRV01,MAS004,VET05,PORTAL_WEB,NO_ASISTIO,0,0,45000,0.0,0.0,NO_APLICA,,0,1,0
FACT00362,20250502,CLN01,SRV03,MAS024,VET02,PORTAL_WEB,CANCELADA,0,0,25000,0.0,0.0,NO_APLICA,,0,0,1
FACT00363,20250502,CLN06,SRV05,MAS060,VET09,AGENTE_NOVA_CHATBOT,COMPLETADA,13,34,85000,0.0,85000.0,STRIPE_CARD,5,1,0,0
FACT00364,20250502,CLN01,SRV06,MAS081,VET02,PORTAL_WEB,COMPLETADA,8,36,120000,0.0,120000.0,STRIPE_CARD,5,1,0,0
FACT00365,20250503,CLN06,SRV06,MAS092,VET09,OPTIMIZACION_GEO_PLEB,COMPLETADA,13,37,120000,12000.0,108000.0,EFECTIVO,5,1,0,0
FACT00366,20250503,CLN02,SRV07,MAS103,VET03,AGENTE_NOVA_CHATBOT,COMPLETADA,31,67,150000,0.0,150000.0,TRANSFERENCIA_NEQUI,4,1,0,0
FACT00367,20250503,CLN04,SRV02,MAS034,VET06,PORTAL_WEB,NO_ASISTIO,0,0,35000,0.0,0.0,NO_APLICA,,0,1,0
FACT00368,20250503,CLN02,SRV07,MAS124,VET03,RECEPCION_PRESENCIAL,CANCELADA,0,0,150000,0.0,0.0,NO_APLICA,,0,0,1
FACT00369,20250503,CLN02,SRV06,MAS008,VET04,PORTAL_WEB,NO_ASISTIO,0,0,120000,0.0,0.0,NO_APLICA,,0,1,0
FACT00370,20250503,CLN04,SRV02,MAS106,VET07,PORTAL_WEB,COMPLETADA,7,23,35000,0.0,35000.0,STRIPE_CARD,4,1,0,0
FACT00371,20250503,CLN06,SRV06,MAS133,VET09,OPTIMIZACION_GEO_PLEB,CANCELADA,0,0,120000,12000.0,0.0,NO_APLICA,,0,0,1
FACT00372,20250503,CLN01,SRV04,MAS124,VET02,RECEPCION_PRESENCIAL,COMPLETADA,9,102,220000,0.0,220000.0,STRIPE_CARD,3,1,0,0
FACT00373,20250504,CLN06,SRV08,MAS127,VET09,PORTAL_WEB,COMPLETADA,29,70,50000,0.0,50000.0,EFECTIVO,5,1,0,0
FACT00374,20250504,CLN03,SRV04,MAS141,VET05,RECEPCION_PRESENCIAL,NO_ASISTIO,0,0,220000,0.0,0.0,NO_APLICA,,0,1,0
FACT00375,20250504,CLN04,SRV02,MAS118,VET06,OPTIMIZACION_GEO_PLEB,COMPLETADA,19,17,35000,3500.0,31500.0,TRANSFERENCIA_NEQUI,3,1,0,0
FACT00376,20250505,CLN01,SRV01,MAS027,VET02,RECEPCION_PRESENCIAL,COMPLETADA,6,42,45000,0.0,45000.0,STRIPE_CARD,4,1,0,0
FACT00377,20250505,CLN05,SRV04,MAS117,VET08,AGENTE_NOVA_CHATBOT,COMPLETADA,31,86,220000,0.0,220000.0,TRANSFERENCIA_NEQUI,3,1,0,0
FACT00378,20250505,CLN03,SRV06,MAS116,VET05,PORTAL_WEB,COMPLETADA,29,42,120000,0.0,120000.0,EFECTIVO,5,1,0,0
FACT00379,20250505,CLN06,SRV06,MAS028,VET10,PORTAL_WEB,COMPLETADA,20,39,120000,0.0,120000.0,TRANSFERENCIA_NEQUI,3,1,0,0
FACT00380,20250505,CLN01,SRV04,MAS049,VET02,RECEPCION_PRESENCIAL,COMPLETADA,11,99,220000,0.0,220000.0,STRIPE_CARD,3,1,0,0
FACT00381,20250506,CLN03,SRV07,MAS012,VET05,OPTIMIZACION_GEO_PLEB,NO_ASISTIO,0,0,150000,15000.0,0.0,NO_APLICA,,0,1,0
FACT00382,20250506,CLN01,SRV08,MAS130,VET02,RECEPCION_PRESENCIAL,COMPLETADA,5,71,50000,0.0,50000.0,TRANSFERENCIA_NEQUI,4,1,0,0
FACT00383,20250506,CLN05,SRV03,MAS149,VET08,PORTAL_WEB,COMPLETADA,8,22,25000,0.0,25000.0,EFECTIVO,4,1,0,0
FACT00384,20250506,CLN05,SRV07,MAS064,VET08,RECEPCION_PRESENCIAL,COMPLETADA,35,65,150000,0.0,150000.0,TRANSFERENCIA_NEQUI,1,1,0,0
FACT00385,20250506,CLN02,SRV07,MAS132,VET03,OPTIMIZACION_GEO_PLEB,COMPLETADA,32,65,150000,15000.0,135000.0,STRIPE_CARD,4,1,0,0
FACT00386,20250506,CLN02,SRV05,MAS089,VET03,PORTAL_WEB,NO_ASISTIO,0,0,85000,0.0,0.0,NO_APLICA,,0,1,0
FACT00387,20250506,CLN06,SRV06,MAS030,VET09,OPTIMIZACION_GEO_PLEB,COMPLETADA,20,53,120000,12000.0,108000.0,TRANSFERENCIA_NEQUI,4,1,0,0
FACT00388,20250506,CLN06,SRV07,MAS004,VET10,PORTAL_WEB,CANCELADA,0,0,150000,0.0,0.0,NO_APLICA,,0,0,1
FACT00389,20250507,CLN04,SRV01,MAS015,VET06,AGENTE_NOVA_CHATBOT,COMPLETADA,29,30,45000,0.0,45000.0,EFECTIVO,1,1,0,0
FACT00390,20250507,CLN02,SRV05,MAS053,VET03,PORTAL_WEB,CANCELADA,0,0,85000,0.0,0.0,NO_APLICA,,0,0,1
FACT00391,20250507,CLN03,SRV02,MAS144,VET05,OPTIMIZACION_GEO_PLEB,COMPLETADA,17,22,35000,3500.0,31500.0,EFECTIVO,4,1,0,0
FACT00392,20250508,CLN06,SRV07,MAS100,VET09,AGENTE_NOVA_CHATBOT,COMPLETADA,35,72,150000,0.0,150000.0,EFECTIVO,5,1,0,0
FACT00393,20250508,CLN02,SRV04,MAS095,VET04,OPTIMIZACION_GEO_PLEB,CANCELADA,0,0,220000,22000.0,0.0,NO_APLICA,,0,0,1
FACT00394,20250508,CLN06,SRV04,MAS076,VET09,PORTAL_WEB,COMPLETADA,26,87,220000,0.0,220000.0,STRIPE_CARD,5,1,0,0
FACT00395,20250508,CLN06,SRV07,MAS011,VET09,AGENTE_NOVA_CHATBOT,COMPLETADA,22,63,150000,0.0,150000.0,EFECTIVO,5,1,0,0
FACT00396,20250508,CLN01,SRV08,MAS040,VET02,PORTAL_WEB,COMPLETADA,34,65,50000,0.0,50000.0,EFECTIVO,4,1,0,0
FACT00397,20250508,CLN04,SRV02,MAS082,VET07,PORTAL_WEB,CANCELADA,0,0,35000,0.0,0.0,NO_APLICA,,0,0,1
FACT00398,20250508,CLN02,SRV03,MAS107,VET03,OPTIMIZACION_GEO_PLEB,CANCELADA,0,0,25000,2500.0,0.0,NO_APLICA,,0,0,1
FACT00399,20250508,CLN04,SRV06,MAS057,VET06,AGENTE_NOVA_CHATBOT,COMPLETADA,15,46,120000,0.0,120000.0,TRANSFERENCIA_NEQUI,5,1,0,0
FACT00400,20250509,CLN06,SRV02,MAS089,VET09,PORTAL_WEB,COMPLETADA,33,35,35000,0.0,35000.0,STRIPE_CARD,4,1,0,0
FACT00401,20250509,CLN01,SRV07,MAS030,VET02,AGENTE_NOVA_CHATBOT,COMPLETADA,22,64,150000,0.0,150000.0,EFECTIVO,5,1,0,0
FACT00402,20250509,CLN05,SRV08,MAS012,VET08,PORTAL_WEB,COMPLETADA,15,71,50000,0.0,50000.0,STRIPE_CARD,5,1,0,0
FACT00403,20250509,CLN02,SRV02,MAS054,VET03,PORTAL_WEB,NO_ASISTIO,0,0,35000,0.0,0.0,NO_APLICA,,0,1,0
FACT00404,20250509,CLN06,SRV02,MAS053,VET10,RECEPCION_PRESENCIAL,CANCELADA,0,0,35000,0.0,0.0,NO_APLICA,,0,0,1
FACT00405,20250509,CLN06,SRV03,MAS007,VET09,AGENTE_NOVA_CHATBOT,COMPLETADA,6,12,25000,0.0,25000.0,STRIPE_CARD,5,1,0,0
FACT00406,20250509,CLN03,SRV04,MAS067,VET05,RECEPCION_PRESENCIAL,COMPLETADA,19,105,220000,0.0,220000.0,EFECTIVO,5,1,0,0
FACT00407,20250510,CLN04,SRV01,MAS017,VET06,OPTIMIZACION_GEO_PLEB,NO_ASISTIO,0,0,45000,4500.0,0.0,NO_APLICA,,0,1,0
FACT00408,20250510,CLN01,SRV06,MAS129,VET01,AGENTE_NOVA_CHATBOT,COMPLETADA,30,44,120000,0.0,120000.0,EFECTIVO,4,1,0,0
FACT00409,20250510,CLN04,SRV07,MAS008,VET07,PORTAL_WEB,COMPLETADA,22,62,150000,0.0,150000.0,TRANSFERENCIA_NEQUI,5,1,0,0
FACT00410,20250511,CLN05,SRV03,MAS077,VET08,AGENTE_NOVA_CHATBOT,NO_ASISTIO,0,0,25000,0.0,0.0,NO_APLICA,,0,1,0
FACT00411,20250511,CLN01,SRV02,MAS011,VET01,OPTIMIZACION_GEO_PLEB,COMPLETADA,24,27,35000,3500.0,31500.0,STRIPE_CARD,4,1,0,0
FACT00412,20250511,CLN03,SRV06,MAS055,VET05,OPTIMIZACION_GEO_PLEB,COMPLETADA,9,40,120000,12000.0,108000.0,EFECTIVO,5,1,0,0
FACT00413,20250511,CLN02,SRV03,MAS146,VET03,OPTIMIZACION_GEO_PLEB,COMPLETADA,19,30,25000,2500.0,22500.0,EFECTIVO,4,1,0,0
FACT00414,20250511,CLN06,SRV05,MAS026,VET09,OPTIMIZACION_GEO_PLEB,COMPLETADA,20,30,85000,8500.0,76500.0,STRIPE_CARD,5,1,0,0
FACT00415,20250511,CLN01,SRV02,MAS050,VET02,RECEPCION_PRESENCIAL,COMPLETADA,19,25,35000,0.0,35000.0,EFECTIVO,4,1,0,0
FACT00416,20250511,CLN06,SRV06,MAS081,VET09,PORTAL_WEB,COMPLETADA,5,45,120000,0.0,120000.0,STRIPE_CARD,5,1,0,0
FACT00417,20250511,CLN06,SRV05,MAS093,VET10,AGENTE_NOVA_CHATBOT,COMPLETADA,33,35,85000,0.0,85000.0,EFECTIVO,5,1,0,0
FACT00418,20250511,CLN03,SRV02,MAS045,VET05,OPTIMIZACION_GEO_PLEB,NO_ASISTIO,0,0,35000,3500.0,0.0,NO_APLICA,,0,1,0
FACT00419,20250512,CLN03,SRV04,MAS068,VET05,PORTAL_WEB,NO_ASISTIO,0,0,220000,0.0,0.0,NO_APLICA,,0,1,0
FACT00420,20250512,CLN06,SRV01,MAS130,VET09,PORTAL_WEB,NO_ASISTIO,0,0,45000,0.0,0.0,NO_APLICA,,0,1,0
FACT00421,20250512,CLN05,SRV04,MAS010,VET08,AGENTE_NOVA_CHATBOT,CANCELADA,0,0,220000,0.0,0.0,NO_APLICA,,0,0,1
FACT00422,20250513,CLN05,SRV03,MAS094,VET08,PORTAL_WEB,COMPLETADA,33,28,25000,0.0,25000.0,EFECTIVO,4,1,0,0
FACT00423,20250513,CLN02,SRV02,MAS102,VET04,OPTIMIZACION_GEO_PLEB,COMPLETADA,5,22,35000,3500.0,31500.0,STRIPE_CARD,3,1,0,0
FACT00424,20250513,CLN05,SRV08,MAS041,VET08,OPTIMIZACION_GEO_PLEB,COMPLETADA,35,73,50000,5000.0,45000.0,STRIPE_CARD,4,1,0,0
FACT00425,20250513,CLN06,SRV06,MAS011,VET10,RECEPCION_PRESENCIAL,COMPLETADA,12,37,120000,0.0,120000.0,STRIPE_CARD,5,1,0,0
FACT00426,20250513,CLN01,SRV06,MAS100,VET01,RECEPCION_PRESENCIAL,COMPLETADA,33,36,120000,0.0,120000.0,EFECTIVO,5,1,0,0
FACT00427,20250513,CLN01,SRV05,MAS149,VET02,OPTIMIZACION_GEO_PLEB,CANCELADA,0,0,85000,8500.0,0.0,NO_APLICA,,0,0,1
FACT00428,20250513,CLN02,SRV07,MAS094,VET04,PORTAL_WEB,CANCELADA,0,0,150000,0.0,0.0,NO_APLICA,,0,0,1
FACT00429,20250514,CLN03,SRV04,MAS133,VET05,AGENTE_NOVA_CHATBOT,COMPLETADA,31,96,220000,0.0,220000.0,TRANSFERENCIA_NEQUI,5,1,0,0
FACT00430,20250514,CLN05,SRV03,MAS113,VET08,PORTAL_WEB,COMPLETADA,7,26,25000,0.0,25000.0,STRIPE_CARD,4,1,0,0
FACT00431,20250514,CLN02,SRV03,MAS093,VET03,PORTAL_WEB,CANCELADA,0,0,25000,0.0,0.0,NO_APLICA,,0,0,1
FACT00432,20250514,CLN06,SRV07,MAS085,VET09,PORTAL_WEB,NO_ASISTIO,0,0,150000,0.0,0.0,NO_APLICA,,0,1,0
FACT00433,20250514,CLN04,SRV08,MAS054,VET07,PORTAL_WEB,CANCELADA,0,0,50000,0.0,0.0,NO_APLICA,,0,0,1
FACT00434,20250514,CLN06,SRV01,MAS063,VET10,PORTAL_WEB,COMPLETADA,23,43,45000,0.0,45000.0,STRIPE_CARD,5,1,0,0
FACT00435,20250514,CLN05,SRV01,MAS043,VET08,PORTAL_WEB,COMPLETADA,21,37,45000,0.0,45000.0,STRIPE_CARD,4,1,0,0
FACT00436,20250515,CLN06,SRV02,MAS056,VET10,OPTIMIZACION_GEO_PLEB,COMPLETADA,20,30,35000,3500.0,31500.0,TRANSFERENCIA_NEQUI,5,1,0,0
FACT00437,20250515,CLN05,SRV03,MAS131,VET08,PORTAL_WEB,COMPLETADA,28,20,25000,0.0,25000.0,STRIPE_CARD,2,1,0,0
FACT00438,20250515,CLN02,SRV07,MAS034,VET04,PORTAL_WEB,COMPLETADA,11,71,150000,0.0,150000.0,TRANSFERENCIA_NEQUI,3,1,0,0
FACT00439,20250515,CLN02,SRV03,MAS122,VET03,OPTIMIZACION_GEO_PLEB,CANCELADA,0,0,25000,2500.0,0.0,NO_APLICA,,0,0,1
FACT00440,20250515,CLN01,SRV02,MAS124,VET01,PORTAL_WEB,NO_ASISTIO,0,0,35000,0.0,0.0,NO_APLICA,,0,1,0
FACT00441,20250515,CLN05,SRV07,MAS134,VET08,AGENTE_NOVA_CHATBOT,COMPLETADA,32,56,150000,0.0,150000.0,TRANSFERENCIA_NEQUI,4,1,0,0
FACT00442,20250515,CLN02,SRV07,MAS090,VET04,OPTIMIZACION_GEO_PLEB,CANCELADA,0,0,150000,15000.0,0.0,NO_APLICA,,0,0,1
FACT00443,20250515,CLN01,SRV03,MAS066,VET02,PORTAL_WEB,COMPLETADA,34,12,25000,0.0,25000.0,TRANSFERENCIA_NEQUI,5,1,0,0
FACT00444,20250516,CLN02,SRV01,MAS148,VET03,PORTAL_WEB,CANCELADA,0,0,45000,0.0,0.0,NO_APLICA,,0,0,1
FACT00445,20250516,CLN05,SRV07,MAS053,VET08,AGENTE_NOVA_CHATBOT,NO_ASISTIO,0,0,150000,0.0,0.0,NO_APLICA,,0,1,0
FACT00446,20250516,CLN04,SRV02,MAS040,VET07,OPTIMIZACION_GEO_PLEB,COMPLETADA,13,23,35000,3500.0,31500.0,TRANSFERENCIA_NEQUI,3,1,0,0
FACT00447,20250516,CLN05,SRV05,MAS102,VET08,RECEPCION_PRESENCIAL,COMPLETADA,22,37,85000,0.0,85000.0,EFECTIVO,5,1,0,0
FACT00448,20250516,CLN05,SRV05,MAS079,VET08,AGENTE_NOVA_CHATBOT,CANCELADA,0,0,85000,0.0,0.0,NO_APLICA,,0,0,1
FACT00449,20250517,CLN06,SRV03,MAS031,VET10,PORTAL_WEB,NO_ASISTIO,0,0,25000,0.0,0.0,NO_APLICA,,0,1,0
FACT00450,20250517,CLN04,SRV02,MAS055,VET06,RECEPCION_PRESENCIAL,CANCELADA,0,0,35000,0.0,0.0,NO_APLICA,,0,0,1
FACT00451,20250517,CLN03,SRV03,MAS100,VET05,PORTAL_WEB,NO_ASISTIO,0,0,25000,0.0,0.0,NO_APLICA,,0,1,0
FACT00452,20250517,CLN01,SRV08,MAS112,VET01,PORTAL_WEB,COMPLETADA,13,62,50000,0.0,50000.0,STRIPE_CARD,5,1,0,0
FACT00453,20250517,CLN06,SRV07,MAS134,VET10,OPTIMIZACION_GEO_PLEB,COMPLETADA,6,60,150000,15000.0,135000.0,TRANSFERENCIA_NEQUI,4,1,0,0
FACT00454,20250517,CLN01,SRV05,MAS050,VET01,OPTIMIZACION_GEO_PLEB,COMPLETADA,21,36,85000,8500.0,76500.0,STRIPE_CARD,4,1,0,0
FACT00455,20250517,CLN06,SRV06,MAS062,VET09,PORTAL_WEB,NO_ASISTIO,0,0,120000,0.0,0.0,NO_APLICA,,0,1,0
FACT00456,20250517,CLN02,SRV05,MAS103,VET03,RECEPCION_PRESENCIAL,COMPLETADA,17,38,85000,0.0,85000.0,STRIPE_CARD,5,1,0,0
FACT00457,20250517,CLN06,SRV02,MAS141,VET09,OPTIMIZACION_GEO_PLEB,COMPLETADA,34,33,35000,3500.0,31500.0,EFECTIVO,5,1,0,0
FACT00458,20250518,CLN05,SRV08,MAS104,VET08,PORTAL_WEB,CANCELADA,0,0,50000,0.0,0.0,NO_APLICA,,0,0,1
FACT00459,20250518,CLN03,SRV07,MAS130,VET05,OPTIMIZACION_GEO_PLEB,COMPLETADA,7,71,150000,15000.0,135000.0,STRIPE_CARD,5,1,0,0
FACT00460,20250518,CLN05,SRV05,MAS114,VET08,OPTIMIZACION_GEO_PLEB,COMPLETADA,20,27,85000,8500.0,76500.0,TRANSFERENCIA_NEQUI,4,1,0,0
FACT00461,20250518,CLN06,SRV01,MAS124,VET10,AGENTE_NOVA_CHATBOT,COMPLETADA,7,37,45000,0.0,45000.0,STRIPE_CARD,4,1,0,0
FACT00462,20250519,CLN06,SRV06,MAS106,VET09,OPTIMIZACION_GEO_PLEB,COMPLETADA,22,35,120000,12000.0,108000.0,EFECTIVO,4,1,0,0
FACT00463,20250519,CLN02,SRV02,MAS103,VET04,AGENTE_NOVA_CHATBOT,NO_ASISTIO,0,0,35000,0.0,0.0,NO_APLICA,,0,1,0
FACT00464,20250519,CLN01,SRV08,MAS081,VET01,PORTAL_WEB,COMPLETADA,33,73,50000,0.0,50000.0,STRIPE_CARD,5,1,0,0
FACT00465,20250519,CLN04,SRV04,MAS062,VET06,PORTAL_WEB,COMPLETADA,12,91,220000,0.0,220000.0,EFECTIVO,3,1,0,0
FACT00466,20250519,CLN02,SRV02,MAS021,VET03,RECEPCION_PRESENCIAL,NO_ASISTIO,0,0,35000,0.0,0.0,NO_APLICA,,0,1,0
FACT00467,20250519,CLN05,SRV01,MAS124,VET08,OPTIMIZACION_GEO_PLEB,COMPLETADA,15,40,45000,4500.0,40500.0,EFECTIVO,3,1,0,0
FACT00468,20250519,CLN04,SRV05,MAS102,VET06,OPTIMIZACION_GEO_PLEB,COMPLETADA,9,21,85000,8500.0,76500.0,TRANSFERENCIA_NEQUI,4,1,0,0
FACT00469,20250519,CLN04,SRV06,MAS101,VET06,PORTAL_WEB,NO_ASISTIO,0,0,120000,0.0,0.0,NO_APLICA,,0,1,0
FACT00470,20250520,CLN01,SRV06,MAS003,VET02,PORTAL_WEB,COMPLETADA,17,53,120000,0.0,120000.0,EFECTIVO,5,1,0,0
FACT00471,20250520,CLN05,SRV03,MAS141,VET08,PORTAL_WEB,COMPLETADA,13,25,25000,0.0,25000.0,EFECTIVO,2,1,0,0
FACT00472,20250520,CLN03,SRV08,MAS109,VET05,RECEPCION_PRESENCIAL,COMPLETADA,27,66,50000,0.0,50000.0,TRANSFERENCIA_NEQUI,5,1,0,0
FACT00473,20250520,CLN03,SRV03,MAS147,VET05,OPTIMIZACION_GEO_PLEB,COMPLETADA,26,17,25000,2500.0,22500.0,EFECTIVO,3,1,0,0
FACT00474,20250520,CLN02,SRV07,MAS051,VET04,PORTAL_WEB,COMPLETADA,20,55,150000,0.0,150000.0,TRANSFERENCIA_NEQUI,5,1,0,0
FACT00475,20250520,CLN02,SRV08,MAS077,VET04,OPTIMIZACION_GEO_PLEB,COMPLETADA,32,73,50000,5000.0,45000.0,STRIPE_CARD,5,1,0,0
FACT00476,20250521,CLN02,SRV04,MAS066,VET03,PORTAL_WEB,COMPLETADA,19,95,220000,0.0,220000.0,EFECTIVO,5,1,0,0
FACT00477,20250521,CLN05,SRV06,MAS006,VET08,PORTAL_WEB,COMPLETADA,16,54,120000,0.0,120000.0,STRIPE_CARD,5,1,0,0
FACT00478,20250521,CLN03,SRV06,MAS131,VET05,RECEPCION_PRESENCIAL,COMPLETADA,33,37,120000,0.0,120000.0,EFECTIVO,5,1,0,0
FACT00479,20250521,CLN04,SRV03,MAS087,VET06,OPTIMIZACION_GEO_PLEB,COMPLETADA,23,22,25000,2500.0,22500.0,STRIPE_CARD,3,1,0,0
FACT00480,20250521,CLN01,SRV06,MAS059,VET01,AGENTE_NOVA_CHATBOT,COMPLETADA,25,44,120000,0.0,120000.0,TRANSFERENCIA_NEQUI,4,1,0,0
FACT00481,20250521,CLN03,SRV06,MAS134,VET05,RECEPCION_PRESENCIAL,COMPLETADA,10,40,120000,0.0,120000.0,STRIPE_CARD,3,1,0,0
FACT00482,20250521,CLN06,SRV05,MAS021,VET09,PORTAL_WEB,COMPLETADA,17,23,85000,0.0,85000.0,TRANSFERENCIA_NEQUI,5,1,0,0
FACT00483,20250521,CLN05,SRV01,MAS102,VET08,PORTAL_WEB,CANCELADA,0,0,45000,0.0,0.0,NO_APLICA,,0,0,1
FACT00484,20250522,CLN03,SRV02,MAS100,VET05,PORTAL_WEB,COMPLETADA,12,24,35000,0.0,35000.0,STRIPE_CARD,5,1,0,0
FACT00485,20250522,CLN02,SRV01,MAS009,VET03,AGENTE_NOVA_CHATBOT,NO_ASISTIO,0,0,45000,0.0,0.0,NO_APLICA,,0,1,0
FACT00486,20250522,CLN03,SRV08,MAS139,VET05,OPTIMIZACION_GEO_PLEB,COMPLETADA,19,59,50000,5000.0,45000.0,STRIPE_CARD,2,1,0,0
FACT00487,20250523,CLN05,SRV07,MAS135,VET08,OPTIMIZACION_GEO_PLEB,NO_ASISTIO,0,0,150000,15000.0,0.0,NO_APLICA,,0,1,0
FACT00488,20250523,CLN03,SRV08,MAS139,VET05,PORTAL_WEB,COMPLETADA,19,64,50000,0.0,50000.0,EFECTIVO,5,1,0,0
FACT00489,20250523,CLN02,SRV01,MAS001,VET04,PORTAL_WEB,CANCELADA,0,0,45000,0.0,0.0,NO_APLICA,,0,0,1
FACT00490,20250523,CLN03,SRV08,MAS137,VET05,RECEPCION_PRESENCIAL,COMPLETADA,35,70,50000,0.0,50000.0,TRANSFERENCIA_NEQUI,5,1,0,0
FACT00491,20250523,CLN03,SRV01,MAS141,VET05,PORTAL_WEB,COMPLETADA,18,42,45000,0.0,45000.0,STRIPE_CARD,5,1,0,0
FACT00492,20250523,CLN02,SRV07,MAS057,VET04,PORTAL_WEB,COMPLETADA,18,75,150000,0.0,150000.0,EFECTIVO,5,1,0,0
FACT00493,20250523,CLN03,SRV07,MAS049,VET05,PORTAL_WEB,COMPLETADA,9,64,150000,0.0,150000.0,TRANSFERENCIA_NEQUI,5,1,0,0
FACT00494,20250524,CLN04,SRV08,MAS049,VET07,PORTAL_WEB,COMPLETADA,9,56,50000,0.0,50000.0,STRIPE_CARD,2,1,0,0
FACT00495,20250524,CLN02,SRV05,MAS069,VET03,RECEPCION_PRESENCIAL,COMPLETADA,28,20,85000,0.0,85000.0,STRIPE_CARD,5,1,0,0
FACT00496,20250524,CLN01,SRV04,MAS088,VET02,AGENTE_NOVA_CHATBOT,COMPLETADA,30,100,220000,0.0,220000.0,TRANSFERENCIA_NEQUI,1,1,0,0
FACT00497,20250524,CLN06,SRV06,MAS021,VET09,PORTAL_WEB,COMPLETADA,13,47,120000,0.0,120000.0,TRANSFERENCIA_NEQUI,5,1,0,0
FACT00498,20250524,CLN02,SRV05,MAS098,VET03,PORTAL_WEB,COMPLETADA,29,27,85000,0.0,85000.0,TRANSFERENCIA_NEQUI,5,1,0,0
FACT00499,20250524,CLN02,SRV04,MAS118,VET03,PORTAL_WEB,NO_ASISTIO,0,0,220000,0.0,0.0,NO_APLICA,,0,1,0
FACT00500,20250524,CLN05,SRV08,MAS100,VET08,AGENTE_NOVA_CHATBOT,NO_ASISTIO,0,0,50000,0.0,0.0,NO_APLICA,,0,1,0
FACT00501,20250525,CLN02,SRV02,MAS065,VET03,AGENTE_NOVA_CHATBOT,COMPLETADA,11,26,35000,0.0,35000.0,STRIPE_CARD,3,1,0,0
FACT00502,20250525,CLN01,SRV07,MAS084,VET01,PORTAL_WEB,COMPLETADA,30,63,150000,0.0,150000.0,TRANSFERENCIA_NEQUI,4,1,0,0
FACT00503,20250525,CLN02,SRV01,MAS149,VET03,RECEPCION_PRESENCIAL,NO_ASISTIO,0,0,45000,0.0,0.0,NO_APLICA,,0,1,0
FACT00504,20250525,CLN06,SRV06,MAS023,VET09,PORTAL_WEB,COMPLETADA,20,37,120000,0.0,120000.0,EFECTIVO,4,1,0,0
FACT00505,20250525,CLN06,SRV01,MAS092,VET09,PORTAL_WEB,NO_ASISTIO,0,0,45000,0.0,0.0,NO_APLICA,,0,1,0
FACT00506,20250526,CLN05,SRV03,MAS125,VET08,AGENTE_NOVA_CHATBOT,COMPLETADA,22,30,25000,0.0,25000.0,TRANSFERENCIA_NEQUI,4,1,0,0
FACT00507,20250526,CLN06,SRV01,MAS097,VET09,PORTAL_WEB,COMPLETADA,13,26,45000,0.0,45000.0,TRANSFERENCIA_NEQUI,5,1,0,0
FACT00508,20250526,CLN05,SRV08,MAS049,VET08,PORTAL_WEB,CANCELADA,0,0,50000,0.0,0.0,NO_APLICA,,0,0,1
FACT00509,20250526,CLN05,SRV06,MAS120,VET08,OPTIMIZACION_GEO_PLEB,COMPLETADA,34,52,120000,12000.0,108000.0,STRIPE_CARD,5,1,0,0
FACT00510,20250526,CLN04,SRV05,MAS139,VET07,RECEPCION_PRESENCIAL,COMPLETADA,5,40,85000,0.0,85000.0,STRIPE_CARD,4,1,0,0
FACT00511,20250526,CLN01,SRV04,MAS083,VET02,PORTAL_WEB,NO_ASISTIO,0,0,220000,0.0,0.0,NO_APLICA,,0,1,0
FACT00512,20250526,CLN06,SRV04,MAS135,VET10,RECEPCION_PRESENCIAL,NO_ASISTIO,0,0,220000,0.0,0.0,NO_APLICA,,0,1,0
FACT00513,20250526,CLN05,SRV05,MAS083,VET08,AGENTE_NOVA_CHATBOT,COMPLETADA,8,23,85000,0.0,85000.0,STRIPE_CARD,4,1,0,0
FACT00514,20250527,CLN02,SRV01,MAS052,VET03,RECEPCION_PRESENCIAL,COMPLETADA,11,28,45000,0.0,45000.0,TRANSFERENCIA_NEQUI,5,1,0,0
FACT00515,20250527,CLN06,SRV05,MAS013,VET10,PORTAL_WEB,COMPLETADA,24,22,85000,0.0,85000.0,STRIPE_CARD,5,1,0,0
FACT00516,20250527,CLN06,SRV02,MAS120,VET10,PORTAL_WEB,NO_ASISTIO,0,0,35000,0.0,0.0,NO_APLICA,,0,1,0
FACT00517,20250528,CLN05,SRV06,MAS015,VET08,AGENTE_NOVA_CHATBOT,CANCELADA,0,0,120000,0.0,0.0,NO_APLICA,,0,0,1
FACT00518,20250528,CLN05,SRV02,MAS078,VET08,PORTAL_WEB,COMPLETADA,35,31,35000,0.0,35000.0,STRIPE_CARD,5,1,0,0
FACT00519,20250528,CLN05,SRV04,MAS050,VET08,PORTAL_WEB,CANCELADA,0,0,220000,0.0,0.0,NO_APLICA,,0,0,1
FACT00520,20250528,CLN05,SRV07,MAS028,VET08,OPTIMIZACION_GEO_PLEB,NO_ASISTIO,0,0,150000,15000.0,0.0,NO_APLICA,,0,1,0
FACT00521,20250528,CLN03,SRV07,MAS027,VET05,PORTAL_WEB,COMPLETADA,22,67,150000,0.0,150000.0,STRIPE_CARD,4,1,0,0
FACT00522,20250529,CLN05,SRV06,MAS081,VET08,AGENTE_NOVA_CHATBOT,CANCELADA,0,0,120000,0.0,0.0,NO_APLICA,,0,0,1
FACT00523,20250529,CLN03,SRV07,MAS083,VET05,PORTAL_WEB,CANCELADA,0,0,150000,0.0,0.0,NO_APLICA,,0,0,1
FACT00524,20250529,CLN05,SRV07,MAS141,VET08,AGENTE_NOVA_CHATBOT,NO_ASISTIO,0,0,150000,0.0,0.0,NO_APLICA,,0,1,0
FACT00525,20250529,CLN03,SRV08,MAS102,VET05,PORTAL_WEB,COMPLETADA,14,74,50000,0.0,50000.0,STRIPE_CARD,5,1,0,0
FACT00526,20250529,CLN03,SRV05,MAS057,VET05,AGENTE_NOVA_CHATBOT,COMPLETADA,5,28,85000,0.0,85000.0,STRIPE_CARD,3,1,0,0
FACT00527,20250529,CLN01,SRV08,MAS092,VET01,PORTAL_WEB,COMPLETADA,13,66,50000,0.0,50000.0,STRIPE_CARD,3,1,0,0
FACT00528,20250529,CLN02,SRV05,MAS024,VET04,RECEPCION_PRESENCIAL,CANCELADA,0,0,85000,0.0,0.0,NO_APLICA,,0,0,1
FACT00529,20250530,CLN02,SRV06,MAS124,VET03,RECEPCION_PRESENCIAL,COMPLETADA,31,53,120000,0.0,120000.0,STRIPE_CARD,3,1,0,0
FACT00530,20250530,CLN05,SRV01,MAS148,VET08,PORTAL_WEB,COMPLETADA,29,26,45000,0.0,45000.0,EFECTIVO,2,1,0,0
FACT00531,20250530,CLN03,SRV07,MAS031,VET05,OPTIMIZACION_GEO_PLEB,COMPLETADA,34,55,150000,15000.0,135000.0,TRANSFERENCIA_NEQUI,4,1,0,0
FACT00532,20250530,CLN01,SRV01,MAS082,VET02,OPTIMIZACION_GEO_PLEB,CANCELADA,0,0,45000,4500.0,0.0,NO_APLICA,,0,0,1
FACT00533,20250530,CLN02,SRV04,MAS040,VET04,RECEPCION_PRESENCIAL,COMPLETADA,19,104,220000,0.0,220000.0,STRIPE_CARD,4,1,0,0
FACT00534,20250530,CLN02,SRV05,MAS101,VET04,PORTAL_WEB,COMPLETADA,15,22,85000,0.0,85000.0,STRIPE_CARD,5,1,0,0
FACT00535,20250530,CLN05,SRV05,MAS022,VET08,OPTIMIZACION_GEO_PLEB,COMPLETADA,18,24,85000,8500.0,76500.0,TRANSFERENCIA_NEQUI,4,1,0,0
FACT00536,20250531,CLN02,SRV07,MAS147,VET04,OPTIMIZACION_GEO_PLEB,COMPLETADA,24,71,150000,15000.0,135000.0,STRIPE_CARD,5,1,0,0
FACT00537,20250531,CLN03,SRV06,MAS148,VET05,PORTAL_WEB,COMPLETADA,26,48,120000,0.0,120000.0,EFECTIVO,5,1,0,0
FACT00538,20250531,CLN02,SRV06,MAS007,VET04,PORTAL_WEB,COMPLETADA,16,54,120000,0.0,120000.0,TRANSFERENCIA_NEQUI,3,1,0,0
FACT00539,20250531,CLN05,SRV08,MAS012,VET08,PORTAL_WEB,COMPLETADA,26,66,50000,0.0,50000.0,STRIPE_CARD,5,1,0,0
FACT00540,20250531,CLN01,SRV04,MAS038,VET01,PORTAL_WEB,COMPLETADA,15,88,220000,0.0,220000.0,TRANSFERENCIA_NEQUI,5,1,0,0
FACT00541,20250531,CLN01,SRV04,MAS138,VET02,PORTAL_WEB,COMPLETADA,22,101,220000,0.0,220000.0,TRANSFERENCIA_NEQUI,4,1,0,0
FACT00542,20250531,CLN05,SRV01,MAS097,VET08,OPTIMIZACION_GEO_PLEB,CANCELADA,0,0,45000,4500.0,0.0,NO_APLICA,,0,0,1
FACT00543,20250601,CLN03,SRV01,MAS073,VET05,OPTIMIZACION_GEO_PLEB,COMPLETADA,13,26,45000,4500.0,40500.0,STRIPE_CARD,5,1,0,0
FACT00544,20250601,CLN01,SRV05,MAS093,VET02,PORTAL_WEB,COMPLETADA,14,40,85000,0.0,85000.0,TRANSFERENCIA_NEQUI,5,1,0,0
FACT00545,20250601,CLN05,SRV06,MAS125,VET08,OPTIMIZACION_GEO_PLEB,CANCELADA,0,0,120000,12000.0,0.0,NO_APLICA,,0,0,1
FACT00546,20250602,CLN02,SRV08,MAS144,VET03,PORTAL_WEB,NO_ASISTIO,0,0,50000,0.0,0.0,NO_APLICA,,0,1,0
FACT00547,20250602,CLN01,SRV05,MAS086,VET01,RECEPCION_PRESENCIAL,COMPLETADA,28,25,85000,0.0,85000.0,EFECTIVO,5,1,0,0
FACT00548,20250602,CLN03,SRV04,MAS129,VET05,PORTAL_WEB,COMPLETADA,25,93,220000,0.0,220000.0,STRIPE_CARD,3,1,0,0
FACT00549,20250603,CLN03,SRV03,MAS088,VET05,PORTAL_WEB,COMPLETADA,7,22,25000,0.0,25000.0,STRIPE_CARD,4,1,0,0
FACT00550,20250603,CLN04,SRV03,MAS110,VET06,OPTIMIZACION_GEO_PLEB,COMPLETADA,15,24,25000,2500.0,22500.0,STRIPE_CARD,4,1,0,0
FACT00551,20250603,CLN06,SRV04,MAS036,VET09,OPTIMIZACION_GEO_PLEB,COMPLETADA,34,89,220000,22000.0,198000.0,STRIPE_CARD,5,1,0,0
FACT00552,20250603,CLN06,SRV06,MAS018,VET09,OPTIMIZACION_GEO_PLEB,CANCELADA,0,0,120000,12000.0,0.0,NO_APLICA,,0,0,1
FACT00553,20250603,CLN06,SRV03,MAS082,VET09,PORTAL_WEB,COMPLETADA,29,20,25000,0.0,25000.0,TRANSFERENCIA_NEQUI,3,1,0,0
FACT00554,20250603,CLN04,SRV08,MAS071,VET07,PORTAL_WEB,COMPLETADA,8,59,50000,0.0,50000.0,EFECTIVO,5,1,0,0
FACT00555,20250603,CLN05,SRV04,MAS060,VET08,PORTAL_WEB,NO_ASISTIO,0,0,220000,0.0,0.0,NO_APLICA,,0,1,0
FACT00556,20250604,CLN01,SRV03,MAS129,VET02,RECEPCION_PRESENCIAL,CANCELADA,0,0,25000,0.0,0.0,NO_APLICA,,0,0,1
FACT00557,20250604,CLN06,SRV03,MAS100,VET10,RECEPCION_PRESENCIAL,COMPLETADA,9,15,25000,0.0,25000.0,STRIPE_CARD,5,1,0,0
FACT00558,20250604,CLN04,SRV05,MAS106,VET06,PORTAL_WEB,COMPLETADA,29,26,85000,0.0,85000.0,TRANSFERENCIA_NEQUI,5,1,0,0
FACT00559,20250604,CLN05,SRV06,MAS118,VET08,RECEPCION_PRESENCIAL,COMPLETADA,17,36,120000,0.0,120000.0,TRANSFERENCIA_NEQUI,4,1,0,0
FACT00560,20250604,CLN06,SRV07,MAS147,VET10,OPTIMIZACION_GEO_PLEB,CANCELADA,0,0,150000,15000.0,0.0,NO_APLICA,,0,0,1
FACT00561,20250605,CLN06,SRV02,MAS116,VET09,PORTAL_WEB,COMPLETADA,33,22,35000,0.0,35000.0,TRANSFERENCIA_NEQUI,4,1,0,0
FACT00562,20250605,CLN06,SRV07,MAS133,VET09,PORTAL_WEB,NO_ASISTIO,0,0,150000,0.0,0.0,NO_APLICA,,0,1,0
FACT00563,20250605,CLN02,SRV08,MAS102,VET04,AGENTE_NOVA_CHATBOT,COMPLETADA,19,60,50000,0.0,50000.0,STRIPE_CARD,5,1,0,0
FACT00564,20250605,CLN06,SRV08,MAS116,VET09,OPTIMIZACION_GEO_PLEB,COMPLETADA,8,60,50000,5000.0,45000.0,STRIPE_CARD,4,1,0,0
FACT00565,20250605,CLN04,SRV06,MAS116,VET07,PORTAL_WEB,COMPLETADA,19,53,120000,0.0,120000.0,STRIPE_CARD,3,1,0,0
FACT00566,20250605,CLN04,SRV05,MAS083,VET06,PORTAL_WEB,NO_ASISTIO,0,0,85000,0.0,0.0,NO_APLICA,,0,1,0
FACT00567,20250605,CLN06,SRV02,MAS030,VET09,RECEPCION_PRESENCIAL,NO_ASISTIO,0,0,35000,0.0,0.0,NO_APLICA,,0,1,0
FACT00568,20250606,CLN03,SRV07,MAS131,VET05,PORTAL_WEB,CANCELADA,0,0,150000,0.0,0.0,NO_APLICA,,0,0,1
FACT00569,20250606,CLN04,SRV01,MAS044,VET07,OPTIMIZACION_GEO_PLEB,COMPLETADA,32,29,45000,4500.0,40500.0,STRIPE_CARD,5,1,0,0
FACT00570,20250606,CLN02,SRV07,MAS079,VET03,RECEPCION_PRESENCIAL,COMPLETADA,14,75,150000,0.0,150000.0,STRIPE_CARD,5,1,0,0
FACT00571,20250606,CLN02,SRV05,MAS004,VET03,RECEPCION_PRESENCIAL,COMPLETADA,32,35,85000,0.0,85000.0,STRIPE_CARD,4,1,0,0
FACT00572,20250606,CLN05,SRV04,MAS056,VET08,RECEPCION_PRESENCIAL,CANCELADA,0,0,220000,0.0,0.0,NO_APLICA,,0,0,1
FACT00573,20250606,CLN04,SRV08,MAS021,VET07,OPTIMIZACION_GEO_PLEB,CANCELADA,0,0,50000,5000.0,0.0,NO_APLICA,,0,0,1
FACT00574,20250606,CLN01,SRV05,MAS143,VET01,PORTAL_WEB,COMPLETADA,10,24,85000,0.0,85000.0,EFECTIVO,5,1,0,0
FACT00575,20250606,CLN01,SRV01,MAS148,VET01,AGENTE_NOVA_CHATBOT,CANCELADA,0,0,45000,0.0,0.0,NO_APLICA,,0,0,1
FACT00576,20250607,CLN01,SRV02,MAS107,VET01,PORTAL_WEB,COMPLETADA,26,24,35000,0.0,35000.0,STRIPE_CARD,4,1,0,0
FACT00577,20250607,CLN04,SRV01,MAS024,VET07,AGENTE_NOVA_CHATBOT,COMPLETADA,16,37,45000,0.0,45000.0,TRANSFERENCIA_NEQUI,3,1,0,0
FACT00578,20250607,CLN05,SRV05,MAS121,VET08,PORTAL_WEB,COMPLETADA,27,28,85000,0.0,85000.0,TRANSFERENCIA_NEQUI,5,1,0,0
FACT00579,20250607,CLN05,SRV04,MAS015,VET08,OPTIMIZACION_GEO_PLEB,COMPLETADA,28,105,220000,22000.0,198000.0,STRIPE_CARD,4,1,0,0
FACT00580,20250607,CLN04,SRV07,MAS082,VET07,OPTIMIZACION_GEO_PLEB,COMPLETADA,23,74,150000,15000.0,135000.0,STRIPE_CARD,5,1,0,0
FACT00581,20250608,CLN05,SRV08,MAS127,VET08,OPTIMIZACION_GEO_PLEB,COMPLETADA,12,64,50000,5000.0,45000.0,STRIPE_CARD,1,1,0,0
FACT00582,20250608,CLN01,SRV08,MAS031,VET01,PORTAL_WEB,NO_ASISTIO,0,0,50000,0.0,0.0,NO_APLICA,,0,1,0
FACT00583,20250608,CLN05,SRV07,MAS012,VET08,AGENTE_NOVA_CHATBOT,COMPLETADA,22,75,150000,0.0,150000.0,STRIPE_CARD,5,1,0,0
FACT00584,20250608,CLN06,SRV05,MAS018,VET10,AGENTE_NOVA_CHATBOT,COMPLETADA,21,37,85000,0.0,85000.0,STRIPE_CARD,5,1,0,0
FACT00585,20250608,CLN01,SRV06,MAS102,VET02,OPTIMIZACION_GEO_PLEB,NO_ASISTIO,0,0,120000,12000.0,0.0,NO_APLICA,,0,1,0
FACT00586,20250608,CLN05,SRV03,MAS050,VET08,AGENTE_NOVA_CHATBOT,COMPLETADA,34,25,25000,0.0,25000.0,STRIPE_CARD,3,1,0,0
FACT00587,20250608,CLN06,SRV08,MAS040,VET09,RECEPCION_PRESENCIAL,NO_ASISTIO,0,0,50000,0.0,0.0,NO_APLICA,,0,1,0
FACT00588,20250609,CLN05,SRV08,MAS106,VET08,PORTAL_WEB,NO_ASISTIO,0,0,50000,0.0,0.0,NO_APLICA,,0,1,0
FACT00589,20250609,CLN05,SRV06,MAS143,VET08,PORTAL_WEB,CANCELADA,0,0,120000,0.0,0.0,NO_APLICA,,0,0,1
FACT00590,20250609,CLN02,SRV06,MAS017,VET04,AGENTE_NOVA_CHATBOT,COMPLETADA,31,35,120000,0.0,120000.0,TRANSFERENCIA_NEQUI,5,1,0,0
FACT00591,20250609,CLN06,SRV07,MAS048,VET09,PORTAL_WEB,CANCELADA,0,0,150000,0.0,0.0,NO_APLICA,,0,0,1
FACT00592,20250609,CLN03,SRV01,MAS070,VET05,PORTAL_WEB,COMPLETADA,20,32,45000,0.0,45000.0,EFECTIVO,5,1,0,0
FACT00593,20250609,CLN02,SRV03,MAS029,VET04,PORTAL_WEB,COMPLETADA,29,16,25000,0.0,25000.0,TRANSFERENCIA_NEQUI,3,1,0,0
FACT00594,20250609,CLN05,SRV08,MAS129,VET08,PORTAL_WEB,COMPLETADA,15,70,50000,0.0,50000.0,EFECTIVO,4,1,0,0
FACT00595,20250609,CLN03,SRV02,MAS133,VET05,PORTAL_WEB,NO_ASISTIO,0,0,35000,0.0,0.0,NO_APLICA,,0,1,0
FACT00596,20250609,CLN02,SRV08,MAS100,VET03,OPTIMIZACION_GEO_PLEB,NO_ASISTIO,0,0,50000,5000.0,0.0,NO_APLICA,,0,1,0
FACT00597,20250610,CLN01,SRV01,MAS023,VET02,RECEPCION_PRESENCIAL,COMPLETADA,33,26,45000,0.0,45000.0,EFECTIVO,5,1,0,0
FACT00598,20250610,CLN01,SRV04,MAS083,VET02,PORTAL_WEB,COMPLETADA,14,93,220000,0.0,220000.0,TRANSFERENCIA_NEQUI,4,1,0,0
FACT00599,20250610,CLN06,SRV05,MAS039,VET09,AGENTE_NOVA_CHATBOT,COMPLETADA,8,20,85000,0.0,85000.0,STRIPE_CARD,2,1,0,0
FACT00600,20250611,CLN05,SRV06,MAS070,VET08,AGENTE_NOVA_CHATBOT,COMPLETADA,23,42,120000,0.0,120000.0,EFECTIVO,5,1,0,0
FACT00601,20250611,CLN05,SRV08,MAS013,VET08,PORTAL_WEB,COMPLETADA,20,56,50000,0.0,50000.0,STRIPE_CARD,5,1,0,0
FACT00602,20250611,CLN01,SRV07,MAS046,VET02,OPTIMIZACION_GEO_PLEB,NO_ASISTIO,0,0,150000,15000.0,0.0,NO_APLICA,,0,1,0
FACT00603,20250611,CLN05,SRV06,MAS080,VET08,PORTAL_WEB,COMPLETADA,27,52,120000,0.0,120000.0,TRANSFERENCIA_NEQUI,5,1,0,0
FACT00604,20250612,CLN02,SRV08,MAS025,VET03,AGENTE_NOVA_CHATBOT,COMPLETADA,26,75,50000,0.0,50000.0,TRANSFERENCIA_NEQUI,4,1,0,0
FACT00605,20250612,CLN04,SRV04,MAS037,VET06,AGENTE_NOVA_CHATBOT,CANCELADA,0,0,220000,0.0,0.0,NO_APLICA,,0,0,1
FACT00606,20250612,CLN03,SRV03,MAS085,VET05,RECEPCION_PRESENCIAL,COMPLETADA,20,10,25000,0.0,25000.0,STRIPE_CARD,5,1,0,0
FACT00607,20250612,CLN03,SRV08,MAS044,VET05,AGENTE_NOVA_CHATBOT,COMPLETADA,24,73,50000,0.0,50000.0,STRIPE_CARD,5,1,0,0
FACT00608,20250612,CLN04,SRV06,MAS143,VET06,PORTAL_WEB,NO_ASISTIO,0,0,120000,0.0,0.0,NO_APLICA,,0,1,0
FACT00609,20250612,CLN03,SRV07,MAS106,VET05,OPTIMIZACION_GEO_PLEB,COMPLETADA,12,72,150000,15000.0,135000.0,TRANSFERENCIA_NEQUI,5,1,0,0
FACT00610,20250612,CLN04,SRV06,MAS054,VET06,OPTIMIZACION_GEO_PLEB,NO_ASISTIO,0,0,120000,12000.0,0.0,NO_APLICA,,0,1,0
FACT00611,20250613,CLN04,SRV04,MAS045,VET07,PORTAL_WEB,NO_ASISTIO,0,0,220000,0.0,0.0,NO_APLICA,,0,1,0
FACT00612,20250613,CLN06,SRV02,MAS119,VET10,OPTIMIZACION_GEO_PLEB,COMPLETADA,8,29,35000,3500.0,31500.0,TRANSFERENCIA_NEQUI,5,1,0,0
FACT00613,20250613,CLN01,SRV07,MAS084,VET01,PORTAL_WEB,COMPLETADA,7,61,150000,0.0,150000.0,STRIPE_CARD,3,1,0,0
FACT00614,20250613,CLN02,SRV08,MAS137,VET03,RECEPCION_PRESENCIAL,COMPLETADA,24,73,50000,0.0,50000.0,STRIPE_CARD,5,1,0,0
FACT00615,20250613,CLN06,SRV05,MAS146,VET10,AGENTE_NOVA_CHATBOT,NO_ASISTIO,0,0,85000,0.0,0.0,NO_APLICA,,0,1,0
FACT00616,20250613,CLN04,SRV02,MAS150,VET07,OPTIMIZACION_GEO_PLEB,COMPLETADA,21,27,35000,3500.0,31500.0,EFECTIVO,3,1,0,0
FACT00617,20250614,CLN03,SRV01,MAS144,VET05,PORTAL_WEB,COMPLETADA,32,34,45000,0.0,45000.0,STRIPE_CARD,3,1,0,0
FACT00618,20250614,CLN04,SRV06,MAS098,VET07,RECEPCION_PRESENCIAL,COMPLETADA,18,52,120000,0.0,120000.0,STRIPE_CARD,5,1,0,0
FACT00619,20250614,CLN04,SRV04,MAS143,VET06,AGENTE_NOVA_CHATBOT,COMPLETADA,31,98,220000,0.0,220000.0,STRIPE_CARD,5,1,0,0
FACT00620,20250615,CLN01,SRV01,MAS037,VET01,RECEPCION_PRESENCIAL,NO_ASISTIO,0,0,45000,0.0,0.0,NO_APLICA,,0,1,0
FACT00621,20250615,CLN06,SRV03,MAS022,VET10,RECEPCION_PRESENCIAL,COMPLETADA,32,24,25000,0.0,25000.0,TRANSFERENCIA_NEQUI,3,1,0,0
FACT00622,20250615,CLN05,SRV08,MAS131,VET08,OPTIMIZACION_GEO_PLEB,COMPLETADA,31,69,50000,5000.0,45000.0,STRIPE_CARD,5,1,0,0
FACT00623,20250615,CLN02,SRV01,MAS148,VET04,PORTAL_WEB,COMPLETADA,27,41,45000,0.0,45000.0,EFECTIVO,5,1,0,0
FACT00624,20250616,CLN01,SRV06,MAS029,VET02,RECEPCION_PRESENCIAL,CANCELADA,0,0,120000,0.0,0.0,NO_APLICA,,0,0,1
FACT00625,20250616,CLN06,SRV03,MAS135,VET09,RECEPCION_PRESENCIAL,COMPLETADA,21,12,25000,0.0,25000.0,STRIPE_CARD,4,1,0,0
FACT00626,20250616,CLN02,SRV02,MAS139,VET04,AGENTE_NOVA_CHATBOT,CANCELADA,0,0,35000,0.0,0.0,NO_APLICA,,0,0,1
FACT00627,20250617,CLN01,SRV01,MAS121,VET02,OPTIMIZACION_GEO_PLEB,COMPLETADA,33,40,45000,4500.0,40500.0,EFECTIVO,4,1,0,0
FACT00628,20250617,CLN04,SRV05,MAS075,VET07,PORTAL_WEB,COMPLETADA,27,39,85000,0.0,85000.0,EFECTIVO,4,1,0,0
FACT00629,20250617,CLN01,SRV03,MAS147,VET02,AGENTE_NOVA_CHATBOT,COMPLETADA,30,29,25000,0.0,25000.0,TRANSFERENCIA_NEQUI,5,1,0,0
FACT00630,20250617,CLN01,SRV02,MAS072,VET01,PORTAL_WEB,COMPLETADA,24,23,35000,0.0,35000.0,EFECTIVO,5,1,0,0
FACT00631,20250617,CLN01,SRV03,MAS039,VET01,RECEPCION_PRESENCIAL,NO_ASISTIO,0,0,25000,0.0,0.0,NO_APLICA,,0,1,0
FACT00632,20250617,CLN03,SRV05,MAS061,VET05,PORTAL_WEB,COMPLETADA,30,36,85000,0.0,85000.0,EFECTIVO,3,1,0,0
FACT00633,20250617,CLN01,SRV03,MAS127,VET01,RECEPCION_PRESENCIAL,COMPLETADA,12,24,25000,0.0,25000.0,STRIPE_CARD,4,1,0,0
FACT00634,20250618,CLN05,SRV01,MAS068,VET08,PORTAL_WEB,COMPLETADA,10,39,45000,0.0,45000.0,EFECTIVO,5,1,0,0
FACT00635,20250618,CLN04,SRV07,MAS100,VET06,AGENTE_NOVA_CHATBOT,COMPLETADA,9,71,150000,0.0,150000.0,STRIPE_CARD,3,1,0,0
FACT00636,20250618,CLN03,SRV07,MAS081,VET05,PORTAL_WEB,CANCELADA,0,0,150000,0.0,0.0,NO_APLICA,,0,0,1
FACT00637,20250618,CLN01,SRV07,MAS070,VET02,AGENTE_NOVA_CHATBOT,COMPLETADA,13,58,150000,0.0,150000.0,TRANSFERENCIA_NEQUI,5,1,0,0
FACT00638,20250619,CLN06,SRV04,MAS134,VET09,PORTAL_WEB,COMPLETADA,15,102,220000,0.0,220000.0,STRIPE_CARD,5,1,0,0
FACT00639,20250619,CLN01,SRV07,MAS026,VET01,PORTAL_WEB,CANCELADA,0,0,150000,0.0,0.0,NO_APLICA,,0,0,1
FACT00640,20250619,CLN06,SRV06,MAS057,VET10,AGENTE_NOVA_CHATBOT,NO_ASISTIO,0,0,120000,0.0,0.0,NO_APLICA,,0,1,0
FACT00641,20250619,CLN03,SRV01,MAS007,VET05,PORTAL_WEB,CANCELADA,0,0,45000,0.0,0.0,NO_APLICA,,0,0,1
FACT00642,20250619,CLN01,SRV02,MAS031,VET01,OPTIMIZACION_GEO_PLEB,COMPLETADA,9,27,35000,3500.0,31500.0,STRIPE_CARD,4,1,0,0
FACT00643,20250619,CLN01,SRV05,MAS076,VET01,PORTAL_WEB,COMPLETADA,25,34,85000,0.0,85000.0,EFECTIVO,2,1,0,0
FACT00644,20250620,CLN04,SRV05,MAS042,VET07,AGENTE_NOVA_CHATBOT,COMPLETADA,29,21,85000,0.0,85000.0,EFECTIVO,5,1,0,0
FACT00645,20250620,CLN01,SRV05,MAS046,VET02,PORTAL_WEB,COMPLETADA,20,26,85000,0.0,85000.0,STRIPE_CARD,4,1,0,0
FACT00646,20250620,CLN06,SRV02,MAS037,VET10,RECEPCION_PRESENCIAL,CANCELADA,0,0,35000,0.0,0.0,NO_APLICA,,0,0,1
FACT00647,20250620,CLN02,SRV08,MAS067,VET03,PORTAL_WEB,COMPLETADA,7,57,50000,0.0,50000.0,EFECTIVO,4,1,0,0
FACT00648,20250620,CLN04,SRV08,MAS039,VET06,PORTAL_WEB,NO_ASISTIO,0,0,50000,0.0,0.0,NO_APLICA,,0,1,0
FACT00649,20250620,CLN01,SRV05,MAS039,VET02,AGENTE_NOVA_CHATBOT,NO_ASISTIO,0,0,85000,0.0,0.0,NO_APLICA,,0,1,0
FACT00650,20250620,CLN04,SRV08,MAS123,VET06,RECEPCION_PRESENCIAL,COMPLETADA,32,57,50000,0.0,50000.0,STRIPE_CARD,4,1,0,0
FACT00651,20250620,CLN04,SRV02,MAS146,VET07,AGENTE_NOVA_CHATBOT,CANCELADA,0,0,35000,0.0,0.0,NO_APLICA,,0,0,1
FACT00652,20250620,CLN03,SRV07,MAS015,VET05,PORTAL_WEB,NO_ASISTIO,0,0,150000,0.0,0.0,NO_APLICA,,0,1,0
FACT00653,20250621,CLN05,SRV02,MAS118,VET08,PORTAL_WEB,COMPLETADA,10,32,35000,0.0,35000.0,TRANSFERENCIA_NEQUI,5,1,0,0
FACT00654,20250621,CLN06,SRV05,MAS100,VET09,AGENTE_NOVA_CHATBOT,COMPLETADA,20,22,85000,0.0,85000.0,TRANSFERENCIA_NEQUI,3,1,0,0
FACT00655,20250621,CLN06,SRV03,MAS010,VET09,PORTAL_WEB,COMPLETADA,28,28,25000,0.0,25000.0,TRANSFERENCIA_NEQUI,5,1,0,0
FACT00656,20250621,CLN01,SRV08,MAS137,VET02,PORTAL_WEB,COMPLETADA,6,65,50000,0.0,50000.0,STRIPE_CARD,5,1,0,0
FACT00657,20250621,CLN04,SRV04,MAS134,VET06,OPTIMIZACION_GEO_PLEB,COMPLETADA,9,103,220000,22000.0,198000.0,STRIPE_CARD,5,1,0,0
FACT00658,20250622,CLN06,SRV08,MAS005,VET09,OPTIMIZACION_GEO_PLEB,COMPLETADA,6,62,50000,5000.0,45000.0,STRIPE_CARD,4,1,0,0
FACT00659,20250622,CLN01,SRV01,MAS079,VET01,RECEPCION_PRESENCIAL,COMPLETADA,24,30,45000,0.0,45000.0,STRIPE_CARD,3,1,0,0
FACT00660,20250622,CLN01,SRV08,MAS057,VET01,PORTAL_WEB,COMPLETADA,18,65,50000,0.0,50000.0,TRANSFERENCIA_NEQUI,3,1,0,0
FACT00661,20250623,CLN01,SRV06,MAS055,VET01,OPTIMIZACION_GEO_PLEB,COMPLETADA,10,45,120000,12000.0,108000.0,EFECTIVO,5,1,0,0
FACT00662,20250623,CLN02,SRV03,MAS095,VET04,PORTAL_WEB,CANCELADA,0,0,25000,0.0,0.0,NO_APLICA,,0,0,1
FACT00663,20250623,CLN04,SRV01,MAS035,VET06,OPTIMIZACION_GEO_PLEB,COMPLETADA,17,30,45000,4500.0,40500.0,TRANSFERENCIA_NEQUI,5,1,0,0
FACT00664,20250623,CLN01,SRV01,MAS046,VET01,OPTIMIZACION_GEO_PLEB,COMPLETADA,33,34,45000,4500.0,40500.0,TRANSFERENCIA_NEQUI,5,1,0,0
FACT00665,20250623,CLN06,SRV04,MAS037,VET09,AGENTE_NOVA_CHATBOT,NO_ASISTIO,0,0,220000,0.0,0.0,NO_APLICA,,0,1,0
FACT00666,20250624,CLN04,SRV04,MAS045,VET07,PORTAL_WEB,CANCELADA,0,0,220000,0.0,0.0,NO_APLICA,,0,0,1
FACT00667,20250624,CLN05,SRV08,MAS023,VET08,AGENTE_NOVA_CHATBOT,NO_ASISTIO,0,0,50000,0.0,0.0,NO_APLICA,,0,1,0
FACT00668,20250624,CLN03,SRV01,MAS143,VET05,PORTAL_WEB,COMPLETADA,8,41,45000,0.0,45000.0,EFECTIVO,1,1,0,0
FACT00669,20250624,CLN05,SRV08,MAS054,VET08,PORTAL_WEB,COMPLETADA,11,58,50000,0.0,50000.0,TRANSFERENCIA_NEQUI,4,1,0,0
FACT00670,20250624,CLN04,SRV03,MAS012,VET06,AGENTE_NOVA_CHATBOT,COMPLETADA,14,16,25000,0.0,25000.0,EFECTIVO,5,1,0,0
FACT00671,20250624,CLN05,SRV01,MAS027,VET08,PORTAL_WEB,NO_ASISTIO,0,0,45000,0.0,0.0,NO_APLICA,,0,1,0
FACT00672,20250624,CLN05,SRV03,MAS008,VET08,OPTIMIZACION_GEO_PLEB,COMPLETADA,8,12,25000,2500.0,22500.0,TRANSFERENCIA_NEQUI,3,1,0,0
FACT00673,20250625,CLN05,SRV07,MAS051,VET08,AGENTE_NOVA_CHATBOT,NO_ASISTIO,0,0,150000,0.0,0.0,NO_APLICA,,0,1,0
FACT00674,20250625,CLN02,SRV06,MAS059,VET03,PORTAL_WEB,COMPLETADA,28,48,120000,0.0,120000.0,TRANSFERENCIA_NEQUI,3,1,0,0
FACT00675,20250625,CLN02,SRV08,MAS150,VET03,PORTAL_WEB,COMPLETADA,33,68,50000,0.0,50000.0,TRANSFERENCIA_NEQUI,5,1,0,0
FACT00676,20250625,CLN02,SRV06,MAS035,VET04,PORTAL_WEB,COMPLETADA,25,46,120000,0.0,120000.0,STRIPE_CARD,1,1,0,0
FACT00677,20250625,CLN03,SRV01,MAS146,VET05,AGENTE_NOVA_CHATBOT,COMPLETADA,9,28,45000,0.0,45000.0,TRANSFERENCIA_NEQUI,3,1,0,0
FACT00678,20250625,CLN04,SRV06,MAS057,VET06,OPTIMIZACION_GEO_PLEB,COMPLETADA,10,55,120000,12000.0,108000.0,STRIPE_CARD,2,1,0,0
FACT00679,20250625,CLN05,SRV02,MAS106,VET08,RECEPCION_PRESENCIAL,CANCELADA,0,0,35000,0.0,0.0,NO_APLICA,,0,0,1
FACT00680,20250626,CLN02,SRV08,MAS072,VET04,RECEPCION_PRESENCIAL,COMPLETADA,28,62,50000,0.0,50000.0,TRANSFERENCIA_NEQUI,5,1,0,0
FACT00681,20250626,CLN05,SRV03,MAS147,VET08,RECEPCION_PRESENCIAL,COMPLETADA,6,11,25000,0.0,25000.0,STRIPE_CARD,1,1,0,0
FACT00682,20250626,CLN04,SRV08,MAS026,VET07,RECEPCION_PRESENCIAL,COMPLETADA,12,57,50000,0.0,50000.0,STRIPE_CARD,4,1,0,0
FACT00683,20250626,CLN06,SRV04,MAS034,VET10,AGENTE_NOVA_CHATBOT,COMPLETADA,12,105,220000,0.0,220000.0,STRIPE_CARD,1,1,0,0
FACT00684,20250626,CLN04,SRV03,MAS118,VET07,OPTIMIZACION_GEO_PLEB,CANCELADA,0,0,25000,2500.0,0.0,NO_APLICA,,0,0,1
FACT00685,20250626,CLN01,SRV08,MAS036,VET02,RECEPCION_PRESENCIAL,NO_ASISTIO,0,0,50000,0.0,0.0,NO_APLICA,,0,1,0
FACT00686,20250626,CLN02,SRV08,MAS001,VET04,PORTAL_WEB,NO_ASISTIO,0,0,50000,0.0,0.0,NO_APLICA,,0,1,0
FACT00687,20250626,CLN04,SRV01,MAS076,VET07,AGENTE_NOVA_CHATBOT,COMPLETADA,27,44,45000,0.0,45000.0,STRIPE_CARD,4,1,0,0
FACT00688,20250626,CLN06,SRV06,MAS015,VET09,AGENTE_NOVA_CHATBOT,CANCELADA,0,0,120000,0.0,0.0,NO_APLICA,,0,0,1
FACT00689,20250627,CLN01,SRV06,MAS120,VET02,PORTAL_WEB,CANCELADA,0,0,120000,0.0,0.0,NO_APLICA,,0,0,1
FACT00690,20250627,CLN03,SRV03,MAS144,VET05,PORTAL_WEB,NO_ASISTIO,0,0,25000,0.0,0.0,NO_APLICA,,0,1,0
FACT00691,20250627,CLN05,SRV03,MAS086,VET08,OPTIMIZACION_GEO_PLEB,COMPLETADA,8,30,25000,2500.0,22500.0,STRIPE_CARD,5,1,0,0
FACT00692,20250628,CLN06,SRV06,MAS091,VET09,OPTIMIZACION_GEO_PLEB,COMPLETADA,26,48,120000,12000.0,108000.0,STRIPE_CARD,5,1,0,0
FACT00693,20250628,CLN03,SRV08,MAS125,VET05,OPTIMIZACION_GEO_PLEB,CANCELADA,0,0,50000,5000.0,0.0,NO_APLICA,,0,0,1
FACT00694,20250628,CLN01,SRV05,MAS116,VET02,AGENTE_NOVA_CHATBOT,CANCELADA,0,0,85000,0.0,0.0,NO_APLICA,,0,0,1
FACT00695,20250628,CLN06,SRV04,MAS118,VET09,PORTAL_WEB,COMPLETADA,17,90,220000,0.0,220000.0,STRIPE_CARD,5,1,0,0
FACT00696,20250628,CLN01,SRV05,MAS029,VET01,PORTAL_WEB,NO_ASISTIO,0,0,85000,0.0,0.0,NO_APLICA,,0,1,0
FACT00697,20250628,CLN04,SRV04,MAS134,VET06,PORTAL_WEB,NO_ASISTIO,0,0,220000,0.0,0.0,NO_APLICA,,0,1,0
FACT00698,20250628,CLN03,SRV03,MAS122,VET05,RECEPCION_PRESENCIAL,COMPLETADA,19,30,25000,0.0,25000.0,STRIPE_CARD,5,1,0,0
FACT00699,20250628,CLN01,SRV04,MAS134,VET01,AGENTE_NOVA_CHATBOT,NO_ASISTIO,0,0,220000,0.0,0.0,NO_APLICA,,0,1,0
FACT00700,20250628,CLN04,SRV06,MAS125,VET07,OPTIMIZACION_GEO_PLEB,CANCELADA,0,0,120000,12000.0,0.0,NO_APLICA,,0,0,1
FACT00701,20250629,CLN05,SRV08,MAS078,VET08,PORTAL_WEB,CANCELADA,0,0,50000,0.0,0.0,NO_APLICA,,0,0,1
FACT00702,20250629,CLN03,SRV05,MAS059,VET05,AGENTE_NOVA_CHATBOT,COMPLETADA,14,21,85000,0.0,85000.0,EFECTIVO,5,1,0,0
FACT00703,20250629,CLN04,SRV03,MAS138,VET06,PORTAL_WEB,COMPLETADA,10,14,25000,0.0,25000.0,STRIPE_CARD,5,1,0,0
FACT00704,20250629,CLN01,SRV03,MAS113,VET02,AGENTE_NOVA_CHATBOT,COMPLETADA,10,16,25000,0.0,25000.0,STRIPE_CARD,4,1,0,0
FACT00705,20250629,CLN06,SRV06,MAS038,VET10,RECEPCION_PRESENCIAL,COMPLETADA,22,40,120000,0.0,120000.0,STRIPE_CARD,4,1,0,0
FACT00706,20250629,CLN01,SRV08,MAS038,VET02,AGENTE_NOVA_CHATBOT,COMPLETADA,9,55,50000,0.0,50000.0,EFECTIVO,1,1,0,0
FACT00707,20250629,CLN06,SRV08,MAS075,VET10,PORTAL_WEB,CANCELADA,0,0,50000,0.0,0.0,NO_APLICA,,0,0,1
FACT00708,20250629,CLN05,SRV06,MAS029,VET08,RECEPCION_PRESENCIAL,NO_ASISTIO,0,0,120000,0.0,0.0,NO_APLICA,,0,1,0
FACT00709,20250629,CLN01,SRV02,MAS079,VET01,RECEPCION_PRESENCIAL,COMPLETADA,24,22,35000,0.0,35000.0,STRIPE_CARD,5,1,0,0
FACT00710,20250630,CLN01,SRV04,MAS072,VET01,PORTAL_WEB,COMPLETADA,7,102,220000,0.0,220000.0,STRIPE_CARD,3,1,0,0
FACT00711,20250630,CLN05,SRV04,MAS126,VET08,OPTIMIZACION_GEO_PLEB,COMPLETADA,24,101,220000,22000.0,198000.0,EFECTIVO,2,1,0,0
FACT00712,20250630,CLN04,SRV07,MAS095,VET06,AGENTE_NOVA_CHATBOT,COMPLETADA,5,64,150000,0.0,150000.0,EFECTIVO,5,1,0,0
FACT00713,20250630,CLN04,SRV04,MAS114,VET06,RECEPCION_PRESENCIAL,NO_ASISTIO,0,0,220000,0.0,0.0,NO_APLICA,,0,1,0
FACT00714,20250630,CLN04,SRV03,MAS109,VET07,RECEPCION_PRESENCIAL,NO_ASISTIO,0,0,25000,0.0,0.0,NO_APLICA,,0,1,0
FACT00715,20250701,CLN05,SRV03,MAS054,VET08,RECEPCION_PRESENCIAL,COMPLETADA,32,26,25000,0.0,25000.0,STRIPE_CARD,1,1,0,0
FACT00716,20250701,CLN05,SRV02,MAS002,VET08,AGENTE_NOVA_CHATBOT,COMPLETADA,18,20,35000,0.0,35000.0,STRIPE_CARD,4,1,0,0
FACT00717,20250701,CLN02,SRV07,MAS075,VET03,RECEPCION_PRESENCIAL,CANCELADA,0,0,150000,0.0,0.0,NO_APLICA,,0,0,1
FACT00718,20250701,CLN01,SRV05,MAS127,VET02,RECEPCION_PRESENCIAL,CANCELADA,0,0,85000,0.0,0.0,NO_APLICA,,0,0,1
FACT00719,20250702,CLN01,SRV03,MAS068,VET01,RECEPCION_PRESENCIAL,COMPLETADA,8,30,25000,0.0,25000.0,EFECTIVO,4,1,0,0
FACT00720,20250702,CLN04,SRV08,MAS063,VET06,PORTAL_WEB,COMPLETADA,29,63,50000,0.0,50000.0,STRIPE_CARD,5,1,0,0
FACT00721,20250702,CLN05,SRV08,MAS145,VET08,AGENTE_NOVA_CHATBOT,COMPLETADA,25,70,50000,0.0,50000.0,STRIPE_CARD,1,1,0,0
FACT00722,20250702,CLN03,SRV05,MAS042,VET05,PORTAL_WEB,CANCELADA,0,0,85000,0.0,0.0,NO_APLICA,,0,0,1
FACT00723,20250703,CLN03,SRV03,MAS092,VET05,PORTAL_WEB,COMPLETADA,13,21,25000,0.0,25000.0,EFECTIVO,5,1,0,0
FACT00724,20250703,CLN01,SRV05,MAS136,VET02,PORTAL_WEB,NO_ASISTIO,0,0,85000,0.0,0.0,NO_APLICA,,0,1,0
FACT00725,20250703,CLN05,SRV03,MAS025,VET08,PORTAL_WEB,CANCELADA,0,0,25000,0.0,0.0,NO_APLICA,,0,0,1
FACT00726,20250703,CLN05,SRV06,MAS078,VET08,AGENTE_NOVA_CHATBOT,COMPLETADA,8,52,120000,0.0,120000.0,STRIPE_CARD,4,1,0,0
FACT00727,20250704,CLN02,SRV06,MAS125,VET04,AGENTE_NOVA_CHATBOT,COMPLETADA,34,40,120000,0.0,120000.0,STRIPE_CARD,5,1,0,0
FACT00728,20250704,CLN05,SRV04,MAS144,VET08,OPTIMIZACION_GEO_PLEB,CANCELADA,0,0,220000,22000.0,0.0,NO_APLICA,,0,0,1
FACT00729,20250704,CLN05,SRV07,MAS118,VET08,PORTAL_WEB,COMPLETADA,31,59,150000,0.0,150000.0,TRANSFERENCIA_NEQUI,2,1,0,0
FACT00730,20250705,CLN03,SRV03,MAS114,VET05,OPTIMIZACION_GEO_PLEB,CANCELADA,0,0,25000,2500.0,0.0,NO_APLICA,,0,0,1
FACT00731,20250705,CLN03,SRV05,MAS008,VET05,PORTAL_WEB,NO_ASISTIO,0,0,85000,0.0,0.0,NO_APLICA,,0,1,0
FACT00732,20250705,CLN02,SRV03,MAS059,VET03,PORTAL_WEB,COMPLETADA,11,14,25000,0.0,25000.0,TRANSFERENCIA_NEQUI,1,1,0,0
FACT00733,20250705,CLN06,SRV02,MAS005,VET09,RECEPCION_PRESENCIAL,COMPLETADA,6,21,35000,0.0,35000.0,STRIPE_CARD,5,1,0,0
FACT00734,20250705,CLN04,SRV05,MAS012,VET06,AGENTE_NOVA_CHATBOT,COMPLETADA,26,20,85000,0.0,85000.0,STRIPE_CARD,4,1,0,0
FACT00735,20250706,CLN02,SRV03,MAS090,VET03,PORTAL_WEB,COMPLETADA,9,18,25000,0.0,25000.0,EFECTIVO,2,1,0,0
FACT00736,20250706,CLN03,SRV04,MAS130,VET05,PORTAL_WEB,CANCELADA,0,0,220000,0.0,0.0,NO_APLICA,,0,0,1
FACT00737,20250706,CLN01,SRV04,MAS050,VET01,PORTAL_WEB,COMPLETADA,33,102,220000,0.0,220000.0,STRIPE_CARD,5,1,0,0
FACT00738,20250706,CLN02,SRV06,MAS048,VET04,PORTAL_WEB,COMPLETADA,10,46,120000,0.0,120000.0,TRANSFERENCIA_NEQUI,1,1,0,0
FACT00739,20250706,CLN02,SRV07,MAS029,VET03,PORTAL_WEB,COMPLETADA,19,58,150000,0.0,150000.0,TRANSFERENCIA_NEQUI,4,1,0,0
FACT00740,20250706,CLN03,SRV01,MAS022,VET05,RECEPCION_PRESENCIAL,COMPLETADA,8,37,45000,0.0,45000.0,EFECTIVO,5,1,0,0
FACT00741,20250706,CLN06,SRV04,MAS142,VET10,AGENTE_NOVA_CHATBOT,COMPLETADA,32,98,220000,0.0,220000.0,STRIPE_CARD,5,1,0,0
FACT00742,20250707,CLN04,SRV03,MAS004,VET07,RECEPCION_PRESENCIAL,NO_ASISTIO,0,0,25000,0.0,0.0,NO_APLICA,,0,1,0
FACT00743,20250707,CLN06,SRV07,MAS113,VET09,PORTAL_WEB,CANCELADA,0,0,150000,0.0,0.0,NO_APLICA,,0,0,1
FACT00744,20250707,CLN01,SRV07,MAS103,VET01,OPTIMIZACION_GEO_PLEB,NO_ASISTIO,0,0,150000,15000.0,0.0,NO_APLICA,,0,1,0
FACT00745,20250707,CLN01,SRV02,MAS094,VET01,AGENTE_NOVA_CHATBOT,COMPLETADA,11,34,35000,0.0,35000.0,TRANSFERENCIA_NEQUI,3,1,0,0
FACT00746,20250707,CLN01,SRV07,MAS128,VET01,OPTIMIZACION_GEO_PLEB,COMPLETADA,23,63,150000,15000.0,135000.0,TRANSFERENCIA_NEQUI,4,1,0,0
FACT00747,20250707,CLN03,SRV07,MAS125,VET05,AGENTE_NOVA_CHATBOT,CANCELADA,0,0,150000,0.0,0.0,NO_APLICA,,0,0,1
FACT00748,20250707,CLN02,SRV02,MAS032,VET04,RECEPCION_PRESENCIAL,COMPLETADA,20,22,35000,0.0,35000.0,STRIPE_CARD,4,1,0,0
FACT00749,20250707,CLN01,SRV01,MAS018,VET01,PORTAL_WEB,COMPLETADA,10,37,45000,0.0,45000.0,EFECTIVO,4,1,0,0
FACT00750,20250707,CLN02,SRV02,MAS020,VET04,OPTIMIZACION_GEO_PLEB,NO_ASISTIO,0,0,35000,3500.0,0.0,NO_APLICA,,0,1,0
FACT00751,20250708,CLN04,SRV04,MAS076,VET07,RECEPCION_PRESENCIAL,NO_ASISTIO,0,0,220000,0.0,0.0,NO_APLICA,,0,1,0
FACT00752,20250708,CLN04,SRV06,MAS139,VET07,PORTAL_WEB,CANCELADA,0,0,120000,0.0,0.0,NO_APLICA,,0,0,1
FACT00753,20250708,CLN01,SRV02,MAS099,VET02,AGENTE_NOVA_CHATBOT,COMPLETADA,32,27,35000,0.0,35000.0,STRIPE_CARD,5,1,0,0
FACT00754,20250708,CLN01,SRV05,MAS043,VET01,RECEPCION_PRESENCIAL,COMPLETADA,9,29,85000,0.0,85000.0,TRANSFERENCIA_NEQUI,4,1,0,0
FACT00755,20250708,CLN01,SRV08,MAS122,VET02,PORTAL_WEB,CANCELADA,0,0,50000,0.0,0.0,NO_APLICA,,0,0,1
FACT00756,20250708,CLN05,SRV07,MAS068,VET08,OPTIMIZACION_GEO_PLEB,COMPLETADA,17,74,150000,15000.0,135000.0,EFECTIVO,4,1,0,0
FACT00757,20250708,CLN03,SRV01,MAS012,VET05,AGENTE_NOVA_CHATBOT,COMPLETADA,16,43,45000,0.0,45000.0,EFECTIVO,5,1,0,0
FACT00758,20250708,CLN04,SRV07,MAS089,VET06,RECEPCION_PRESENCIAL,COMPLETADA,16,56,150000,0.0,150000.0,STRIPE_CARD,4,1,0,0
FACT00759,20250708,CLN02,SRV02,MAS017,VET04,PORTAL_WEB,COMPLETADA,15,20,35000,0.0,35000.0,EFECTIVO,5,1,0,0
FACT00760,20250709,CLN04,SRV07,MAS069,VET07,RECEPCION_PRESENCIAL,COMPLETADA,23,55,150000,0.0,150000.0,TRANSFERENCIA_NEQUI,1,1,0,0
FACT00761,20250709,CLN05,SRV06,MAS147,VET08,RECEPCION_PRESENCIAL,COMPLETADA,8,41,120000,0.0,120000.0,EFECTIVO,5,1,0,0
FACT00762,20250709,CLN02,SRV06,MAS112,VET04,RECEPCION_PRESENCIAL,COMPLETADA,25,37,120000,0.0,120000.0,STRIPE_CARD,3,1,0,0
FACT00763,20250710,CLN03,SRV05,MAS147,VET05,PORTAL_WEB,COMPLETADA,24,22,85000,0.0,85000.0,STRIPE_CARD,4,1,0,0
FACT00764,20250710,CLN05,SRV05,MAS018,VET08,OPTIMIZACION_GEO_PLEB,CANCELADA,0,0,85000,8500.0,0.0,NO_APLICA,,0,0,1
FACT00765,20250710,CLN04,SRV04,MAS089,VET07,AGENTE_NOVA_CHATBOT,COMPLETADA,21,94,220000,0.0,220000.0,EFECTIVO,5,1,0,0
FACT00766,20250710,CLN02,SRV07,MAS065,VET04,OPTIMIZACION_GEO_PLEB,CANCELADA,0,0,150000,15000.0,0.0,NO_APLICA,,0,0,1
FACT00767,20250710,CLN04,SRV01,MAS133,VET06,OPTIMIZACION_GEO_PLEB,COMPLETADA,20,31,45000,4500.0,40500.0,TRANSFERENCIA_NEQUI,4,1,0,0
FACT00768,20250711,CLN06,SRV01,MAS134,VET10,AGENTE_NOVA_CHATBOT,COMPLETADA,19,29,45000,0.0,45000.0,EFECTIVO,5,1,0,0
FACT00769,20250711,CLN04,SRV06,MAS017,VET07,PORTAL_WEB,NO_ASISTIO,0,0,120000,0.0,0.0,NO_APLICA,,0,1,0
FACT00770,20250711,CLN04,SRV05,MAS042,VET07,OPTIMIZACION_GEO_PLEB,COMPLETADA,12,32,85000,8500.0,76500.0,STRIPE_CARD,5,1,0,0
FACT00771,20250711,CLN02,SRV04,MAS080,VET03,RECEPCION_PRESENCIAL,COMPLETADA,22,98,220000,0.0,220000.0,STRIPE_CARD,5,1,0,0
FACT00772,20250711,CLN02,SRV05,MAS035,VET03,AGENTE_NOVA_CHATBOT,COMPLETADA,30,28,85000,0.0,85000.0,STRIPE_CARD,4,1,0,0
FACT00773,20250712,CLN01,SRV01,MAS015,VET02,AGENTE_NOVA_CHATBOT,COMPLETADA,24,34,45000,0.0,45000.0,TRANSFERENCIA_NEQUI,3,1,0,0
FACT00774,20250712,CLN03,SRV07,MAS036,VET05,PORTAL_WEB,COMPLETADA,23,71,150000,0.0,150000.0,EFECTIVO,2,1,0,0
FACT00775,20250712,CLN04,SRV04,MAS032,VET06,AGENTE_NOVA_CHATBOT,COMPLETADA,31,103,220000,0.0,220000.0,STRIPE_CARD,4,1,0,0
FACT00776,20250712,CLN04,SRV03,MAS028,VET06,PORTAL_WEB,COMPLETADA,13,24,25000,0.0,25000.0,STRIPE_CARD,5,1,0,0
FACT00777,20250712,CLN04,SRV02,MAS082,VET07,RECEPCION_PRESENCIAL,CANCELADA,0,0,35000,0.0,0.0,NO_APLICA,,0,0,1
FACT00778,20250712,CLN04,SRV05,MAS038,VET06,RECEPCION_PRESENCIAL,COMPLETADA,27,31,85000,0.0,85000.0,STRIPE_CARD,3,1,0,0
FACT00779,20250712,CLN06,SRV01,MAS062,VET09,OPTIMIZACION_GEO_PLEB,COMPLETADA,17,34,45000,4500.0,40500.0,EFECTIVO,4,1,0,0
FACT00780,20250712,CLN06,SRV04,MAS114,VET09,PORTAL_WEB,COMPLETADA,34,97,220000,0.0,220000.0,EFECTIVO,2,1,0,0
FACT00781,20250713,CLN01,SRV05,MAS054,VET01,RECEPCION_PRESENCIAL,COMPLETADA,25,30,85000,0.0,85000.0,TRANSFERENCIA_NEQUI,3,1,0,0
FACT00782,20250713,CLN01,SRV02,MAS126,VET02,RECEPCION_PRESENCIAL,COMPLETADA,34,25,35000,0.0,35000.0,STRIPE_CARD,4,1,0,0
FACT00783,20250713,CLN02,SRV02,MAS091,VET04,OPTIMIZACION_GEO_PLEB,COMPLETADA,28,32,35000,3500.0,31500.0,TRANSFERENCIA_NEQUI,4,1,0,0
FACT00784,20250713,CLN06,SRV01,MAS048,VET09,RECEPCION_PRESENCIAL,NO_ASISTIO,0,0,45000,0.0,0.0,NO_APLICA,,0,1,0
FACT00785,20250713,CLN06,SRV01,MAS103,VET09,AGENTE_NOVA_CHATBOT,COMPLETADA,15,43,45000,0.0,45000.0,STRIPE_CARD,5,1,0,0
FACT00786,20250714,CLN05,SRV07,MAS082,VET08,RECEPCION_PRESENCIAL,COMPLETADA,32,59,150000,0.0,150000.0,EFECTIVO,5,1,0,0
FACT00787,20250714,CLN03,SRV02,MAS107,VET05,PORTAL_WEB,COMPLETADA,17,27,35000,0.0,35000.0,STRIPE_CARD,2,1,0,0
FACT00788,20250714,CLN01,SRV04,MAS023,VET01,PORTAL_WEB,COMPLETADA,13,90,220000,0.0,220000.0,TRANSFERENCIA_NEQUI,5,1,0,0
FACT00789,20250714,CLN05,SRV03,MAS023,VET08,PORTAL_WEB,COMPLETADA,35,28,25000,0.0,25000.0,TRANSFERENCIA_NEQUI,5,1,0,0
FACT00790,20250715,CLN04,SRV02,MAS058,VET07,PORTAL_WEB,NO_ASISTIO,0,0,35000,0.0,0.0,NO_APLICA,,0,1,0
FACT00791,20250715,CLN02,SRV05,MAS127,VET04,PORTAL_WEB,COMPLETADA,18,26,85000,0.0,85000.0,EFECTIVO,4,1,0,0
FACT00792,20250715,CLN06,SRV07,MAS047,VET09,PORTAL_WEB,COMPLETADA,5,64,150000,0.0,150000.0,STRIPE_CARD,1,1,0,0
FACT00793,20250715,CLN05,SRV04,MAS095,VET08,RECEPCION_PRESENCIAL,CANCELADA,0,0,220000,0.0,0.0,NO_APLICA,,0,0,1
FACT00794,20250715,CLN01,SRV08,MAS035,VET01,RECEPCION_PRESENCIAL,COMPLETADA,26,61,50000,0.0,50000.0,TRANSFERENCIA_NEQUI,4,1,0,0
FACT00795,20250715,CLN06,SRV02,MAS025,VET10,PORTAL_WEB,CANCELADA,0,0,35000,0.0,0.0,NO_APLICA,,0,0,1
FACT00796,20250715,CLN01,SRV04,MAS121,VET02,OPTIMIZACION_GEO_PLEB,COMPLETADA,35,104,220000,22000.0,198000.0,STRIPE_CARD,4,1,0,0
FACT00797,20250715,CLN01,SRV07,MAS078,VET02,AGENTE_NOVA_CHATBOT,COMPLETADA,9,72,150000,0.0,150000.0,STRIPE_CARD,5,1,0,0
FACT00798,20250715,CLN03,SRV08,MAS087,VET05,PORTAL_WEB,COMPLETADA,7,65,50000,0.0,50000.0,TRANSFERENCIA_NEQUI,4,1,0,0
FACT00799,20250716,CLN03,SRV06,MAS012,VET05,RECEPCION_PRESENCIAL,COMPLETADA,32,43,120000,0.0,120000.0,TRANSFERENCIA_NEQUI,4,1,0,0
FACT00800,20250716,CLN03,SRV05,MAS133,VET05,RECEPCION_PRESENCIAL,COMPLETADA,33,25,85000,0.0,85000.0,TRANSFERENCIA_NEQUI,5,1,0,0
FACT00801,20250716,CLN02,SRV01,MAS049,VET04,PORTAL_WEB,COMPLETADA,12,30,45000,0.0,45000.0,EFECTIVO,5,1,0,0
FACT00802,20250716,CLN02,SRV07,MAS030,VET04,PORTAL_WEB,COMPLETADA,19,66,150000,0.0,150000.0,TRANSFERENCIA_NEQUI,1,1,0,0
FACT00803,20250717,CLN04,SRV03,MAS032,VET06,PORTAL_WEB,COMPLETADA,11,19,25000,0.0,25000.0,STRIPE_CARD,5,1,0,0
FACT00804,20250717,CLN06,SRV04,MAS150,VET10,OPTIMIZACION_GEO_PLEB,COMPLETADA,29,103,220000,22000.0,198000.0,STRIPE_CARD,5,1,0,0
FACT00805,20250717,CLN02,SRV02,MAS085,VET04,AGENTE_NOVA_CHATBOT,COMPLETADA,26,18,35000,0.0,35000.0,STRIPE_CARD,5,1,0,0
FACT00806,20250717,CLN03,SRV01,MAS021,VET05,RECEPCION_PRESENCIAL,COMPLETADA,19,45,45000,0.0,45000.0,STRIPE_CARD,2,1,0,0
FACT00807,20250717,CLN03,SRV08,MAS084,VET05,OPTIMIZACION_GEO_PLEB,NO_ASISTIO,0,0,50000,5000.0,0.0,NO_APLICA,,0,1,0
FACT00808,20250717,CLN02,SRV01,MAS073,VET03,PORTAL_WEB,COMPLETADA,28,27,45000,0.0,45000.0,TRANSFERENCIA_NEQUI,4,1,0,0
FACT00809,20250718,CLN04,SRV03,MAS062,VET07,PORTAL_WEB,COMPLETADA,5,16,25000,0.0,25000.0,TRANSFERENCIA_NEQUI,5,1,0,0
FACT00810,20250718,CLN03,SRV02,MAS077,VET05,RECEPCION_PRESENCIAL,COMPLETADA,28,24,35000,0.0,35000.0,STRIPE_CARD,3,1,0,0
FACT00811,20250718,CLN03,SRV06,MAS132,VET05,RECEPCION_PRESENCIAL,COMPLETADA,19,47,120000,0.0,120000.0,TRANSFERENCIA_NEQUI,5,1,0,0
FACT00812,20250719,CLN04,SRV03,MAS112,VET07,RECEPCION_PRESENCIAL,NO_ASISTIO,0,0,25000,0.0,0.0,NO_APLICA,,0,1,0
FACT00813,20250719,CLN01,SRV06,MAS119,VET01,PORTAL_WEB,NO_ASISTIO,0,0,120000,0.0,0.0,NO_APLICA,,0,1,0
FACT00814,20250719,CLN06,SRV08,MAS135,VET09,OPTIMIZACION_GEO_PLEB,NO_ASISTIO,0,0,50000,5000.0,0.0,NO_APLICA,,0,1,0
FACT00815,20250720,CLN03,SRV07,MAS021,VET05,AGENTE_NOVA_CHATBOT,COMPLETADA,9,59,150000,0.0,150000.0,EFECTIVO,4,1,0,0
FACT00816,20250720,CLN02,SRV05,MAS146,VET04,OPTIMIZACION_GEO_PLEB,COMPLETADA,7,21,85000,8500.0,76500.0,TRANSFERENCIA_NEQUI,4,1,0,0
FACT00817,20250720,CLN04,SRV08,MAS146,VET06,AGENTE_NOVA_CHATBOT,COMPLETADA,13,73,50000,0.0,50000.0,STRIPE_CARD,5,1,0,0
FACT00818,20250721,CLN06,SRV03,MAS047,VET10,PORTAL_WEB,COMPLETADA,7,23,25000,0.0,25000.0,EFECTIVO,3,1,0,0
FACT00819,20250721,CLN03,SRV08,MAS068,VET05,PORTAL_WEB,COMPLETADA,11,60,50000,0.0,50000.0,EFECTIVO,5,1,0,0
FACT00820,20250721,CLN06,SRV07,MAS137,VET09,PORTAL_WEB,COMPLETADA,17,58,150000,0.0,150000.0,TRANSFERENCIA_NEQUI,5,1,0,0
FACT00821,20250722,CLN06,SRV08,MAS078,VET10,OPTIMIZACION_GEO_PLEB,CANCELADA,0,0,50000,5000.0,0.0,NO_APLICA,,0,0,1
FACT00822,20250722,CLN03,SRV05,MAS023,VET05,PORTAL_WEB,COMPLETADA,5,26,85000,0.0,85000.0,STRIPE_CARD,5,1,0,0
FACT00823,20250722,CLN06,SRV01,MAS054,VET09,PORTAL_WEB,COMPLETADA,25,32,45000,0.0,45000.0,STRIPE_CARD,5,1,0,0
FACT00824,20250722,CLN01,SRV08,MAS038,VET02,RECEPCION_PRESENCIAL,COMPLETADA,5,58,50000,0.0,50000.0,STRIPE_CARD,5,1,0,0
FACT00825,20250722,CLN06,SRV08,MAS121,VET10,RECEPCION_PRESENCIAL,COMPLETADA,23,62,50000,0.0,50000.0,TRANSFERENCIA_NEQUI,5,1,0,0
FACT00826,20250722,CLN01,SRV01,MAS027,VET02,RECEPCION_PRESENCIAL,NO_ASISTIO,0,0,45000,0.0,0.0,NO_APLICA,,0,1,0
FACT00827,20250723,CLN04,SRV01,MAS125,VET07,RECEPCION_PRESENCIAL,COMPLETADA,21,43,45000,0.0,45000.0,TRANSFERENCIA_NEQUI,4,1,0,0
FACT00828,20250723,CLN02,SRV01,MAS109,VET03,AGENTE_NOVA_CHATBOT,CANCELADA,0,0,45000,0.0,0.0,NO_APLICA,,0,0,1
FACT00829,20250723,CLN05,SRV05,MAS107,VET08,PORTAL_WEB,COMPLETADA,20,39,85000,0.0,85000.0,EFECTIVO,2,1,0,0
FACT00830,20250723,CLN04,SRV01,MAS042,VET07,PORTAL_WEB,COMPLETADA,20,36,45000,0.0,45000.0,STRIPE_CARD,5,1,0,0
FACT00831,20250723,CLN05,SRV08,MAS034,VET08,RECEPCION_PRESENCIAL,COMPLETADA,35,68,50000,0.0,50000.0,EFECTIVO,3,1,0,0
FACT00832,20250723,CLN04,SRV04,MAS073,VET06,PORTAL_WEB,NO_ASISTIO,0,0,220000,0.0,0.0,NO_APLICA,,0,1,0
FACT00833,20250724,CLN04,SRV03,MAS052,VET06,OPTIMIZACION_GEO_PLEB,COMPLETADA,20,13,25000,2500.0,22500.0,TRANSFERENCIA_NEQUI,4,1,0,0
FACT00834,20250724,CLN03,SRV04,MAS143,VET05,PORTAL_WEB,COMPLETADA,16,93,220000,0.0,220000.0,STRIPE_CARD,5,1,0,0
FACT00835,20250724,CLN02,SRV02,MAS087,VET03,PORTAL_WEB,COMPLETADA,24,22,35000,0.0,35000.0,STRIPE_CARD,5,1,0,0
FACT00836,20250724,CLN04,SRV06,MAS091,VET07,OPTIMIZACION_GEO_PLEB,COMPLETADA,13,39,120000,12000.0,108000.0,STRIPE_CARD,3,1,0,0
FACT00837,20250724,CLN06,SRV08,MAS118,VET09,PORTAL_WEB,COMPLETADA,30,74,50000,0.0,50000.0,STRIPE_CARD,4,1,0,0
FACT00838,20250724,CLN05,SRV02,MAS043,VET08,PORTAL_WEB,NO_ASISTIO,0,0,35000,0.0,0.0,NO_APLICA,,0,1,0
FACT00839,20250724,CLN02,SRV03,MAS075,VET04,RECEPCION_PRESENCIAL,NO_ASISTIO,0,0,25000,0.0,0.0,NO_APLICA,,0,1,0
FACT00840,20250724,CLN05,SRV02,MAS040,VET08,AGENTE_NOVA_CHATBOT,NO_ASISTIO,0,0,35000,0.0,0.0,NO_APLICA,,0,1,0
FACT00841,20250725,CLN02,SRV04,MAS113,VET03,PORTAL_WEB,COMPLETADA,12,100,220000,0.0,220000.0,STRIPE_CARD,5,1,0,0
FACT00842,20250725,CLN01,SRV06,MAS107,VET02,PORTAL_WEB,COMPLETADA,9,51,120000,0.0,120000.0,STRIPE_CARD,5,1,0,0
FACT00843,20250725,CLN02,SRV07,MAS105,VET04,OPTIMIZACION_GEO_PLEB,COMPLETADA,30,66,150000,15000.0,135000.0,TRANSFERENCIA_NEQUI,2,1,0,0
FACT00844,20250725,CLN02,SRV02,MAS022,VET03,AGENTE_NOVA_CHATBOT,COMPLETADA,17,20,35000,0.0,35000.0,TRANSFERENCIA_NEQUI,5,1,0,0
FACT00845,20250725,CLN01,SRV01,MAS134,VET01,RECEPCION_PRESENCIAL,COMPLETADA,17,42,45000,0.0,45000.0,EFECTIVO,3,1,0,0
FACT00846,20250726,CLN01,SRV03,MAS104,VET02,PORTAL_WEB,COMPLETADA,33,27,25000,0.0,25000.0,TRANSFERENCIA_NEQUI,4,1,0,0
FACT00847,20250726,CLN06,SRV07,MAS051,VET10,PORTAL_WEB,COMPLETADA,6,72,150000,0.0,150000.0,STRIPE_CARD,5,1,0,0
FACT00848,20250726,CLN05,SRV04,MAS024,VET08,OPTIMIZACION_GEO_PLEB,CANCELADA,0,0,220000,22000.0,0.0,NO_APLICA,,0,0,1
FACT00849,20250726,CLN03,SRV03,MAS006,VET05,OPTIMIZACION_GEO_PLEB,COMPLETADA,23,18,25000,2500.0,22500.0,EFECTIVO,5,1,0,0
FACT00850,20250726,CLN06,SRV02,MAS016,VET10,AGENTE_NOVA_CHATBOT,COMPLETADA,25,31,35000,0.0,35000.0,STRIPE_CARD,5,1,0,0
FACT00851,20250727,CLN06,SRV08,MAS077,VET09,PORTAL_WEB,CANCELADA,0,0,50000,0.0,0.0,NO_APLICA,,0,0,1
FACT00852,20250727,CLN04,SRV04,MAS149,VET07,OPTIMIZACION_GEO_PLEB,CANCELADA,0,0,220000,22000.0,0.0,NO_APLICA,,0,0,1
FACT00853,20250727,CLN05,SRV06,MAS077,VET08,OPTIMIZACION_GEO_PLEB,COMPLETADA,26,39,120000,12000.0,108000.0,STRIPE_CARD,4,1,0,0
FACT00854,20250727,CLN01,SRV04,MAS093,VET02,PORTAL_WEB,COMPLETADA,9,98,220000,0.0,220000.0,STRIPE_CARD,3,1,0,0
FACT00855,20250727,CLN01,SRV07,MAS034,VET01,PORTAL_WEB,COMPLETADA,19,57,150000,0.0,150000.0,TRANSFERENCIA_NEQUI,5,1,0,0
FACT00856,20250727,CLN05,SRV05,MAS150,VET08,RECEPCION_PRESENCIAL,COMPLETADA,19,35,85000,0.0,85000.0,TRANSFERENCIA_NEQUI,4,1,0,0
FACT00857,20250727,CLN02,SRV03,MAS125,VET03,RECEPCION_PRESENCIAL,NO_ASISTIO,0,0,25000,0.0,0.0,NO_APLICA,,0,1,0
FACT00858,20250727,CLN02,SRV04,MAS117,VET03,PORTAL_WEB,COMPLETADA,28,90,220000,0.0,220000.0,EFECTIVO,2,1,0,0
FACT00859,20250727,CLN01,SRV02,MAS031,VET02,OPTIMIZACION_GEO_PLEB,COMPLETADA,14,16,35000,3500.0,31500.0,STRIPE_CARD,4,1,0,0
FACT00860,20250728,CLN03,SRV05,MAS076,VET05,PORTAL_WEB,COMPLETADA,30,24,85000,0.0,85000.0,TRANSFERENCIA_NEQUI,5,1,0,0
FACT00861,20250728,CLN01,SRV05,MAS056,VET02,RECEPCION_PRESENCIAL,COMPLETADA,5,23,85000,0.0,85000.0,STRIPE_CARD,4,1,0,0
FACT00862,20250728,CLN01,SRV08,MAS147,VET02,OPTIMIZACION_GEO_PLEB,COMPLETADA,19,65,50000,5000.0,45000.0,TRANSFERENCIA_NEQUI,4,1,0,0
FACT00863,20250728,CLN06,SRV03,MAS130,VET09,RECEPCION_PRESENCIAL,NO_ASISTIO,0,0,25000,0.0,0.0,NO_APLICA,,0,1,0
FACT00864,20250728,CLN04,SRV03,MAS084,VET07,OPTIMIZACION_GEO_PLEB,COMPLETADA,26,29,25000,2500.0,22500.0,STRIPE_CARD,5,1,0,0
FACT00865,20250729,CLN03,SRV08,MAS072,VET05,PORTAL_WEB,NO_ASISTIO,0,0,50000,0.0,0.0,NO_APLICA,,0,1,0
FACT00866,20250729,CLN02,SRV05,MAS144,VET03,PORTAL_WEB,NO_ASISTIO,0,0,85000,0.0,0.0,NO_APLICA,,0,1,0
FACT00867,20250729,CLN06,SRV04,MAS139,VET09,PORTAL_WEB,CANCELADA,0,0,220000,0.0,0.0,NO_APLICA,,0,0,1
FACT00868,20250729,CLN05,SRV08,MAS129,VET08,PORTAL_WEB,COMPLETADA,26,72,50000,0.0,50000.0,STRIPE_CARD,5,1,0,0
FACT00869,20250729,CLN03,SRV04,MAS149,VET05,PORTAL_WEB,COMPLETADA,30,102,220000,0.0,220000.0,TRANSFERENCIA_NEQUI,4,1,0,0
FACT00870,20250729,CLN05,SRV08,MAS006,VET08,RECEPCION_PRESENCIAL,COMPLETADA,10,68,50000,0.0,50000.0,EFECTIVO,5,1,0,0
FACT00871,20250730,CLN03,SRV02,MAS026,VET05,PORTAL_WEB,CANCELADA,0,0,35000,0.0,0.0,NO_APLICA,,0,0,1
FACT00872,20250730,CLN03,SRV03,MAS066,VET05,PORTAL_WEB,COMPLETADA,14,23,25000,0.0,25000.0,STRIPE_CARD,4,1,0,0
FACT00873,20250730,CLN05,SRV03,MAS007,VET08,PORTAL_WEB,NO_ASISTIO,0,0,25000,0.0,0.0,NO_APLICA,,0,1,0
FACT00874,20250730,CLN03,SRV02,MAS082,VET05,RECEPCION_PRESENCIAL,COMPLETADA,33,25,35000,0.0,35000.0,STRIPE_CARD,5,1,0,0
FACT00875,20250730,CLN01,SRV04,MAS061,VET01,OPTIMIZACION_GEO_PLEB,COMPLETADA,29,101,220000,22000.0,198000.0,STRIPE_CARD,5,1,0,0
FACT00876,20250730,CLN03,SRV06,MAS119,VET05,RECEPCION_PRESENCIAL,CANCELADA,0,0,120000,0.0,0.0,NO_APLICA,,0,0,1
FACT00877,20250731,CLN04,SRV07,MAS060,VET06,AGENTE_NOVA_CHATBOT,COMPLETADA,22,73,150000,0.0,150000.0,STRIPE_CARD,4,1,0,0
FACT00878,20250731,CLN05,SRV05,MAS146,VET08,RECEPCION_PRESENCIAL,COMPLETADA,7,40,85000,0.0,85000.0,STRIPE_CARD,4,1,0,0
FACT00879,20250731,CLN03,SRV04,MAS138,VET05,OPTIMIZACION_GEO_PLEB,COMPLETADA,19,86,220000,22000.0,198000.0,TRANSFERENCIA_NEQUI,5,1,0,0
FACT00880,20250801,CLN05,SRV03,MAS001,VET08,RECEPCION_PRESENCIAL,COMPLETADA,13,29,25000,0.0,25000.0,TRANSFERENCIA_NEQUI,5,1,0,0
FACT00881,20250801,CLN03,SRV05,MAS012,VET05,OPTIMIZACION_GEO_PLEB,COMPLETADA,23,22,85000,8500.0,76500.0,TRANSFERENCIA_NEQUI,5,1,0,0
FACT00882,20250801,CLN06,SRV03,MAS143,VET09,RECEPCION_PRESENCIAL,COMPLETADA,11,29,25000,0.0,25000.0,EFECTIVO,4,1,0,0
FACT00883,20250801,CLN06,SRV05,MAS116,VET10,PORTAL_WEB,COMPLETADA,26,30,85000,0.0,85000.0,TRANSFERENCIA_NEQUI,5,1,0,0
FACT00884,20250801,CLN05,SRV01,MAS035,VET08,PORTAL_WEB,NO_ASISTIO,0,0,45000,0.0,0.0,NO_APLICA,,0,1,0
FACT00885,20250801,CLN05,SRV01,MAS003,VET08,PORTAL_WEB,NO_ASISTIO,0,0,45000,0.0,0.0,NO_APLICA,,0,1,0
FACT00886,20250801,CLN04,SRV07,MAS138,VET07,PORTAL_WEB,COMPLETADA,22,55,150000,0.0,150000.0,TRANSFERENCIA_NEQUI,3,1,0,0
FACT00887,20250801,CLN06,SRV06,MAS097,VET09,AGENTE_NOVA_CHATBOT,CANCELADA,0,0,120000,0.0,0.0,NO_APLICA,,0,0,1
FACT00888,20250801,CLN04,SRV01,MAS032,VET06,AGENTE_NOVA_CHATBOT,COMPLETADA,34,31,45000,0.0,45000.0,STRIPE_CARD,5,1,0,0
FACT00889,20250802,CLN01,SRV06,MAS050,VET02,OPTIMIZACION_GEO_PLEB,COMPLETADA,25,44,120000,12000.0,108000.0,STRIPE_CARD,3,1,0,0
FACT00890,20250802,CLN02,SRV06,MAS010,VET04,RECEPCION_PRESENCIAL,COMPLETADA,33,54,120000,0.0,120000.0,STRIPE_CARD,5,1,0,0
FACT00891,20250802,CLN06,SRV02,MAS072,VET10,OPTIMIZACION_GEO_PLEB,CANCELADA,0,0,35000,3500.0,0.0,NO_APLICA,,0,0,1
FACT00892,20250802,CLN04,SRV04,MAS145,VET06,OPTIMIZACION_GEO_PLEB,NO_ASISTIO,0,0,220000,22000.0,0.0,NO_APLICA,,0,1,0
FACT00893,20250802,CLN05,SRV02,MAS033,VET08,PORTAL_WEB,NO_ASISTIO,0,0,35000,0.0,0.0,NO_APLICA,,0,1,0
FACT00894,20250802,CLN02,SRV04,MAS134,VET04,AGENTE_NOVA_CHATBOT,NO_ASISTIO,0,0,220000,0.0,0.0,NO_APLICA,,0,1,0
FACT00895,20250802,CLN02,SRV05,MAS144,VET03,PORTAL_WEB,COMPLETADA,35,33,85000,0.0,85000.0,STRIPE_CARD,4,1,0,0
FACT00896,20250802,CLN03,SRV07,MAS071,VET05,OPTIMIZACION_GEO_PLEB,COMPLETADA,19,70,150000,15000.0,135000.0,STRIPE_CARD,5,1,0,0
FACT00897,20250803,CLN02,SRV05,MAS108,VET03,RECEPCION_PRESENCIAL,CANCELADA,0,0,85000,0.0,0.0,NO_APLICA,,0,0,1
FACT00898,20250803,CLN03,SRV07,MAS050,VET05,PORTAL_WEB,COMPLETADA,33,73,150000,0.0,150000.0,STRIPE_CARD,3,1,0,0
FACT00899,20250803,CLN06,SRV02,MAS064,VET10,PORTAL_WEB,COMPLETADA,15,24,35000,0.0,35000.0,STRIPE_CARD,5,1,0,0
FACT00900,20250803,CLN01,SRV07,MAS007,VET02,AGENTE_NOVA_CHATBOT,CANCELADA,0,0,150000,0.0,0.0,NO_APLICA,,0,0,1
FACT00901,20250803,CLN03,SRV02,MAS122,VET05,AGENTE_NOVA_CHATBOT,COMPLETADA,31,16,35000,0.0,35000.0,STRIPE_CARD,3,1,0,0
FACT00902,20250803,CLN01,SRV02,MAS115,VET02,PORTAL_WEB,CANCELADA,0,0,35000,0.0,0.0,NO_APLICA,,0,0,1
FACT00903,20250803,CLN01,SRV01,MAS097,VET01,PORTAL_WEB,COMPLETADA,30,29,45000,0.0,45000.0,TRANSFERENCIA_NEQUI,5,1,0,0
FACT00904,20250803,CLN01,SRV07,MAS017,VET02,PORTAL_WEB,COMPLETADA,22,56,150000,0.0,150000.0,TRANSFERENCIA_NEQUI,5,1,0,0
FACT00905,20250804,CLN01,SRV04,MAS003,VET02,RECEPCION_PRESENCIAL,COMPLETADA,19,98,220000,0.0,220000.0,STRIPE_CARD,3,1,0,0
FACT00906,20250804,CLN03,SRV08,MAS133,VET05,OPTIMIZACION_GEO_PLEB,COMPLETADA,11,58,50000,5000.0,45000.0,STRIPE_CARD,5,1,0,0
FACT00907,20250804,CLN05,SRV03,MAS131,VET08,AGENTE_NOVA_CHATBOT,COMPLETADA,18,25,25000,0.0,25000.0,TRANSFERENCIA_NEQUI,4,1,0,0
FACT00908,20250804,CLN02,SRV03,MAS012,VET03,PORTAL_WEB,COMPLETADA,14,28,25000,0.0,25000.0,EFECTIVO,5,1,0,0
FACT00909,20250804,CLN03,SRV03,MAS121,VET05,OPTIMIZACION_GEO_PLEB,COMPLETADA,15,19,25000,2500.0,22500.0,STRIPE_CARD,5,1,0,0
FACT00910,20250804,CLN05,SRV01,MAS061,VET08,OPTIMIZACION_GEO_PLEB,CANCELADA,0,0,45000,4500.0,0.0,NO_APLICA,,0,0,1
FACT00911,20250805,CLN01,SRV06,MAS051,VET02,PORTAL_WEB,COMPLETADA,30,37,120000,0.0,120000.0,TRANSFERENCIA_NEQUI,5,1,0,0
FACT00912,20250805,CLN06,SRV06,MAS149,VET10,AGENTE_NOVA_CHATBOT,CANCELADA,0,0,120000,0.0,0.0,NO_APLICA,,0,0,1
FACT00913,20250805,CLN05,SRV07,MAS085,VET08,PORTAL_WEB,COMPLETADA,19,56,150000,0.0,150000.0,STRIPE_CARD,5,1,0,0
FACT00914,20250805,CLN06,SRV04,MAS120,VET09,PORTAL_WEB,CANCELADA,0,0,220000,0.0,0.0,NO_APLICA,,0,0,1
FACT00915,20250805,CLN02,SRV06,MAS097,VET04,RECEPCION_PRESENCIAL,COMPLETADA,10,35,120000,0.0,120000.0,STRIPE_CARD,5,1,0,0
FACT00916,20250805,CLN03,SRV02,MAS037,VET05,RECEPCION_PRESENCIAL,COMPLETADA,11,35,35000,0.0,35000.0,EFECTIVO,4,1,0,0
FACT00917,20250805,CLN01,SRV04,MAS051,VET01,PORTAL_WEB,COMPLETADA,12,93,220000,0.0,220000.0,EFECTIVO,4,1,0,0
FACT00918,20250805,CLN05,SRV03,MAS051,VET08,PORTAL_WEB,COMPLETADA,31,18,25000,0.0,25000.0,STRIPE_CARD,3,1,0,0
FACT00919,20250805,CLN06,SRV07,MAS029,VET09,PORTAL_WEB,COMPLETADA,14,69,150000,0.0,150000.0,EFECTIVO,5,1,0,0
FACT00920,20250806,CLN02,SRV02,MAS031,VET04,PORTAL_WEB,COMPLETADA,30,21,35000,0.0,35000.0,TRANSFERENCIA_NEQUI,5,1,0,0
FACT00921,20250806,CLN06,SRV06,MAS110,VET10,PORTAL_WEB,NO_ASISTIO,0,0,120000,0.0,0.0,NO_APLICA,,0,1,0
FACT00922,20250806,CLN01,SRV05,MAS039,VET01,PORTAL_WEB,COMPLETADA,6,40,85000,0.0,85000.0,STRIPE_CARD,4,1,0,0
FACT00923,20250806,CLN05,SRV04,MAS021,VET08,OPTIMIZACION_GEO_PLEB,COMPLETADA,7,90,220000,22000.0,198000.0,EFECTIVO,4,1,0,0
FACT00924,20250806,CLN04,SRV03,MAS083,VET07,AGENTE_NOVA_CHATBOT,NO_ASISTIO,0,0,25000,0.0,0.0,NO_APLICA,,0,1,0
FACT00925,20250806,CLN05,SRV08,MAS122,VET08,OPTIMIZACION_GEO_PLEB,COMPLETADA,17,75,50000,5000.0,45000.0,STRIPE_CARD,2,1,0,0
FACT00926,20250806,CLN02,SRV04,MAS116,VET03,RECEPCION_PRESENCIAL,COMPLETADA,11,94,220000,0.0,220000.0,TRANSFERENCIA_NEQUI,5,1,0,0
FACT00927,20250806,CLN05,SRV06,MAS066,VET08,PORTAL_WEB,CANCELADA,0,0,120000,0.0,0.0,NO_APLICA,,0,0,1
FACT00928,20250807,CLN01,SRV08,MAS133,VET02,PORTAL_WEB,COMPLETADA,23,56,50000,0.0,50000.0,EFECTIVO,5,1,0,0
FACT00929,20250807,CLN04,SRV08,MAS111,VET07,AGENTE_NOVA_CHATBOT,COMPLETADA,30,70,50000,0.0,50000.0,TRANSFERENCIA_NEQUI,5,1,0,0
FACT00930,20250807,CLN01,SRV08,MAS060,VET01,PORTAL_WEB,COMPLETADA,16,57,50000,0.0,50000.0,STRIPE_CARD,5,1,0,0
FACT00931,20250807,CLN03,SRV02,MAS031,VET05,AGENTE_NOVA_CHATBOT,COMPLETADA,6,32,35000,0.0,35000.0,STRIPE_CARD,5,1,0,0
FACT00932,20250808,CLN03,SRV05,MAS071,VET05,OPTIMIZACION_GEO_PLEB,COMPLETADA,9,37,85000,8500.0,76500.0,STRIPE_CARD,3,1,0,0
FACT00933,20250808,CLN03,SRV06,MAS104,VET05,OPTIMIZACION_GEO_PLEB,COMPLETADA,29,55,120000,12000.0,108000.0,STRIPE_CARD,5,1,0,0
FACT00934,20250808,CLN04,SRV04,MAS054,VET06,PORTAL_WEB,COMPLETADA,21,103,220000,0.0,220000.0,TRANSFERENCIA_NEQUI,4,1,0,0
FACT00935,20250808,CLN06,SRV06,MAS022,VET10,PORTAL_WEB,COMPLETADA,18,48,120000,0.0,120000.0,TRANSFERENCIA_NEQUI,5,1,0,0
FACT00936,20250808,CLN05,SRV06,MAS036,VET08,PORTAL_WEB,CANCELADA,0,0,120000,0.0,0.0,NO_APLICA,,0,0,1
FACT00937,20250808,CLN03,SRV08,MAS091,VET05,PORTAL_WEB,COMPLETADA,18,68,50000,0.0,50000.0,TRANSFERENCIA_NEQUI,4,1,0,0
FACT00938,20250808,CLN06,SRV06,MAS006,VET10,PORTAL_WEB,CANCELADA,0,0,120000,0.0,0.0,NO_APLICA,,0,0,1
FACT00939,20250808,CLN02,SRV06,MAS146,VET03,OPTIMIZACION_GEO_PLEB,NO_ASISTIO,0,0,120000,12000.0,0.0,NO_APLICA,,0,1,0
FACT00940,20250809,CLN05,SRV07,MAS053,VET08,PORTAL_WEB,COMPLETADA,22,67,150000,0.0,150000.0,STRIPE_CARD,5,1,0,0
FACT00941,20250809,CLN03,SRV05,MAS024,VET05,PORTAL_WEB,COMPLETADA,26,37,85000,0.0,85000.0,TRANSFERENCIA_NEQUI,5,1,0,0
FACT00942,20250809,CLN01,SRV04,MAS018,VET01,AGENTE_NOVA_CHATBOT,COMPLETADA,11,92,220000,0.0,220000.0,STRIPE_CARD,5,1,0,0
FACT00943,20250809,CLN04,SRV06,MAS133,VET06,PORTAL_WEB,COMPLETADA,15,48,120000,0.0,120000.0,STRIPE_CARD,5,1,0,0
FACT00944,20250809,CLN02,SRV08,MAS018,VET04,PORTAL_WEB,COMPLETADA,9,61,50000,0.0,50000.0,TRANSFERENCIA_NEQUI,5,1,0,0
FACT00945,20250809,CLN02,SRV04,MAS129,VET04,RECEPCION_PRESENCIAL,NO_ASISTIO,0,0,220000,0.0,0.0,NO_APLICA,,0,1,0
FACT00946,20250809,CLN03,SRV01,MAS037,VET05,PORTAL_WEB,COMPLETADA,31,37,45000,0.0,45000.0,STRIPE_CARD,4,1,0,0
FACT00947,20250810,CLN03,SRV08,MAS119,VET05,PORTAL_WEB,CANCELADA,0,0,50000,0.0,0.0,NO_APLICA,,0,0,1
FACT00948,20250810,CLN06,SRV05,MAS117,VET09,AGENTE_NOVA_CHATBOT,COMPLETADA,17,39,85000,0.0,85000.0,STRIPE_CARD,3,1,0,0
FACT00949,20250810,CLN04,SRV03,MAS111,VET06,RECEPCION_PRESENCIAL,COMPLETADA,34,15,25000,0.0,25000.0,STRIPE_CARD,4,1,0,0
FACT00950,20250810,CLN04,SRV04,MAS041,VET06,OPTIMIZACION_GEO_PLEB,COMPLETADA,14,87,220000,22000.0,198000.0,STRIPE_CARD,4,1,0,0
FACT00951,20250810,CLN04,SRV02,MAS095,VET07,PORTAL_WEB,COMPLETADA,21,25,35000,0.0,35000.0,STRIPE_CARD,5,1,0,0
FACT00952,20250810,CLN03,SRV01,MAS119,VET05,PORTAL_WEB,COMPLETADA,25,39,45000,0.0,45000.0,TRANSFERENCIA_NEQUI,5,1,0,0
FACT00953,20250810,CLN02,SRV01,MAS003,VET04,PORTAL_WEB,COMPLETADA,27,29,45000,0.0,45000.0,TRANSFERENCIA_NEQUI,5,1,0,0
FACT00954,20250811,CLN04,SRV02,MAS141,VET06,PORTAL_WEB,NO_ASISTIO,0,0,35000,0.0,0.0,NO_APLICA,,0,1,0
FACT00955,20250811,CLN06,SRV03,MAS121,VET10,PORTAL_WEB,COMPLETADA,10,10,25000,0.0,25000.0,STRIPE_CARD,4,1,0,0
FACT00956,20250811,CLN03,SRV07,MAS044,VET05,PORTAL_WEB,COMPLETADA,26,63,150000,0.0,150000.0,EFECTIVO,5,1,0,0
FACT00957,20250811,CLN02,SRV01,MAS137,VET03,RECEPCION_PRESENCIAL,COMPLETADA,27,26,45000,0.0,45000.0,STRIPE_CARD,3,1,0,0
FACT00958,20250811,CLN04,SRV08,MAS014,VET07,PORTAL_WEB,CANCELADA,0,0,50000,0.0,0.0,NO_APLICA,,0,0,1
FACT00959,20250811,CLN01,SRV04,MAS064,VET02,PORTAL_WEB,COMPLETADA,11,87,220000,0.0,220000.0,STRIPE_CARD,5,1,0,0
FACT00960,20250812,CLN03,SRV02,MAS057,VET05,PORTAL_WEB,COMPLETADA,28,20,35000,0.0,35000.0,STRIPE_CARD,5,1,0,0
FACT00961,20250812,CLN03,SRV04,MAS054,VET05,RECEPCION_PRESENCIAL,CANCELADA,0,0,220000,0.0,0.0,NO_APLICA,,0,0,1
FACT00962,20250812,CLN04,SRV04,MAS055,VET06,AGENTE_NOVA_CHATBOT,COMPLETADA,15,90,220000,0.0,220000.0,EFECTIVO,5,1,0,0
FACT00963,20250813,CLN04,SRV08,MAS057,VET06,AGENTE_NOVA_CHATBOT,COMPLETADA,25,74,50000,0.0,50000.0,STRIPE_CARD,5,1,0,0
FACT00964,20250813,CLN02,SRV05,MAS128,VET04,OPTIMIZACION_GEO_PLEB,COMPLETADA,30,38,85000,8500.0,76500.0,STRIPE_CARD,5,1,0,0
FACT00965,20250813,CLN05,SRV07,MAS035,VET08,PORTAL_WEB,COMPLETADA,25,65,150000,0.0,150000.0,TRANSFERENCIA_NEQUI,1,1,0,0
FACT00966,20250814,CLN03,SRV08,MAS098,VET05,PORTAL_WEB,CANCELADA,0,0,50000,0.0,0.0,NO_APLICA,,0,0,1
FACT00967,20250814,CLN05,SRV04,MAS006,VET08,PORTAL_WEB,CANCELADA,0,0,220000,0.0,0.0,NO_APLICA,,0,0,1
FACT00968,20250814,CLN03,SRV07,MAS063,VET05,PORTAL_WEB,CANCELADA,0,0,150000,0.0,0.0,NO_APLICA,,0,0,1
FACT00969,20250815,CLN02,SRV08,MAS076,VET04,PORTAL_WEB,COMPLETADA,17,61,50000,0.0,50000.0,STRIPE_CARD,4,1,0,0
FACT00970,20250815,CLN06,SRV06,MAS035,VET10,AGENTE_NOVA_CHATBOT,COMPLETADA,25,36,120000,0.0,120000.0,TRANSFERENCIA_NEQUI,4,1,0,0
FACT00971,20250815,CLN06,SRV01,MAS059,VET10,AGENTE_NOVA_CHATBOT,NO_ASISTIO,0,0,45000,0.0,0.0,NO_APLICA,,0,1,0
FACT00972,20250816,CLN02,SRV01,MAS064,VET03,PORTAL_WEB,NO_ASISTIO,0,0,45000,0.0,0.0,NO_APLICA,,0,1,0
FACT00973,20250816,CLN05,SRV06,MAS047,VET08,PORTAL_WEB,COMPLETADA,7,50,120000,0.0,120000.0,STRIPE_CARD,5,1,0,0
FACT00974,20250816,CLN01,SRV04,MAS033,VET01,PORTAL_WEB,COMPLETADA,23,102,220000,0.0,220000.0,STRIPE_CARD,3,1,0,0
FACT00975,20250816,CLN02,SRV07,MAS120,VET03,PORTAL_WEB,COMPLETADA,28,61,150000,0.0,150000.0,STRIPE_CARD,5,1,0,0
FACT00976,20250816,CLN05,SRV05,MAS074,VET08,RECEPCION_PRESENCIAL,CANCELADA,0,0,85000,0.0,0.0,NO_APLICA,,0,0,1
FACT00977,20250817,CLN02,SRV08,MAS021,VET04,RECEPCION_PRESENCIAL,COMPLETADA,17,60,50000,0.0,50000.0,TRANSFERENCIA_NEQUI,5,1,0,0
FACT00978,20250817,CLN05,SRV03,MAS124,VET08,RECEPCION_PRESENCIAL,COMPLETADA,18,12,25000,0.0,25000.0,EFECTIVO,4,1,0,0
FACT00979,20250817,CLN05,SRV03,MAS066,VET08,RECEPCION_PRESENCIAL,COMPLETADA,14,24,25000,0.0,25000.0,TRANSFERENCIA_NEQUI,5,1,0,0
FACT00980,20250817,CLN01,SRV03,MAS121,VET02,PORTAL_WEB,COMPLETADA,34,16,25000,0.0,25000.0,EFECTIVO,5,1,0,0
FACT00981,20250817,CLN04,SRV07,MAS102,VET07,AGENTE_NOVA_CHATBOT,NO_ASISTIO,0,0,150000,0.0,0.0,NO_APLICA,,0,1,0
FACT00982,20250817,CLN04,SRV05,MAS019,VET07,PORTAL_WEB,COMPLETADA,34,23,85000,0.0,85000.0,STRIPE_CARD,5,1,0,0
FACT00983,20250817,CLN02,SRV05,MAS090,VET04,RECEPCION_PRESENCIAL,CANCELADA,0,0,85000,0.0,0.0,NO_APLICA,,0,0,1
FACT00984,20250817,CLN06,SRV01,MAS099,VET10,PORTAL_WEB,COMPLETADA,12,40,45000,0.0,45000.0,EFECTIVO,5,1,0,0
FACT00985,20250818,CLN06,SRV03,MAS067,VET09,RECEPCION_PRESENCIAL,CANCELADA,0,0,25000,0.0,0.0,NO_APLICA,,0,0,1
FACT00986,20250818,CLN06,SRV05,MAS064,VET09,OPTIMIZACION_GEO_PLEB,CANCELADA,0,0,85000,8500.0,0.0,NO_APLICA,,0,0,1
FACT00987,20250818,CLN06,SRV01,MAS030,VET09,RECEPCION_PRESENCIAL,COMPLETADA,17,43,45000,0.0,45000.0,STRIPE_CARD,1,1,0,0
FACT00988,20250818,CLN05,SRV07,MAS043,VET08,AGENTE_NOVA_CHATBOT,COMPLETADA,27,64,150000,0.0,150000.0,TRANSFERENCIA_NEQUI,4,1,0,0
FACT00989,20250818,CLN05,SRV07,MAS023,VET08,OPTIMIZACION_GEO_PLEB,COMPLETADA,29,66,150000,15000.0,135000.0,EFECTIVO,3,1,0,0
FACT00990,20250818,CLN06,SRV07,MAS079,VET09,PORTAL_WEB,COMPLETADA,31,70,150000,0.0,150000.0,STRIPE_CARD,5,1,0,0
FACT00991,20250818,CLN06,SRV07,MAS074,VET10,RECEPCION_PRESENCIAL,NO_ASISTIO,0,0,150000,0.0,0.0,NO_APLICA,,0,1,0
FACT00992,20250818,CLN02,SRV06,MAS048,VET03,PORTAL_WEB,NO_ASISTIO,0,0,120000,0.0,0.0,NO_APLICA,,0,1,0
FACT00993,20250819,CLN04,SRV02,MAS116,VET06,PORTAL_WEB,CANCELADA,0,0,35000,0.0,0.0,NO_APLICA,,0,0,1
FACT00994,20250819,CLN02,SRV01,MAS047,VET03,AGENTE_NOVA_CHATBOT,COMPLETADA,33,38,45000,0.0,45000.0,STRIPE_CARD,5,1,0,0
FACT00995,20250819,CLN06,SRV02,MAS076,VET09,RECEPCION_PRESENCIAL,COMPLETADA,8,23,35000,0.0,35000.0,STRIPE_CARD,5,1,0,0
FACT00996,20250819,CLN05,SRV08,MAS125,VET08,PORTAL_WEB,NO_ASISTIO,0,0,50000,0.0,0.0,NO_APLICA,,0,1,0
FACT00997,20250820,CLN01,SRV01,MAS150,VET02,PORTAL_WEB,COMPLETADA,11,41,45000,0.0,45000.0,TRANSFERENCIA_NEQUI,4,1,0,0
FACT00998,20250820,CLN05,SRV08,MAS122,VET08,OPTIMIZACION_GEO_PLEB,COMPLETADA,18,65,50000,5000.0,45000.0,EFECTIVO,5,1,0,0
FACT00999,20250820,CLN03,SRV06,MAS103,VET05,OPTIMIZACION_GEO_PLEB,COMPLETADA,6,46,120000,12000.0,108000.0,STRIPE_CARD,3,1,0,0
FACT01000,20250821,CLN04,SRV03,MAS007,VET07,PORTAL_WEB,CANCELADA,0,0,25000,0.0,0.0,NO_APLICA,,0,0,1
FACT01001,20250821,CLN05,SRV04,MAS095,VET08,OPTIMIZACION_GEO_PLEB,COMPLETADA,26,100,220000,22000.0,198000.0,STRIPE_CARD,4,1,0,0
FACT01002,20250821,CLN01,SRV01,MAS093,VET02,AGENTE_NOVA_CHATBOT,COMPLETADA,26,39,45000,0.0,45000.0,TRANSFERENCIA_NEQUI,5,1,0,0
FACT01003,20250822,CLN06,SRV06,MAS110,VET09,PORTAL_WEB,COMPLETADA,28,47,120000,0.0,120000.0,STRIPE_CARD,5,1,0,0
FACT01004,20250822,CLN06,SRV01,MAS033,VET09,PORTAL_WEB,COMPLETADA,14,42,45000,0.0,45000.0,TRANSFERENCIA_NEQUI,1,1,0,0
FACT01005,20250822,CLN02,SRV02,MAS124,VET04,OPTIMIZACION_GEO_PLEB,NO_ASISTIO,0,0,35000,3500.0,0.0,NO_APLICA,,0,1,0
FACT01006,20250822,CLN02,SRV04,MAS044,VET03,PORTAL_WEB,NO_ASISTIO,0,0,220000,0.0,0.0,NO_APLICA,,0,1,0
FACT01007,20250822,CLN01,SRV01,MAS042,VET02,RECEPCION_PRESENCIAL,COMPLETADA,29,33,45000,0.0,45000.0,EFECTIVO,5,1,0,0
FACT01008,20250822,CLN06,SRV02,MAS035,VET10,RECEPCION_PRESENCIAL,CANCELADA,0,0,35000,0.0,0.0,NO_APLICA,,0,0,1
FACT01009,20250823,CLN06,SRV04,MAS148,VET10,PORTAL_WEB,CANCELADA,0,0,220000,0.0,0.0,NO_APLICA,,0,0,1
FACT01010,20250823,CLN06,SRV07,MAS098,VET10,OPTIMIZACION_GEO_PLEB,NO_ASISTIO,0,0,150000,15000.0,0.0,NO_APLICA,,0,1,0
FACT01011,20250823,CLN04,SRV04,MAS067,VET06,AGENTE_NOVA_CHATBOT,COMPLETADA,7,88,220000,0.0,220000.0,STRIPE_CARD,5,1,0,0
FACT01012,20250824,CLN01,SRV03,MAS081,VET02,OPTIMIZACION_GEO_PLEB,COMPLETADA,28,10,25000,2500.0,22500.0,STRIPE_CARD,5,1,0,0
FACT01013,20250824,CLN04,SRV06,MAS094,VET07,PORTAL_WEB,NO_ASISTIO,0,0,120000,0.0,0.0,NO_APLICA,,0,1,0
FACT01014,20250824,CLN05,SRV02,MAS102,VET08,OPTIMIZACION_GEO_PLEB,COMPLETADA,32,29,35000,3500.0,31500.0,EFECTIVO,5,1,0,0
FACT01015,20250824,CLN02,SRV08,MAS038,VET04,AGENTE_NOVA_CHATBOT,CANCELADA,0,0,50000,0.0,0.0,NO_APLICA,,0,0,1
FACT01016,20250824,CLN02,SRV06,MAS080,VET03,PORTAL_WEB,CANCELADA,0,0,120000,0.0,0.0,NO_APLICA,,0,0,1
FACT01017,20250824,CLN03,SRV04,MAS127,VET05,RECEPCION_PRESENCIAL,COMPLETADA,6,95,220000,0.0,220000.0,STRIPE_CARD,5,1,0,0
FACT01018,20250824,CLN06,SRV01,MAS046,VET09,RECEPCION_PRESENCIAL,COMPLETADA,14,30,45000,0.0,45000.0,TRANSFERENCIA_NEQUI,1,1,0,0
FACT01019,20250824,CLN03,SRV08,MAS090,VET05,RECEPCION_PRESENCIAL,COMPLETADA,7,71,50000,0.0,50000.0,EFECTIVO,4,1,0,0
FACT01020,20250825,CLN02,SRV02,MAS034,VET04,OPTIMIZACION_GEO_PLEB,COMPLETADA,32,16,35000,3500.0,31500.0,EFECTIVO,3,1,0,0
FACT01021,20250825,CLN04,SRV03,MAS114,VET06,RECEPCION_PRESENCIAL,NO_ASISTIO,0,0,25000,0.0,0.0,NO_APLICA,,0,1,0
FACT01022,20250825,CLN03,SRV04,MAS056,VET05,PORTAL_WEB,NO_ASISTIO,0,0,220000,0.0,0.0,NO_APLICA,,0,1,0
FACT01023,20250825,CLN06,SRV06,MAS148,VET09,PORTAL_WEB,COMPLETADA,17,48,120000,0.0,120000.0,STRIPE_CARD,4,1,0,0
FACT01024,20250825,CLN01,SRV06,MAS122,VET01,PORTAL_WEB,COMPLETADA,8,51,120000,0.0,120000.0,TRANSFERENCIA_NEQUI,4,1,0,0
FACT01025,20250825,CLN02,SRV04,MAS009,VET04,PORTAL_WEB,COMPLETADA,17,100,220000,0.0,220000.0,STRIPE_CARD,5,1,0,0
FACT01026,20250825,CLN06,SRV02,MAS119,VET10,RECEPCION_PRESENCIAL,NO_ASISTIO,0,0,35000,0.0,0.0,NO_APLICA,,0,1,0
FACT01027,20250825,CLN03,SRV06,MAS003,VET05,PORTAL_WEB,COMPLETADA,7,38,120000,0.0,120000.0,STRIPE_CARD,5,1,0,0
FACT01028,20250826,CLN05,SRV05,MAS025,VET08,PORTAL_WEB,CANCELADA,0,0,85000,0.0,0.0,NO_APLICA,,0,0,1
FACT01029,20250826,CLN04,SRV07,MAS077,VET07,PORTAL_WEB,CANCELADA,0,0,150000,0.0,0.0,NO_APLICA,,0,0,1
FACT01030,20250826,CLN01,SRV02,MAS138,VET02,RECEPCION_PRESENCIAL,COMPLETADA,31,15,35000,0.0,35000.0,TRANSFERENCIA_NEQUI,5,1,0,0
FACT01031,20250827,CLN05,SRV04,MAS031,VET08,OPTIMIZACION_GEO_PLEB,COMPLETADA,27,90,220000,22000.0,198000.0,TRANSFERENCIA_NEQUI,5,1,0,0
FACT01032,20250827,CLN03,SRV01,MAS033,VET05,PORTAL_WEB,CANCELADA,0,0,45000,0.0,0.0,NO_APLICA,,0,0,1
FACT01033,20250827,CLN06,SRV02,MAS144,VET09,PORTAL_WEB,COMPLETADA,7,18,35000,0.0,35000.0,EFECTIVO,4,1,0,0
FACT01034,20250828,CLN02,SRV01,MAS064,VET04,PORTAL_WEB,COMPLETADA,35,41,45000,0.0,45000.0,EFECTIVO,3,1,0,0
FACT01035,20250828,CLN06,SRV03,MAS148,VET10,AGENTE_NOVA_CHATBOT,COMPLETADA,21,21,25000,0.0,25000.0,STRIPE_CARD,4,1,0,0
FACT01036,20250828,CLN06,SRV01,MAS061,VET09,PORTAL_WEB,COMPLETADA,9,34,45000,0.0,45000.0,STRIPE_CARD,3,1,0,0
FACT01037,20250828,CLN02,SRV06,MAS072,VET03,OPTIMIZACION_GEO_PLEB,COMPLETADA,18,37,120000,12000.0,108000.0,EFECTIVO,4,1,0,0
FACT01038,20250828,CLN04,SRV07,MAS117,VET06,AGENTE_NOVA_CHATBOT,COMPLETADA,26,68,150000,0.0,150000.0,STRIPE_CARD,2,1,0,0
FACT01039,20250828,CLN05,SRV02,MAS069,VET08,PORTAL_WEB,NO_ASISTIO,0,0,35000,0.0,0.0,NO_APLICA,,0,1,0
FACT01040,20250828,CLN06,SRV03,MAS108,VET10,AGENTE_NOVA_CHATBOT,COMPLETADA,30,23,25000,0.0,25000.0,STRIPE_CARD,5,1,0,0
FACT01041,20250829,CLN03,SRV02,MAS141,VET05,PORTAL_WEB,COMPLETADA,15,35,35000,0.0,35000.0,EFECTIVO,5,1,0,0
FACT01042,20250829,CLN03,SRV04,MAS071,VET05,PORTAL_WEB,COMPLETADA,17,92,220000,0.0,220000.0,STRIPE_CARD,5,1,0,0
FACT01043,20250829,CLN01,SRV05,MAS126,VET01,OPTIMIZACION_GEO_PLEB,COMPLETADA,16,38,85000,8500.0,76500.0,EFECTIVO,3,1,0,0
FACT01044,20250830,CLN01,SRV03,MAS082,VET01,PORTAL_WEB,COMPLETADA,16,27,25000,0.0,25000.0,TRANSFERENCIA_NEQUI,4,1,0,0
FACT01045,20250830,CLN04,SRV05,MAS003,VET06,OPTIMIZACION_GEO_PLEB,NO_ASISTIO,0,0,85000,8500.0,0.0,NO_APLICA,,0,1,0
FACT01046,20250830,CLN06,SRV03,MAS037,VET09,OPTIMIZACION_GEO_PLEB,COMPLETADA,28,18,25000,2500.0,22500.0,EFECTIVO,5,1,0,0
FACT01047,20250830,CLN06,SRV07,MAS118,VET09,RECEPCION_PRESENCIAL,COMPLETADA,16,69,150000,0.0,150000.0,EFECTIVO,4,1,0,0
FACT01048,20250830,CLN04,SRV05,MAS023,VET06,RECEPCION_PRESENCIAL,COMPLETADA,29,30,85000,0.0,85000.0,STRIPE_CARD,3,1,0,0
FACT01049,20250830,CLN01,SRV02,MAS043,VET01,PORTAL_WEB,CANCELADA,0,0,35000,0.0,0.0,NO_APLICA,,0,0,1
FACT01050,20250830,CLN01,SRV08,MAS003,VET02,OPTIMIZACION_GEO_PLEB,COMPLETADA,34,59,50000,5000.0,45000.0,STRIPE_CARD,5,1,0,0
FACT01051,20250831,CLN01,SRV01,MAS109,VET01,OPTIMIZACION_GEO_PLEB,NO_ASISTIO,0,0,45000,4500.0,0.0,NO_APLICA,,0,1,0
FACT01052,20250831,CLN06,SRV04,MAS136,VET10,OPTIMIZACION_GEO_PLEB,NO_ASISTIO,0,0,220000,22000.0,0.0,NO_APLICA,,0,1,0
FACT01053,20250831,CLN01,SRV03,MAS135,VET02,PORTAL_WEB,COMPLETADA,7,21,25000,0.0,25000.0,EFECTIVO,3,1,0,0
FACT01054,20250831,CLN01,SRV08,MAS098,VET02,AGENTE_NOVA_CHATBOT,COMPLETADA,8,65,50000,0.0,50000.0,STRIPE_CARD,3,1,0,0
FACT01055,20250831,CLN05,SRV05,MAS077,VET08,AGENTE_NOVA_CHATBOT,COMPLETADA,13,26,85000,0.0,85000.0,TRANSFERENCIA_NEQUI,5,1,0,0
FACT01056,20250831,CLN02,SRV01,MAS119,VET04,RECEPCION_PRESENCIAL,CANCELADA,0,0,45000,0.0,0.0,NO_APLICA,,0,0,1
FACT01057,20250901,CLN03,SRV08,MAS085,VET05,AGENTE_NOVA_CHATBOT,COMPLETADA,8,55,50000,0.0,50000.0,STRIPE_CARD,5,1,0,0
FACT01058,20250901,CLN04,SRV01,MAS026,VET07,RECEPCION_PRESENCIAL,COMPLETADA,11,27,45000,0.0,45000.0,STRIPE_CARD,4,1,0,0
FACT01059,20250901,CLN04,SRV08,MAS002,VET06,AGENTE_NOVA_CHATBOT,COMPLETADA,12,70,50000,0.0,50000.0,EFECTIVO,5,1,0,0
FACT01060,20250902,CLN04,SRV05,MAS028,VET06,RECEPCION_PRESENCIAL,COMPLETADA,10,24,85000,0.0,85000.0,TRANSFERENCIA_NEQUI,5,1,0,0
FACT01061,20250902,CLN01,SRV04,MAS029,VET02,AGENTE_NOVA_CHATBOT,COMPLETADA,6,89,220000,0.0,220000.0,EFECTIVO,5,1,0,0
FACT01062,20250902,CLN01,SRV04,MAS123,VET01,AGENTE_NOVA_CHATBOT,NO_ASISTIO,0,0,220000,0.0,0.0,NO_APLICA,,0,1,0
FACT01063,20250902,CLN01,SRV08,MAS141,VET02,PORTAL_WEB,COMPLETADA,15,67,50000,0.0,50000.0,TRANSFERENCIA_NEQUI,4,1,0,0
FACT01064,20250902,CLN02,SRV02,MAS006,VET03,PORTAL_WEB,COMPLETADA,16,31,35000,0.0,35000.0,STRIPE_CARD,5,1,0,0
FACT01065,20250903,CLN06,SRV07,MAS003,VET10,RECEPCION_PRESENCIAL,COMPLETADA,14,64,150000,0.0,150000.0,TRANSFERENCIA_NEQUI,5,1,0,0
FACT01066,20250903,CLN02,SRV03,MAS064,VET03,PORTAL_WEB,COMPLETADA,32,18,25000,0.0,25000.0,STRIPE_CARD,1,1,0,0
FACT01067,20250903,CLN06,SRV04,MAS122,VET10,PORTAL_WEB,NO_ASISTIO,0,0,220000,0.0,0.0,NO_APLICA,,0,1,0
FACT01068,20250904,CLN06,SRV04,MAS039,VET09,PORTAL_WEB,COMPLETADA,9,97,220000,0.0,220000.0,STRIPE_CARD,5,1,0,0
FACT01069,20250904,CLN02,SRV01,MAS052,VET04,PORTAL_WEB,COMPLETADA,17,38,45000,0.0,45000.0,STRIPE_CARD,4,1,0,0
FACT01070,20250904,CLN02,SRV07,MAS123,VET04,OPTIMIZACION_GEO_PLEB,COMPLETADA,18,75,150000,15000.0,135000.0,STRIPE_CARD,5,1,0,0
FACT01071,20250904,CLN03,SRV05,MAS090,VET05,RECEPCION_PRESENCIAL,NO_ASISTIO,0,0,85000,0.0,0.0,NO_APLICA,,0,1,0
FACT01072,20250904,CLN02,SRV01,MAS047,VET04,PORTAL_WEB,COMPLETADA,6,35,45000,0.0,45000.0,TRANSFERENCIA_NEQUI,5,1,0,0
FACT01073,20250904,CLN03,SRV07,MAS048,VET05,RECEPCION_PRESENCIAL,COMPLETADA,16,65,150000,0.0,150000.0,STRIPE_CARD,5,1,0,0
FACT01074,20250904,CLN06,SRV03,MAS085,VET09,AGENTE_NOVA_CHATBOT,COMPLETADA,28,28,25000,0.0,25000.0,EFECTIVO,4,1,0,0
FACT01075,20250904,CLN02,SRV04,MAS150,VET04,PORTAL_WEB,COMPLETADA,33,88,220000,0.0,220000.0,STRIPE_CARD,5,1,0,0
FACT01076,20250905,CLN05,SRV04,MAS115,VET08,PORTAL_WEB,COMPLETADA,35,102,220000,0.0,220000.0,EFECTIVO,4,1,0,0
FACT01077,20250905,CLN06,SRV04,MAS137,VET10,PORTAL_WEB,NO_ASISTIO,0,0,220000,0.0,0.0,NO_APLICA,,0,1,0
FACT01078,20250905,CLN01,SRV04,MAS108,VET01,AGENTE_NOVA_CHATBOT,CANCELADA,0,0,220000,0.0,0.0,NO_APLICA,,0,0,1
FACT01079,20250906,CLN05,SRV06,MAS115,VET08,PORTAL_WEB,NO_ASISTIO,0,0,120000,0.0,0.0,NO_APLICA,,0,1,0
FACT01080,20250906,CLN04,SRV08,MAS108,VET06,OPTIMIZACION_GEO_PLEB,CANCELADA,0,0,50000,5000.0,0.0,NO_APLICA,,0,0,1
FACT01081,20250906,CLN01,SRV05,MAS034,VET01,PORTAL_WEB,COMPLETADA,35,38,85000,0.0,85000.0,STRIPE_CARD,5,1,0,0
FACT01082,20250906,CLN06,SRV08,MAS137,VET10,PORTAL_WEB,CANCELADA,0,0,50000,0.0,0.0,NO_APLICA,,0,0,1
FACT01083,20250906,CLN02,SRV07,MAS144,VET04,RECEPCION_PRESENCIAL,COMPLETADA,24,63,150000,0.0,150000.0,STRIPE_CARD,5,1,0,0
FACT01084,20250906,CLN02,SRV01,MAS132,VET03,OPTIMIZACION_GEO_PLEB,COMPLETADA,27,41,45000,4500.0,40500.0,STRIPE_CARD,5,1,0,0
FACT01085,20250906,CLN03,SRV02,MAS044,VET05,PORTAL_WEB,COMPLETADA,22,22,35000,0.0,35000.0,STRIPE_CARD,5,1,0,0
FACT01086,20250906,CLN03,SRV05,MAS014,VET05,PORTAL_WEB,NO_ASISTIO,0,0,85000,0.0,0.0,NO_APLICA,,0,1,0
FACT01087,20250906,CLN02,SRV01,MAS089,VET03,OPTIMIZACION_GEO_PLEB,NO_ASISTIO,0,0,45000,4500.0,0.0,NO_APLICA,,0,1,0
FACT01088,20250907,CLN03,SRV05,MAS035,VET05,OPTIMIZACION_GEO_PLEB,COMPLETADA,14,30,85000,8500.0,76500.0,STRIPE_CARD,1,1,0,0
FACT01089,20250907,CLN03,SRV05,MAS046,VET05,PORTAL_WEB,COMPLETADA,22,38,85000,0.0,85000.0,TRANSFERENCIA_NEQUI,5,1,0,0
FACT01090,20250907,CLN06,SRV04,MAS114,VET10,AGENTE_NOVA_CHATBOT,COMPLETADA,13,91,220000,0.0,220000.0,TRANSFERENCIA_NEQUI,4,1,0,0
FACT01091,20250907,CLN02,SRV04,MAS112,VET04,PORTAL_WEB,COMPLETADA,33,100,220000,0.0,220000.0,STRIPE_CARD,5,1,0,0
FACT01092,20250907,CLN04,SRV03,MAS049,VET06,RECEPCION_PRESENCIAL,CANCELADA,0,0,25000,0.0,0.0,NO_APLICA,,0,0,1
FACT01093,20250908,CLN02,SRV01,MAS080,VET04,PORTAL_WEB,COMPLETADA,31,37,45000,0.0,45000.0,STRIPE_CARD,4,1,0,0
FACT01094,20250908,CLN01,SRV02,MAS110,VET01,RECEPCION_PRESENCIAL,COMPLETADA,34,35,35000,0.0,35000.0,STRIPE_CARD,1,1,0,0
FACT01095,20250908,CLN06,SRV01,MAS026,VET09,RECEPCION_PRESENCIAL,COMPLETADA,5,28,45000,0.0,45000.0,STRIPE_CARD,3,1,0,0
FACT01096,20250908,CLN02,SRV02,MAS069,VET03,OPTIMIZACION_GEO_PLEB,COMPLETADA,5,15,35000,3500.0,31500.0,STRIPE_CARD,2,1,0,0
FACT01097,20250908,CLN05,SRV02,MAS052,VET08,RECEPCION_PRESENCIAL,COMPLETADA,29,33,35000,0.0,35000.0,STRIPE_CARD,3,1,0,0
FACT01098,20250908,CLN03,SRV08,MAS040,VET05,PORTAL_WEB,COMPLETADA,22,63,50000,0.0,50000.0,STRIPE_CARD,4,1,0,0
FACT01099,20250908,CLN01,SRV02,MAS140,VET01,PORTAL_WEB,COMPLETADA,21,28,35000,0.0,35000.0,STRIPE_CARD,5,1,0,0
FACT01100,20250908,CLN01,SRV07,MAS099,VET01,AGENTE_NOVA_CHATBOT,COMPLETADA,25,64,150000,0.0,150000.0,TRANSFERENCIA_NEQUI,5,1,0,0
FACT01101,20250909,CLN06,SRV08,MAS044,VET09,PORTAL_WEB,COMPLETADA,8,64,50000,0.0,50000.0,EFECTIVO,5,1,0,0
FACT01102,20250909,CLN01,SRV02,MAS012,VET02,PORTAL_WEB,CANCELADA,0,0,35000,0.0,0.0,NO_APLICA,,0,0,1
FACT01103,20250909,CLN02,SRV06,MAS047,VET04,RECEPCION_PRESENCIAL,NO_ASISTIO,0,0,120000,0.0,0.0,NO_APLICA,,0,1,0
FACT01104,20250909,CLN02,SRV05,MAS090,VET04,AGENTE_NOVA_CHATBOT,COMPLETADA,34,35,85000,0.0,85000.0,EFECTIVO,4,1,0,0
FACT01105,20250909,CLN06,SRV01,MAS039,VET09,PORTAL_WEB,NO_ASISTIO,0,0,45000,0.0,0.0,NO_APLICA,,0,1,0
FACT01106,20250909,CLN03,SRV07,MAS115,VET05,RECEPCION_PRESENCIAL,NO_ASISTIO,0,0,150000,0.0,0.0,NO_APLICA,,0,1,0
FACT01107,20250909,CLN01,SRV07,MAS072,VET01,PORTAL_WEB,COMPLETADA,15,59,150000,0.0,150000.0,TRANSFERENCIA_NEQUI,5,1,0,0
FACT01108,20250909,CLN03,SRV08,MAS109,VET05,RECEPCION_PRESENCIAL,COMPLETADA,24,75,50000,0.0,50000.0,STRIPE_CARD,5,1,0,0
FACT01109,20250910,CLN04,SRV08,MAS137,VET07,PORTAL_WEB,CANCELADA,0,0,50000,0.0,0.0,NO_APLICA,,0,0,1
FACT01110,20250910,CLN04,SRV07,MAS135,VET06,PORTAL_WEB,CANCELADA,0,0,150000,0.0,0.0,NO_APLICA,,0,0,1
FACT01111,20250910,CLN06,SRV04,MAS093,VET09,PORTAL_WEB,COMPLETADA,32,85,220000,0.0,220000.0,TRANSFERENCIA_NEQUI,5,1,0,0
FACT01112,20250910,CLN02,SRV01,MAS090,VET03,PORTAL_WEB,COMPLETADA,14,39,45000,0.0,45000.0,TRANSFERENCIA_NEQUI,5,1,0,0
FACT01113,20250910,CLN02,SRV04,MAS015,VET03,PORTAL_WEB,NO_ASISTIO,0,0,220000,0.0,0.0,NO_APLICA,,0,1,0
FACT01114,20250910,CLN01,SRV07,MAS007,VET01,RECEPCION_PRESENCIAL,NO_ASISTIO,0,0,150000,0.0,0.0,NO_APLICA,,0,1,0
FACT01115,20250911,CLN01,SRV02,MAS123,VET01,PORTAL_WEB,CANCELADA,0,0,35000,0.0,0.0,NO_APLICA,,0,0,1
FACT01116,20250911,CLN01,SRV06,MAS037,VET01,PORTAL_WEB,COMPLETADA,7,35,120000,0.0,120000.0,TRANSFERENCIA_NEQUI,4,1,0,0
FACT01117,20250911,CLN02,SRV08,MAS036,VET03,OPTIMIZACION_GEO_PLEB,NO_ASISTIO,0,0,50000,5000.0,0.0,NO_APLICA,,0,1,0
FACT01118,20250911,CLN06,SRV08,MAS106,VET10,AGENTE_NOVA_CHATBOT,NO_ASISTIO,0,0,50000,0.0,0.0,NO_APLICA,,0,1,0
FACT01119,20250911,CLN04,SRV05,MAS029,VET06,PORTAL_WEB,COMPLETADA,33,40,85000,0.0,85000.0,STRIPE_CARD,5,1,0,0
FACT01120,20250912,CLN02,SRV07,MAS109,VET03,RECEPCION_PRESENCIAL,NO_ASISTIO,0,0,150000,0.0,0.0,NO_APLICA,,0,1,0
FACT01121,20250912,CLN05,SRV05,MAS059,VET08,PORTAL_WEB,COMPLETADA,13,22,85000,0.0,85000.0,STRIPE_CARD,4,1,0,0
FACT01122,20250912,CLN06,SRV07,MAS015,VET09,RECEPCION_PRESENCIAL,COMPLETADA,10,72,150000,0.0,150000.0,STRIPE_CARD,4,1,0,0
FACT01123,20250912,CLN06,SRV08,MAS081,VET10,RECEPCION_PRESENCIAL,NO_ASISTIO,0,0,50000,0.0,0.0,NO_APLICA,,0,1,0
FACT01124,20250912,CLN04,SRV01,MAS096,VET06,RECEPCION_PRESENCIAL,NO_ASISTIO,0,0,45000,0.0,0.0,NO_APLICA,,0,1,0
FACT01125,20250912,CLN02,SRV02,MAS027,VET04,AGENTE_NOVA_CHATBOT,COMPLETADA,24,25,35000,0.0,35000.0,EFECTIVO,5,1,0,0
FACT01126,20250912,CLN02,SRV02,MAS055,VET03,PORTAL_WEB,CANCELADA,0,0,35000,0.0,0.0,NO_APLICA,,0,0,1
FACT01127,20250913,CLN03,SRV04,MAS009,VET05,AGENTE_NOVA_CHATBOT,COMPLETADA,7,103,220000,0.0,220000.0,TRANSFERENCIA_NEQUI,4,1,0,0
FACT01128,20250913,CLN01,SRV06,MAS024,VET01,PORTAL_WEB,COMPLETADA,16,44,120000,0.0,120000.0,STRIPE_CARD,2,1,0,0
FACT01129,20250913,CLN03,SRV06,MAS034,VET05,PORTAL_WEB,NO_ASISTIO,0,0,120000,0.0,0.0,NO_APLICA,,0,1,0
FACT01130,20250913,CLN03,SRV02,MAS129,VET05,PORTAL_WEB,COMPLETADA,23,27,35000,0.0,35000.0,STRIPE_CARD,5,1,0,0
FACT01131,20250913,CLN03,SRV03,MAS119,VET05,PORTAL_WEB,COMPLETADA,35,17,25000,0.0,25000.0,STRIPE_CARD,3,1,0,0
FACT01132,20250913,CLN06,SRV06,MAS115,VET09,AGENTE_NOVA_CHATBOT,COMPLETADA,14,46,120000,0.0,120000.0,TRANSFERENCIA_NEQUI,4,1,0,0
FACT01133,20250913,CLN01,SRV04,MAS054,VET02,OPTIMIZACION_GEO_PLEB,CANCELADA,0,0,220000,22000.0,0.0,NO_APLICA,,0,0,1
FACT01134,20250913,CLN01,SRV08,MAS025,VET01,PORTAL_WEB,COMPLETADA,29,64,50000,0.0,50000.0,STRIPE_CARD,4,1,0,0
FACT01135,20250913,CLN04,SRV08,MAS081,VET06,AGENTE_NOVA_CHATBOT,COMPLETADA,10,57,50000,0.0,50000.0,EFECTIVO,5,1,0,0
FACT01136,20250914,CLN01,SRV03,MAS118,VET01,RECEPCION_PRESENCIAL,COMPLETADA,13,24,25000,0.0,25000.0,STRIPE_CARD,4,1,0,0
FACT01137,20250914,CLN01,SRV01,MAS094,VET02,RECEPCION_PRESENCIAL,COMPLETADA,18,44,45000,0.0,45000.0,STRIPE_CARD,3,1,0,0
FACT01138,20250914,CLN04,SRV06,MAS096,VET07,RECEPCION_PRESENCIAL,COMPLETADA,21,49,120000,0.0,120000.0,STRIPE_CARD,5,1,0,0
FACT01139,20250914,CLN05,SRV04,MAS144,VET08,PORTAL_WEB,COMPLETADA,32,88,220000,0.0,220000.0,STRIPE_CARD,5,1,0,0
FACT01140,20250914,CLN05,SRV02,MAS058,VET08,RECEPCION_PRESENCIAL,COMPLETADA,26,17,35000,0.0,35000.0,TRANSFERENCIA_NEQUI,5,1,0,0
FACT01141,20250915,CLN05,SRV02,MAS022,VET08,PORTAL_WEB,COMPLETADA,34,27,35000,0.0,35000.0,STRIPE_CARD,4,1,0,0
FACT01142,20250915,CLN04,SRV02,MAS082,VET07,OPTIMIZACION_GEO_PLEB,COMPLETADA,20,21,35000,3500.0,31500.0,TRANSFERENCIA_NEQUI,4,1,0,0
FACT01143,20250915,CLN01,SRV08,MAS010,VET02,PORTAL_WEB,CANCELADA,0,0,50000,0.0,0.0,NO_APLICA,,0,0,1
FACT01144,20250915,CLN04,SRV04,MAS082,VET06,PORTAL_WEB,CANCELADA,0,0,220000,0.0,0.0,NO_APLICA,,0,0,1
FACT01145,20250915,CLN05,SRV01,MAS093,VET08,RECEPCION_PRESENCIAL,COMPLETADA,11,26,45000,0.0,45000.0,STRIPE_CARD,5,1,0,0
FACT01146,20250915,CLN06,SRV05,MAS065,VET10,PORTAL_WEB,NO_ASISTIO,0,0,85000,0.0,0.0,NO_APLICA,,0,1,0
FACT01147,20250915,CLN01,SRV02,MAS071,VET01,PORTAL_WEB,COMPLETADA,14,29,35000,0.0,35000.0,STRIPE_CARD,3,1,0,0
FACT01148,20250915,CLN06,SRV03,MAS014,VET10,RECEPCION_PRESENCIAL,COMPLETADA,15,19,25000,0.0,25000.0,EFECTIVO,5,1,0,0
FACT01149,20250916,CLN04,SRV03,MAS112,VET07,OPTIMIZACION_GEO_PLEB,COMPLETADA,17,10,25000,2500.0,22500.0,STRIPE_CARD,4,1,0,0
FACT01150,20250916,CLN01,SRV06,MAS082,VET01,PORTAL_WEB,COMPLETADA,33,49,120000,0.0,120000.0,TRANSFERENCIA_NEQUI,2,1,0,0
FACT01151,20250916,CLN03,SRV07,MAS068,VET05,PORTAL_WEB,CANCELADA,0,0,150000,0.0,0.0,NO_APLICA,,0,0,1
FACT01152,20250916,CLN04,SRV08,MAS149,VET06,PORTAL_WEB,COMPLETADA,11,61,50000,0.0,50000.0,STRIPE_CARD,5,1,0,0
FACT01153,20250916,CLN05,SRV04,MAS090,VET08,PORTAL_WEB,COMPLETADA,26,103,220000,0.0,220000.0,EFECTIVO,2,1,0,0
FACT01154,20250916,CLN03,SRV05,MAS079,VET05,PORTAL_WEB,CANCELADA,0,0,85000,0.0,0.0,NO_APLICA,,0,0,1
FACT01155,20250917,CLN04,SRV07,MAS106,VET07,AGENTE_NOVA_CHATBOT,COMPLETADA,31,72,150000,0.0,150000.0,EFECTIVO,5,1,0,0
FACT01156,20250917,CLN01,SRV08,MAS110,VET01,PORTAL_WEB,COMPLETADA,22,74,50000,0.0,50000.0,TRANSFERENCIA_NEQUI,5,1,0,0
FACT01157,20250917,CLN04,SRV07,MAS073,VET07,OPTIMIZACION_GEO_PLEB,NO_ASISTIO,0,0,150000,15000.0,0.0,NO_APLICA,,0,1,0
FACT01158,20250917,CLN01,SRV02,MAS023,VET01,PORTAL_WEB,NO_ASISTIO,0,0,35000,0.0,0.0,NO_APLICA,,0,1,0
FACT01159,20250917,CLN05,SRV02,MAS128,VET08,OPTIMIZACION_GEO_PLEB,NO_ASISTIO,0,0,35000,3500.0,0.0,NO_APLICA,,0,1,0
FACT01160,20250917,CLN05,SRV08,MAS129,VET08,PORTAL_WEB,CANCELADA,0,0,50000,0.0,0.0,NO_APLICA,,0,0,1
FACT01161,20250917,CLN06,SRV07,MAS055,VET10,RECEPCION_PRESENCIAL,COMPLETADA,22,67,150000,0.0,150000.0,TRANSFERENCIA_NEQUI,5,1,0,0
FACT01162,20250917,CLN01,SRV08,MAS106,VET02,RECEPCION_PRESENCIAL,NO_ASISTIO,0,0,50000,0.0,0.0,NO_APLICA,,0,1,0
FACT01163,20250918,CLN03,SRV05,MAS069,VET05,AGENTE_NOVA_CHATBOT,NO_ASISTIO,0,0,85000,0.0,0.0,NO_APLICA,,0,1,0
FACT01164,20250918,CLN03,SRV04,MAS002,VET05,PORTAL_WEB,COMPLETADA,5,85,220000,0.0,220000.0,EFECTIVO,5,1,0,0
FACT01165,20250918,CLN05,SRV06,MAS044,VET08,RECEPCION_PRESENCIAL,CANCELADA,0,0,120000,0.0,0.0,NO_APLICA,,0,0,1
FACT01166,20250919,CLN05,SRV04,MAS101,VET08,OPTIMIZACION_GEO_PLEB,COMPLETADA,18,89,220000,22000.0,198000.0,TRANSFERENCIA_NEQUI,2,1,0,0
FACT01167,20250919,CLN06,SRV07,MAS082,VET09,PORTAL_WEB,CANCELADA,0,0,150000,0.0,0.0,NO_APLICA,,0,0,1
FACT01168,20250919,CLN04,SRV02,MAS033,VET06,PORTAL_WEB,CANCELADA,0,0,35000,0.0,0.0,NO_APLICA,,0,0,1
FACT01169,20250919,CLN06,SRV05,MAS142,VET10,AGENTE_NOVA_CHATBOT,COMPLETADA,11,22,85000,0.0,85000.0,TRANSFERENCIA_NEQUI,5,1,0,0
FACT01170,20250920,CLN06,SRV01,MAS140,VET09,OPTIMIZACION_GEO_PLEB,COMPLETADA,17,25,45000,4500.0,40500.0,STRIPE_CARD,4,1,0,0
FACT01171,20250920,CLN04,SRV03,MAS062,VET07,PORTAL_WEB,NO_ASISTIO,0,0,25000,0.0,0.0,NO_APLICA,,0,1,0
FACT01172,20250920,CLN03,SRV04,MAS097,VET05,PORTAL_WEB,COMPLETADA,13,87,220000,0.0,220000.0,STRIPE_CARD,2,1,0,0
FACT01173,20250921,CLN05,SRV02,MAS118,VET08,PORTAL_WEB,CANCELADA,0,0,35000,0.0,0.0,NO_APLICA,,0,0,1
FACT01174,20250921,CLN01,SRV05,MAS068,VET01,PORTAL_WEB,COMPLETADA,7,35,85000,0.0,85000.0,STRIPE_CARD,3,1,0,0
FACT01175,20250921,CLN04,SRV08,MAS006,VET06,PORTAL_WEB,COMPLETADA,20,75,50000,0.0,50000.0,TRANSFERENCIA_NEQUI,5,1,0,0
FACT01176,20250921,CLN04,SRV08,MAS042,VET07,AGENTE_NOVA_CHATBOT,COMPLETADA,5,60,50000,0.0,50000.0,STRIPE_CARD,4,1,0,0
FACT01177,20250921,CLN01,SRV06,MAS124,VET02,OPTIMIZACION_GEO_PLEB,CANCELADA,0,0,120000,12000.0,0.0,NO_APLICA,,0,0,1
FACT01178,20250921,CLN05,SRV03,MAS134,VET08,AGENTE_NOVA_CHATBOT,NO_ASISTIO,0,0,25000,0.0,0.0,NO_APLICA,,0,1,0
FACT01179,20250921,CLN01,SRV01,MAS138,VET01,OPTIMIZACION_GEO_PLEB,COMPLETADA,21,29,45000,4500.0,40500.0,EFECTIVO,5,1,0,0
FACT01180,20250921,CLN01,SRV01,MAS084,VET01,PORTAL_WEB,COMPLETADA,7,29,45000,0.0,45000.0,TRANSFERENCIA_NEQUI,5,1,0,0
FACT01181,20250922,CLN01,SRV05,MAS120,VET02,RECEPCION_PRESENCIAL,NO_ASISTIO,0,0,85000,0.0,0.0,NO_APLICA,,0,1,0
FACT01182,20250922,CLN04,SRV04,MAS065,VET07,PORTAL_WEB,COMPLETADA,26,93,220000,0.0,220000.0,STRIPE_CARD,2,1,0,0
FACT01183,20250922,CLN05,SRV03,MAS053,VET08,RECEPCION_PRESENCIAL,NO_ASISTIO,0,0,25000,0.0,0.0,NO_APLICA,,0,1,0
FACT01184,20250922,CLN04,SRV07,MAS070,VET07,OPTIMIZACION_GEO_PLEB,COMPLETADA,8,74,150000,15000.0,135000.0,STRIPE_CARD,5,1,0,0
FACT01185,20250923,CLN03,SRV02,MAS116,VET05,PORTAL_WEB,COMPLETADA,35,31,35000,0.0,35000.0,TRANSFERENCIA_NEQUI,5,1,0,0
FACT01186,20250923,CLN03,SRV07,MAS008,VET05,PORTAL_WEB,COMPLETADA,30,65,150000,0.0,150000.0,STRIPE_CARD,5,1,0,0
FACT01187,20250923,CLN03,SRV02,MAS056,VET05,AGENTE_NOVA_CHATBOT,NO_ASISTIO,0,0,35000,0.0,0.0,NO_APLICA,,0,1,0
FACT01188,20250923,CLN03,SRV06,MAS032,VET05,AGENTE_NOVA_CHATBOT,COMPLETADA,27,35,120000,0.0,120000.0,STRIPE_CARD,4,1,0,0
FACT01189,20250923,CLN04,SRV04,MAS144,VET07,RECEPCION_PRESENCIAL,COMPLETADA,14,104,220000,0.0,220000.0,STRIPE_CARD,5,1,0,0
FACT01190,20250923,CLN01,SRV02,MAS147,VET02,RECEPCION_PRESENCIAL,NO_ASISTIO,0,0,35000,0.0,0.0,NO_APLICA,,0,1,0
FACT01191,20250923,CLN06,SRV06,MAS082,VET10,PORTAL_WEB,COMPLETADA,6,50,120000,0.0,120000.0,EFECTIVO,5,1,0,0
FACT01192,20250924,CLN01,SRV08,MAS044,VET01,AGENTE_NOVA_CHATBOT,CANCELADA,0,0,50000,0.0,0.0,NO_APLICA,,0,0,1
FACT01193,20250924,CLN05,SRV04,MAS148,VET08,AGENTE_NOVA_CHATBOT,COMPLETADA,5,105,220000,0.0,220000.0,STRIPE_CARD,4,1,0,0
FACT01194,20250924,CLN04,SRV03,MAS104,VET07,OPTIMIZACION_GEO_PLEB,COMPLETADA,34,26,25000,2500.0,22500.0,STRIPE_CARD,5,1,0,0
FACT01195,20250924,CLN01,SRV02,MAS107,VET02,AGENTE_NOVA_CHATBOT,NO_ASISTIO,0,0,35000,0.0,0.0,NO_APLICA,,0,1,0
FACT01196,20250924,CLN03,SRV06,MAS103,VET05,OPTIMIZACION_GEO_PLEB,COMPLETADA,29,45,120000,12000.0,108000.0,STRIPE_CARD,5,1,0,0
FACT01197,20250924,CLN04,SRV08,MAS127,VET07,PORTAL_WEB,NO_ASISTIO,0,0,50000,0.0,0.0,NO_APLICA,,0,1,0
FACT01198,20250925,CLN03,SRV01,MAS058,VET05,PORTAL_WEB,COMPLETADA,9,28,45000,0.0,45000.0,TRANSFERENCIA_NEQUI,1,1,0,0
FACT01199,20250925,CLN02,SRV02,MAS049,VET03,AGENTE_NOVA_CHATBOT,NO_ASISTIO,0,0,35000,0.0,0.0,NO_APLICA,,0,1,0
FACT01200,20250925,CLN05,SRV01,MAS067,VET08,PORTAL_WEB,COMPLETADA,6,34,45000,0.0,45000.0,EFECTIVO,5,1,0,0
FACT01201,20250925,CLN06,SRV05,MAS044,VET10,OPTIMIZACION_GEO_PLEB,COMPLETADA,19,23,85000,8500.0,76500.0,STRIPE_CARD,5,1,0,0
FACT01202,20250925,CLN05,SRV08,MAS032,VET08,OPTIMIZACION_GEO_PLEB,CANCELADA,0,0,50000,5000.0,0.0,NO_APLICA,,0,0,1
FACT01203,20250925,CLN02,SRV08,MAS072,VET04,RECEPCION_PRESENCIAL,COMPLETADA,12,57,50000,0.0,50000.0,EFECTIVO,5,1,0,0
FACT01204,20250925,CLN06,SRV06,MAS143,VET09,PORTAL_WEB,COMPLETADA,27,37,120000,0.0,120000.0,TRANSFERENCIA_NEQUI,5,1,0,0
FACT01205,20250925,CLN01,SRV01,MAS056,VET01,RECEPCION_PRESENCIAL,COMPLETADA,11,40,45000,0.0,45000.0,STRIPE_CARD,5,1,0,0
FACT01206,20250925,CLN05,SRV05,MAS117,VET08,PORTAL_WEB,NO_ASISTIO,0,0,85000,0.0,0.0,NO_APLICA,,0,1,0
FACT01207,20250926,CLN05,SRV03,MAS057,VET08,RECEPCION_PRESENCIAL,COMPLETADA,19,29,25000,0.0,25000.0,TRANSFERENCIA_NEQUI,4,1,0,0
FACT01208,20250926,CLN02,SRV05,MAS109,VET03,AGENTE_NOVA_CHATBOT,COMPLETADA,35,38,85000,0.0,85000.0,STRIPE_CARD,4,1,0,0
FACT01209,20250926,CLN04,SRV02,MAS062,VET06,RECEPCION_PRESENCIAL,COMPLETADA,10,23,35000,0.0,35000.0,TRANSFERENCIA_NEQUI,5,1,0,0
FACT01210,20250926,CLN03,SRV02,MAS141,VET05,AGENTE_NOVA_CHATBOT,COMPLETADA,18,21,35000,0.0,35000.0,TRANSFERENCIA_NEQUI,5,1,0,0
FACT01211,20250926,CLN05,SRV01,MAS113,VET08,AGENTE_NOVA_CHATBOT,COMPLETADA,8,26,45000,0.0,45000.0,TRANSFERENCIA_NEQUI,4,1,0,0
FACT01212,20250926,CLN02,SRV04,MAS104,VET04,OPTIMIZACION_GEO_PLEB,COMPLETADA,13,101,220000,22000.0,198000.0,TRANSFERENCIA_NEQUI,4,1,0,0
FACT01213,20250926,CLN01,SRV04,MAS029,VET01,PORTAL_WEB,COMPLETADA,6,86,220000,0.0,220000.0,STRIPE_CARD,4,1,0,0
FACT01214,20250926,CLN01,SRV05,MAS058,VET01,RECEPCION_PRESENCIAL,CANCELADA,0,0,85000,0.0,0.0,NO_APLICA,,0,0,1
FACT01215,20250926,CLN04,SRV02,MAS057,VET07,AGENTE_NOVA_CHATBOT,NO_ASISTIO,0,0,35000,0.0,0.0,NO_APLICA,,0,1,0
FACT01216,20250927,CLN02,SRV04,MAS089,VET03,AGENTE_NOVA_CHATBOT,NO_ASISTIO,0,0,220000,0.0,0.0,NO_APLICA,,0,1,0
FACT01217,20250927,CLN06,SRV01,MAS025,VET10,OPTIMIZACION_GEO_PLEB,COMPLETADA,34,44,45000,4500.0,40500.0,EFECTIVO,5,1,0,0
FACT01218,20250927,CLN06,SRV03,MAS081,VET09,PORTAL_WEB,NO_ASISTIO,0,0,25000,0.0,0.0,NO_APLICA,,0,1,0
FACT01219,20250927,CLN02,SRV06,MAS117,VET03,PORTAL_WEB,COMPLETADA,26,50,120000,0.0,120000.0,STRIPE_CARD,5,1,0,0
FACT01220,20250927,CLN02,SRV02,MAS044,VET04,PORTAL_WEB,NO_ASISTIO,0,0,35000,0.0,0.0,NO_APLICA,,0,1,0
FACT01221,20250927,CLN05,SRV08,MAS150,VET08,RECEPCION_PRESENCIAL,COMPLETADA,32,62,50000,0.0,50000.0,STRIPE_CARD,5,1,0,0
FACT01222,20250928,CLN01,SRV04,MAS135,VET02,PORTAL_WEB,CANCELADA,0,0,220000,0.0,0.0,NO_APLICA,,0,0,1
FACT01223,20250928,CLN02,SRV02,MAS078,VET03,AGENTE_NOVA_CHATBOT,NO_ASISTIO,0,0,35000,0.0,0.0,NO_APLICA,,0,1,0
FACT01224,20250928,CLN04,SRV06,MAS140,VET07,RECEPCION_PRESENCIAL,COMPLETADA,13,46,120000,0.0,120000.0,EFECTIVO,5,1,0,0
FACT01225,20250928,CLN03,SRV08,MAS029,VET05,OPTIMIZACION_GEO_PLEB,COMPLETADA,28,75,50000,5000.0,45000.0,TRANSFERENCIA_NEQUI,5,1,0,0
FACT01226,20250928,CLN02,SRV06,MAS128,VET03,PORTAL_WEB,COMPLETADA,23,48,120000,0.0,120000.0,STRIPE_CARD,5,1,0,0
FACT01227,20250928,CLN02,SRV02,MAS071,VET04,OPTIMIZACION_GEO_PLEB,NO_ASISTIO,0,0,35000,3500.0,0.0,NO_APLICA,,0,1,0
FACT01228,20250928,CLN04,SRV05,MAS090,VET06,RECEPCION_PRESENCIAL,COMPLETADA,23,33,85000,0.0,85000.0,EFECTIVO,2,1,0,0
FACT01229,20250928,CLN03,SRV01,MAS149,VET05,AGENTE_NOVA_CHATBOT,CANCELADA,0,0,45000,0.0,0.0,NO_APLICA,,0,0,1
FACT01230,20250928,CLN05,SRV07,MAS117,VET08,AGENTE_NOVA_CHATBOT,CANCELADA,0,0,150000,0.0,0.0,NO_APLICA,,0,0,1
FACT01231,20250929,CLN01,SRV08,MAS038,VET01,PORTAL_WEB,COMPLETADA,21,64,50000,0.0,50000.0,STRIPE_CARD,4,1,0,0
FACT01232,20250929,CLN03,SRV05,MAS017,VET05,PORTAL_WEB,COMPLETADA,19,21,85000,0.0,85000.0,STRIPE_CARD,5,1,0,0
FACT01233,20250929,CLN01,SRV05,MAS002,VET02,AGENTE_NOVA_CHATBOT,COMPLETADA,26,20,85000,0.0,85000.0,STRIPE_CARD,5,1,0,0
FACT01234,20250929,CLN03,SRV03,MAS023,VET05,AGENTE_NOVA_CHATBOT,NO_ASISTIO,0,0,25000,0.0,0.0,NO_APLICA,,0,1,0
FACT01235,20250929,CLN02,SRV07,MAS150,VET03,AGENTE_NOVA_CHATBOT,COMPLETADA,12,56,150000,0.0,150000.0,EFECTIVO,5,1,0,0
FACT01236,20250930,CLN06,SRV07,MAS103,VET10,AGENTE_NOVA_CHATBOT,COMPLETADA,34,64,150000,0.0,150000.0,STRIPE_CARD,4,1,0,0
FACT01237,20250930,CLN05,SRV06,MAS149,VET08,PORTAL_WEB,COMPLETADA,13,39,120000,0.0,120000.0,STRIPE_CARD,5,1,0,0
FACT01238,20250930,CLN03,SRV02,MAS077,VET05,RECEPCION_PRESENCIAL,CANCELADA,0,0,35000,0.0,0.0,NO_APLICA,,0,0,1
FACT01239,20250930,CLN05,SRV07,MAS112,VET08,PORTAL_WEB,COMPLETADA,21,69,150000,0.0,150000.0,EFECTIVO,4,1,0,0
FACT01240,20251001,CLN03,SRV08,MAS108,VET05,RECEPCION_PRESENCIAL,COMPLETADA,5,72,50000,0.0,50000.0,TRANSFERENCIA_NEQUI,5,1,0,0
FACT01241,20251001,CLN01,SRV05,MAS063,VET01,OPTIMIZACION_GEO_PLEB,CANCELADA,0,0,85000,8500.0,0.0,NO_APLICA,,0,0,1
FACT01242,20251001,CLN03,SRV05,MAS014,VET05,PORTAL_WEB,COMPLETADA,17,20,85000,0.0,85000.0,TRANSFERENCIA_NEQUI,5,1,0,0
FACT01243,20251001,CLN01,SRV01,MAS070,VET01,PORTAL_WEB,NO_ASISTIO,0,0,45000,0.0,0.0,NO_APLICA,,0,1,0
FACT01244,20251001,CLN03,SRV05,MAS145,VET05,AGENTE_NOVA_CHATBOT,COMPLETADA,32,21,85000,0.0,85000.0,STRIPE_CARD,5,1,0,0
FACT01245,20251001,CLN06,SRV03,MAS144,VET09,RECEPCION_PRESENCIAL,NO_ASISTIO,0,0,25000,0.0,0.0,NO_APLICA,,0,1,0
FACT01246,20251002,CLN02,SRV05,MAS080,VET03,PORTAL_WEB,NO_ASISTIO,0,0,85000,0.0,0.0,NO_APLICA,,0,1,0
FACT01247,20251002,CLN04,SRV02,MAS018,VET06,PORTAL_WEB,COMPLETADA,24,18,35000,0.0,35000.0,STRIPE_CARD,4,1,0,0
FACT01248,20251002,CLN02,SRV08,MAS007,VET03,RECEPCION_PRESENCIAL,CANCELADA,0,0,50000,0.0,0.0,NO_APLICA,,0,0,1
FACT01249,20251002,CLN04,SRV02,MAS077,VET06,RECEPCION_PRESENCIAL,COMPLETADA,10,22,35000,0.0,35000.0,EFECTIVO,3,1,0,0
FACT01250,20251003,CLN05,SRV02,MAS111,VET08,PORTAL_WEB,COMPLETADA,10,19,35000,0.0,35000.0,STRIPE_CARD,3,1,0,0
FACT01251,20251003,CLN02,SRV08,MAS123,VET03,AGENTE_NOVA_CHATBOT,COMPLETADA,26,58,50000,0.0,50000.0,TRANSFERENCIA_NEQUI,2,1,0,0
FACT01252,20251003,CLN03,SRV07,MAS099,VET05,PORTAL_WEB,NO_ASISTIO,0,0,150000,0.0,0.0,NO_APLICA,,0,1,0
FACT01253,20251003,CLN04,SRV07,MAS038,VET07,AGENTE_NOVA_CHATBOT,COMPLETADA,19,58,150000,0.0,150000.0,STRIPE_CARD,4,1,0,0
FACT01254,20251003,CLN05,SRV01,MAS114,VET08,AGENTE_NOVA_CHATBOT,COMPLETADA,35,29,45000,0.0,45000.0,TRANSFERENCIA_NEQUI,5,1,0,0
FACT01255,20251003,CLN03,SRV03,MAS092,VET05,OPTIMIZACION_GEO_PLEB,CANCELADA,0,0,25000,2500.0,0.0,NO_APLICA,,0,0,1
FACT01256,20251003,CLN02,SRV07,MAS132,VET04,PORTAL_WEB,COMPLETADA,25,59,150000,0.0,150000.0,EFECTIVO,5,1,0,0
FACT01257,20251003,CLN04,SRV05,MAS078,VET06,PORTAL_WEB,COMPLETADA,34,40,85000,0.0,85000.0,TRANSFERENCIA_NEQUI,5,1,0,0
FACT01258,20251003,CLN05,SRV05,MAS034,VET08,AGENTE_NOVA_CHATBOT,NO_ASISTIO,0,0,85000,0.0,0.0,NO_APLICA,,0,1,0
FACT01259,20251004,CLN05,SRV07,MAS018,VET08,PORTAL_WEB,COMPLETADA,32,60,150000,0.0,150000.0,STRIPE_CARD,5,1,0,0
FACT01260,20251004,CLN04,SRV06,MAS060,VET07,PORTAL_WEB,NO_ASISTIO,0,0,120000,0.0,0.0,NO_APLICA,,0,1,0
FACT01261,20251004,CLN01,SRV07,MAS108,VET01,PORTAL_WEB,COMPLETADA,24,63,150000,0.0,150000.0,STRIPE_CARD,5,1,0,0
FACT01262,20251004,CLN04,SRV01,MAS045,VET07,PORTAL_WEB,COMPLETADA,27,39,45000,0.0,45000.0,STRIPE_CARD,5,1,0,0
FACT01263,20251004,CLN02,SRV08,MAS113,VET04,AGENTE_NOVA_CHATBOT,NO_ASISTIO,0,0,50000,0.0,0.0,NO_APLICA,,0,1,0
FACT01264,20251004,CLN02,SRV03,MAS112,VET03,PORTAL_WEB,CANCELADA,0,0,25000,0.0,0.0,NO_APLICA,,0,0,1
FACT01265,20251004,CLN01,SRV02,MAS053,VET01,PORTAL_WEB,COMPLETADA,33,15,35000,0.0,35000.0,TRANSFERENCIA_NEQUI,5,1,0,0
FACT01266,20251005,CLN05,SRV06,MAS048,VET08,OPTIMIZACION_GEO_PLEB,NO_ASISTIO,0,0,120000,12000.0,0.0,NO_APLICA,,0,1,0
FACT01267,20251005,CLN04,SRV04,MAS147,VET06,OPTIMIZACION_GEO_PLEB,COMPLETADA,16,96,220000,22000.0,198000.0,STRIPE_CARD,4,1,0,0
FACT01268,20251005,CLN01,SRV07,MAS097,VET02,OPTIMIZACION_GEO_PLEB,COMPLETADA,7,59,150000,15000.0,135000.0,EFECTIVO,4,1,0,0
FACT01269,20251005,CLN01,SRV08,MAS060,VET01,OPTIMIZACION_GEO_PLEB,COMPLETADA,22,65,50000,5000.0,45000.0,EFECTIVO,5,1,0,0
FACT01270,20251005,CLN03,SRV06,MAS018,VET05,AGENTE_NOVA_CHATBOT,COMPLETADA,7,52,120000,0.0,120000.0,EFECTIVO,4,1,0,0
FACT01271,20251005,CLN04,SRV02,MAS150,VET06,AGENTE_NOVA_CHATBOT,COMPLETADA,25,15,35000,0.0,35000.0,TRANSFERENCIA_NEQUI,5,1,0,0
FACT01272,20251005,CLN03,SRV06,MAS016,VET05,PORTAL_WEB,COMPLETADA,22,45,120000,0.0,120000.0,STRIPE_CARD,2,1,0,0
FACT01273,20251006,CLN04,SRV01,MAS089,VET06,RECEPCION_PRESENCIAL,COMPLETADA,24,44,45000,0.0,45000.0,TRANSFERENCIA_NEQUI,2,1,0,0
FACT01274,20251006,CLN02,SRV01,MAS027,VET04,RECEPCION_PRESENCIAL,COMPLETADA,21,32,45000,0.0,45000.0,TRANSFERENCIA_NEQUI,4,1,0,0
FACT01275,20251006,CLN04,SRV04,MAS006,VET07,PORTAL_WEB,COMPLETADA,29,91,220000,0.0,220000.0,TRANSFERENCIA_NEQUI,4,1,0,0
FACT01276,20251006,CLN06,SRV08,MAS014,VET09,RECEPCION_PRESENCIAL,COMPLETADA,27,59,50000,0.0,50000.0,TRANSFERENCIA_NEQUI,5,1,0,0
FACT01277,20251007,CLN02,SRV08,MAS031,VET03,AGENTE_NOVA_CHATBOT,CANCELADA,0,0,50000,0.0,0.0,NO_APLICA,,0,0,1
FACT01278,20251007,CLN03,SRV06,MAS112,VET05,PORTAL_WEB,COMPLETADA,12,37,120000,0.0,120000.0,STRIPE_CARD,4,1,0,0
FACT01279,20251007,CLN04,SRV01,MAS064,VET06,PORTAL_WEB,COMPLETADA,6,29,45000,0.0,45000.0,EFECTIVO,5,1,0,0
FACT01280,20251007,CLN01,SRV06,MAS063,VET02,PORTAL_WEB,COMPLETADA,24,47,120000,0.0,120000.0,STRIPE_CARD,5,1,0,0
FACT01281,20251007,CLN06,SRV02,MAS065,VET09,PORTAL_WEB,CANCELADA,0,0,35000,0.0,0.0,NO_APLICA,,0,0,1
FACT01282,20251007,CLN04,SRV04,MAS114,VET07,AGENTE_NOVA_CHATBOT,NO_ASISTIO,0,0,220000,0.0,0.0,NO_APLICA,,0,1,0
FACT01283,20251007,CLN03,SRV04,MAS135,VET05,AGENTE_NOVA_CHATBOT,COMPLETADA,27,102,220000,0.0,220000.0,STRIPE_CARD,4,1,0,0
FACT01284,20251008,CLN04,SRV05,MAS021,VET07,PORTAL_WEB,COMPLETADA,31,36,85000,0.0,85000.0,STRIPE_CARD,5,1,0,0
FACT01285,20251008,CLN01,SRV03,MAS010,VET02,RECEPCION_PRESENCIAL,COMPLETADA,25,24,25000,0.0,25000.0,STRIPE_CARD,2,1,0,0
FACT01286,20251008,CLN04,SRV05,MAS072,VET06,RECEPCION_PRESENCIAL,CANCELADA,0,0,85000,0.0,0.0,NO_APLICA,,0,0,1
FACT01287,20251008,CLN03,SRV01,MAS072,VET05,RECEPCION_PRESENCIAL,CANCELADA,0,0,45000,0.0,0.0,NO_APLICA,,0,0,1
FACT01288,20251008,CLN04,SRV07,MAS099,VET06,PORTAL_WEB,COMPLETADA,12,61,150000,0.0,150000.0,TRANSFERENCIA_NEQUI,5,1,0,0
FACT01289,20251009,CLN01,SRV01,MAS139,VET02,PORTAL_WEB,COMPLETADA,34,44,45000,0.0,45000.0,EFECTIVO,4,1,0,0
FACT01290,20251009,CLN03,SRV01,MAS088,VET05,OPTIMIZACION_GEO_PLEB,NO_ASISTIO,0,0,45000,4500.0,0.0,NO_APLICA,,0,1,0
FACT01291,20251009,CLN04,SRV01,MAS028,VET07,RECEPCION_PRESENCIAL,CANCELADA,0,0,45000,0.0,0.0,NO_APLICA,,0,0,1
FACT01292,20251009,CLN06,SRV08,MAS109,VET10,OPTIMIZACION_GEO_PLEB,CANCELADA,0,0,50000,5000.0,0.0,NO_APLICA,,0,0,1
FACT01293,20251009,CLN05,SRV03,MAS098,VET08,PORTAL_WEB,COMPLETADA,9,10,25000,0.0,25000.0,EFECTIVO,5,1,0,0
FACT01294,20251009,CLN01,SRV05,MAS087,VET01,RECEPCION_PRESENCIAL,CANCELADA,0,0,85000,0.0,0.0,NO_APLICA,,0,0,1
FACT01295,20251009,CLN01,SRV06,MAS069,VET02,AGENTE_NOVA_CHATBOT,NO_ASISTIO,0,0,120000,0.0,0.0,NO_APLICA,,0,1,0
FACT01296,20251010,CLN06,SRV02,MAS079,VET09,AGENTE_NOVA_CHATBOT,CANCELADA,0,0,35000,0.0,0.0,NO_APLICA,,0,0,1
FACT01297,20251010,CLN03,SRV08,MAS119,VET05,RECEPCION_PRESENCIAL,COMPLETADA,5,69,50000,0.0,50000.0,EFECTIVO,5,1,0,0
FACT01298,20251010,CLN04,SRV07,MAS015,VET06,PORTAL_WEB,CANCELADA,0,0,150000,0.0,0.0,NO_APLICA,,0,0,1
FACT01299,20251010,CLN03,SRV02,MAS113,VET05,AGENTE_NOVA_CHATBOT,COMPLETADA,29,23,35000,0.0,35000.0,TRANSFERENCIA_NEQUI,5,1,0,0
FACT01300,20251010,CLN02,SRV03,MAS038,VET03,PORTAL_WEB,CANCELADA,0,0,25000,0.0,0.0,NO_APLICA,,0,0,1
FACT01301,20251010,CLN02,SRV01,MAS048,VET03,OPTIMIZACION_GEO_PLEB,NO_ASISTIO,0,0,45000,4500.0,0.0,NO_APLICA,,0,1,0
FACT01302,20251010,CLN04,SRV01,MAS142,VET07,PORTAL_WEB,NO_ASISTIO,0,0,45000,0.0,0.0,NO_APLICA,,0,1,0
FACT01303,20251010,CLN01,SRV05,MAS005,VET02,AGENTE_NOVA_CHATBOT,NO_ASISTIO,0,0,85000,0.0,0.0,NO_APLICA,,0,1,0
FACT01304,20251010,CLN05,SRV04,MAS090,VET08,PORTAL_WEB,COMPLETADA,21,99,220000,0.0,220000.0,STRIPE_CARD,5,1,0,0
FACT01305,20251011,CLN02,SRV06,MAS107,VET04,RECEPCION_PRESENCIAL,COMPLETADA,33,44,120000,0.0,120000.0,EFECTIVO,5,1,0,0
FACT01306,20251011,CLN05,SRV06,MAS105,VET08,AGENTE_NOVA_CHATBOT,NO_ASISTIO,0,0,120000,0.0,0.0,NO_APLICA,,0,1,0
FACT01307,20251011,CLN04,SRV01,MAS042,VET07,PORTAL_WEB,COMPLETADA,14,29,45000,0.0,45000.0,STRIPE_CARD,3,1,0,0
FACT01308,20251011,CLN01,SRV06,MAS131,VET01,OPTIMIZACION_GEO_PLEB,NO_ASISTIO,0,0,120000,12000.0,0.0,NO_APLICA,,0,1,0
FACT01309,20251012,CLN05,SRV04,MAS097,VET08,PORTAL_WEB,CANCELADA,0,0,220000,0.0,0.0,NO_APLICA,,0,0,1
FACT01310,20251012,CLN06,SRV07,MAS021,VET09,PORTAL_WEB,COMPLETADA,23,71,150000,0.0,150000.0,TRANSFERENCIA_NEQUI,1,1,0,0
FACT01311,20251012,CLN05,SRV01,MAS121,VET08,OPTIMIZACION_GEO_PLEB,NO_ASISTIO,0,0,45000,4500.0,0.0,NO_APLICA,,0,1,0
FACT01312,20251012,CLN05,SRV06,MAS069,VET08,OPTIMIZACION_GEO_PLEB,COMPLETADA,14,42,120000,12000.0,108000.0,EFECTIVO,5,1,0,0
FACT01313,20251012,CLN02,SRV06,MAS030,VET04,PORTAL_WEB,NO_ASISTIO,0,0,120000,0.0,0.0,NO_APLICA,,0,1,0
FACT01314,20251012,CLN04,SRV06,MAS021,VET07,OPTIMIZACION_GEO_PLEB,COMPLETADA,21,37,120000,12000.0,108000.0,TRANSFERENCIA_NEQUI,3,1,0,0
FACT01315,20251012,CLN05,SRV08,MAS108,VET08,OPTIMIZACION_GEO_PLEB,COMPLETADA,31,59,50000,5000.0,45000.0,STRIPE_CARD,2,1,0,0
FACT01316,20251012,CLN04,SRV05,MAS074,VET06,AGENTE_NOVA_CHATBOT,COMPLETADA,8,22,85000,0.0,85000.0,STRIPE_CARD,5,1,0,0
FACT01317,20251012,CLN05,SRV04,MAS047,VET08,PORTAL_WEB,COMPLETADA,10,88,220000,0.0,220000.0,TRANSFERENCIA_NEQUI,5,1,0,0
FACT01318,20251013,CLN01,SRV01,MAS111,VET01,PORTAL_WEB,COMPLETADA,7,29,45000,0.0,45000.0,TRANSFERENCIA_NEQUI,4,1,0,0
FACT01319,20251013,CLN04,SRV03,MAS103,VET07,OPTIMIZACION_GEO_PLEB,NO_ASISTIO,0,0,25000,2500.0,0.0,NO_APLICA,,0,1,0
FACT01320,20251013,CLN02,SRV02,MAS087,VET04,OPTIMIZACION_GEO_PLEB,COMPLETADA,24,34,35000,3500.0,31500.0,STRIPE_CARD,5,1,0,0
FACT01321,20251013,CLN01,SRV08,MAS105,VET02,RECEPCION_PRESENCIAL,NO_ASISTIO,0,0,50000,0.0,0.0,NO_APLICA,,0,1,0
FACT01322,20251013,CLN06,SRV05,MAS123,VET10,PORTAL_WEB,NO_ASISTIO,0,0,85000,0.0,0.0,NO_APLICA,,0,1,0
FACT01323,20251013,CLN06,SRV02,MAS039,VET09,OPTIMIZACION_GEO_PLEB,COMPLETADA,23,26,35000,3500.0,31500.0,TRANSFERENCIA_NEQUI,4,1,0,0
FACT01324,20251013,CLN04,SRV08,MAS046,VET07,OPTIMIZACION_GEO_PLEB,CANCELADA,0,0,50000,5000.0,0.0,NO_APLICA,,0,0,1
FACT01325,20251013,CLN03,SRV04,MAS077,VET05,AGENTE_NOVA_CHATBOT,COMPLETADA,6,103,220000,0.0,220000.0,TRANSFERENCIA_NEQUI,4,1,0,0
FACT01326,20251014,CLN03,SRV06,MAS046,VET05,PORTAL_WEB,COMPLETADA,31,41,120000,0.0,120000.0,EFECTIVO,5,1,0,0
FACT01327,20251014,CLN05,SRV02,MAS089,VET08,PORTAL_WEB,COMPLETADA,8,24,35000,0.0,35000.0,TRANSFERENCIA_NEQUI,5,1,0,0
FACT01328,20251014,CLN02,SRV05,MAS067,VET03,PORTAL_WEB,CANCELADA,0,0,85000,0.0,0.0,NO_APLICA,,0,0,1
FACT01329,20251014,CLN02,SRV03,MAS025,VET04,OPTIMIZACION_GEO_PLEB,COMPLETADA,31,26,25000,2500.0,22500.0,STRIPE_CARD,4,1,0,0
FACT01330,20251014,CLN05,SRV04,MAS002,VET08,PORTAL_WEB,COMPLETADA,16,91,220000,0.0,220000.0,TRANSFERENCIA_NEQUI,5,1,0,0
FACT01331,20251015,CLN04,SRV08,MAS076,VET06,PORTAL_WEB,COMPLETADA,19,68,50000,0.0,50000.0,STRIPE_CARD,5,1,0,0
FACT01332,20251015,CLN02,SRV02,MAS091,VET04,PORTAL_WEB,COMPLETADA,28,17,35000,0.0,35000.0,EFECTIVO,5,1,0,0
FACT01333,20251015,CLN03,SRV02,MAS081,VET05,RECEPCION_PRESENCIAL,COMPLETADA,8,31,35000,0.0,35000.0,STRIPE_CARD,5,1,0,0
FACT01334,20251015,CLN06,SRV04,MAS036,VET09,RECEPCION_PRESENCIAL,CANCELADA,0,0,220000,0.0,0.0,NO_APLICA,,0,0,1
FACT01335,20251015,CLN02,SRV05,MAS121,VET03,RECEPCION_PRESENCIAL,COMPLETADA,31,25,85000,0.0,85000.0,EFECTIVO,4,1,0,0
FACT01336,20251015,CLN02,SRV02,MAS133,VET03,PORTAL_WEB,NO_ASISTIO,0,0,35000,0.0,0.0,NO_APLICA,,0,1,0
FACT01337,20251015,CLN01,SRV02,MAS126,VET02,OPTIMIZACION_GEO_PLEB,CANCELADA,0,0,35000,3500.0,0.0,NO_APLICA,,0,0,1
FACT01338,20251015,CLN02,SRV01,MAS108,VET03,AGENTE_NOVA_CHATBOT,NO_ASISTIO,0,0,45000,0.0,0.0,NO_APLICA,,0,1,0
FACT01339,20251016,CLN04,SRV06,MAS124,VET06,PORTAL_WEB,CANCELADA,0,0,120000,0.0,0.0,NO_APLICA,,0,0,1
FACT01340,20251016,CLN03,SRV05,MAS125,VET05,RECEPCION_PRESENCIAL,COMPLETADA,24,31,85000,0.0,85000.0,EFECTIVO,4,1,0,0
FACT01341,20251016,CLN01,SRV02,MAS074,VET01,RECEPCION_PRESENCIAL,COMPLETADA,15,22,35000,0.0,35000.0,STRIPE_CARD,4,1,0,0
FACT01342,20251016,CLN02,SRV06,MAS030,VET04,RECEPCION_PRESENCIAL,COMPLETADA,27,39,120000,0.0,120000.0,TRANSFERENCIA_NEQUI,4,1,0,0
FACT01343,20251016,CLN04,SRV04,MAS008,VET07,AGENTE_NOVA_CHATBOT,COMPLETADA,21,91,220000,0.0,220000.0,TRANSFERENCIA_NEQUI,3,1,0,0
FACT01344,20251016,CLN01,SRV05,MAS082,VET02,RECEPCION_PRESENCIAL,COMPLETADA,30,34,85000,0.0,85000.0,EFECTIVO,5,1,0,0
FACT01345,20251016,CLN01,SRV08,MAS057,VET02,PORTAL_WEB,COMPLETADA,14,69,50000,0.0,50000.0,STRIPE_CARD,5,1,0,0
FACT01346,20251017,CLN02,SRV06,MAS034,VET03,OPTIMIZACION_GEO_PLEB,CANCELADA,0,0,120000,12000.0,0.0,NO_APLICA,,0,0,1
FACT01347,20251017,CLN01,SRV07,MAS024,VET01,AGENTE_NOVA_CHATBOT,NO_ASISTIO,0,0,150000,0.0,0.0,NO_APLICA,,0,1,0
FACT01348,20251017,CLN03,SRV01,MAS133,VET05,AGENTE_NOVA_CHATBOT,COMPLETADA,22,31,45000,0.0,45000.0,TRANSFERENCIA_NEQUI,1,1,0,0
FACT01349,20251017,CLN06,SRV05,MAS042,VET09,AGENTE_NOVA_CHATBOT,COMPLETADA,18,26,85000,0.0,85000.0,STRIPE_CARD,4,1,0,0
FACT01350,20251017,CLN01,SRV01,MAS135,VET01,OPTIMIZACION_GEO_PLEB,COMPLETADA,17,40,45000,4500.0,40500.0,EFECTIVO,5,1,0,0
FACT01351,20251017,CLN03,SRV04,MAS064,VET05,AGENTE_NOVA_CHATBOT,COMPLETADA,28,88,220000,0.0,220000.0,TRANSFERENCIA_NEQUI,3,1,0,0
FACT01352,20251017,CLN06,SRV03,MAS070,VET10,PORTAL_WEB,COMPLETADA,7,26,25000,0.0,25000.0,TRANSFERENCIA_NEQUI,4,1,0,0
FACT01353,20251018,CLN01,SRV02,MAS101,VET01,OPTIMIZACION_GEO_PLEB,COMPLETADA,32,24,35000,3500.0,31500.0,TRANSFERENCIA_NEQUI,4,1,0,0
FACT01354,20251018,CLN05,SRV05,MAS071,VET08,PORTAL_WEB,COMPLETADA,8,28,85000,0.0,85000.0,TRANSFERENCIA_NEQUI,2,1,0,0
FACT01355,20251018,CLN04,SRV07,MAS024,VET07,RECEPCION_PRESENCIAL,COMPLETADA,22,63,150000,0.0,150000.0,STRIPE_CARD,5,1,0,0
FACT01356,20251019,CLN01,SRV07,MAS096,VET02,PORTAL_WEB,CANCELADA,0,0,150000,0.0,0.0,NO_APLICA,,0,0,1
FACT01357,20251019,CLN04,SRV01,MAS102,VET06,RECEPCION_PRESENCIAL,COMPLETADA,16,40,45000,0.0,45000.0,EFECTIVO,4,1,0,0
FACT01358,20251019,CLN03,SRV02,MAS025,VET05,PORTAL_WEB,CANCELADA,0,0,35000,0.0,0.0,NO_APLICA,,0,0,1
FACT01359,20251019,CLN02,SRV04,MAS022,VET04,RECEPCION_PRESENCIAL,COMPLETADA,24,100,220000,0.0,220000.0,STRIPE_CARD,4,1,0,0
FACT01360,20251019,CLN01,SRV05,MAS106,VET02,AGENTE_NOVA_CHATBOT,COMPLETADA,31,24,85000,0.0,85000.0,TRANSFERENCIA_NEQUI,5,1,0,0
FACT01361,20251019,CLN01,SRV04,MAS144,VET02,OPTIMIZACION_GEO_PLEB,COMPLETADA,20,95,220000,22000.0,198000.0,STRIPE_CARD,2,1,0,0
FACT01362,20251020,CLN04,SRV02,MAS027,VET07,PORTAL_WEB,COMPLETADA,17,19,35000,0.0,35000.0,STRIPE_CARD,4,1,0,0
FACT01363,20251020,CLN05,SRV03,MAS051,VET08,PORTAL_WEB,COMPLETADA,6,23,25000,0.0,25000.0,TRANSFERENCIA_NEQUI,5,1,0,0
FACT01364,20251020,CLN02,SRV07,MAS003,VET04,PORTAL_WEB,COMPLETADA,18,64,150000,0.0,150000.0,EFECTIVO,4,1,0,0
FACT01365,20251020,CLN05,SRV06,MAS145,VET08,PORTAL_WEB,NO_ASISTIO,0,0,120000,0.0,0.0,NO_APLICA,,0,1,0
FACT01366,20251020,CLN02,SRV04,MAS096,VET04,OPTIMIZACION_GEO_PLEB,CANCELADA,0,0,220000,22000.0,0.0,NO_APLICA,,0,0,1
FACT01367,20251021,CLN04,SRV04,MAS085,VET07,PORTAL_WEB,NO_ASISTIO,0,0,220000,0.0,0.0,NO_APLICA,,0,1,0
FACT01368,20251021,CLN02,SRV01,MAS082,VET04,PORTAL_WEB,COMPLETADA,9,40,45000,0.0,45000.0,STRIPE_CARD,5,1,0,0
FACT01369,20251021,CLN03,SRV04,MAS025,VET05,RECEPCION_PRESENCIAL,CANCELADA,0,0,220000,0.0,0.0,NO_APLICA,,0,0,1
FACT01370,20251021,CLN03,SRV01,MAS120,VET05,PORTAL_WEB,CANCELADA,0,0,45000,0.0,0.0,NO_APLICA,,0,0,1
FACT01371,20251021,CLN01,SRV04,MAS089,VET02,PORTAL_WEB,NO_ASISTIO,0,0,220000,0.0,0.0,NO_APLICA,,0,1,0
FACT01372,20251022,CLN03,SRV07,MAS150,VET05,AGENTE_NOVA_CHATBOT,NO_ASISTIO,0,0,150000,0.0,0.0,NO_APLICA,,0,1,0
FACT01373,20251022,CLN03,SRV05,MAS144,VET05,PORTAL_WEB,CANCELADA,0,0,85000,0.0,0.0,NO_APLICA,,0,0,1
FACT01374,20251022,CLN01,SRV02,MAS056,VET01,PORTAL_WEB,COMPLETADA,13,33,35000,0.0,35000.0,TRANSFERENCIA_NEQUI,5,1,0,0
FACT01375,20251022,CLN03,SRV08,MAS054,VET05,PORTAL_WEB,COMPLETADA,30,62,50000,0.0,50000.0,STRIPE_CARD,1,1,0,0
FACT01376,20251023,CLN05,SRV03,MAS043,VET08,PORTAL_WEB,COMPLETADA,15,12,25000,0.0,25000.0,STRIPE_CARD,3,1,0,0
FACT01377,20251023,CLN02,SRV07,MAS121,VET04,AGENTE_NOVA_CHATBOT,COMPLETADA,21,58,150000,0.0,150000.0,TRANSFERENCIA_NEQUI,5,1,0,0
FACT01378,20251023,CLN04,SRV08,MAS091,VET07,OPTIMIZACION_GEO_PLEB,COMPLETADA,15,71,50000,5000.0,45000.0,STRIPE_CARD,5,1,0,0
FACT01379,20251023,CLN02,SRV03,MAS112,VET04,RECEPCION_PRESENCIAL,CANCELADA,0,0,25000,0.0,0.0,NO_APLICA,,0,0,1
FACT01380,20251023,CLN04,SRV02,MAS143,VET07,AGENTE_NOVA_CHATBOT,COMPLETADA,10,15,35000,0.0,35000.0,TRANSFERENCIA_NEQUI,3,1,0,0
FACT01381,20251023,CLN06,SRV07,MAS055,VET10,OPTIMIZACION_GEO_PLEB,CANCELADA,0,0,150000,15000.0,0.0,NO_APLICA,,0,0,1
FACT01382,20251023,CLN02,SRV06,MAS046,VET04,PORTAL_WEB,NO_ASISTIO,0,0,120000,0.0,0.0,NO_APLICA,,0,1,0
FACT01383,20251023,CLN02,SRV06,MAS135,VET04,PORTAL_WEB,COMPLETADA,23,44,120000,0.0,120000.0,EFECTIVO,5,1,0,0
FACT01384,20251023,CLN03,SRV05,MAS009,VET05,AGENTE_NOVA_CHATBOT,NO_ASISTIO,0,0,85000,0.0,0.0,NO_APLICA,,0,1,0
FACT01385,20251024,CLN04,SRV01,MAS065,VET07,PORTAL_WEB,COMPLETADA,23,25,45000,0.0,45000.0,TRANSFERENCIA_NEQUI,3,1,0,0
FACT01386,20251024,CLN05,SRV08,MAS045,VET08,OPTIMIZACION_GEO_PLEB,COMPLETADA,30,58,50000,5000.0,45000.0,STRIPE_CARD,5,1,0,0
FACT01387,20251024,CLN05,SRV03,MAS034,VET08,RECEPCION_PRESENCIAL,COMPLETADA,31,13,25000,0.0,25000.0,STRIPE_CARD,5,1,0,0
FACT01388,20251024,CLN03,SRV05,MAS050,VET05,OPTIMIZACION_GEO_PLEB,NO_ASISTIO,0,0,85000,8500.0,0.0,NO_APLICA,,0,1,0
FACT01389,20251024,CLN06,SRV06,MAS082,VET09,PORTAL_WEB,NO_ASISTIO,0,0,120000,0.0,0.0,NO_APLICA,,0,1,0
FACT01390,20251024,CLN05,SRV01,MAS104,VET08,PORTAL_WEB,COMPLETADA,7,31,45000,0.0,45000.0,STRIPE_CARD,3,1,0,0
FACT01391,20251024,CLN06,SRV02,MAS045,VET10,PORTAL_WEB,COMPLETADA,13,34,35000,0.0,35000.0,TRANSFERENCIA_NEQUI,5,1,0,0
FACT01392,20251024,CLN02,SRV05,MAS071,VET03,AGENTE_NOVA_CHATBOT,CANCELADA,0,0,85000,0.0,0.0,NO_APLICA,,0,0,1
FACT01393,20251025,CLN03,SRV02,MAS145,VET05,PORTAL_WEB,COMPLETADA,8,17,35000,0.0,35000.0,STRIPE_CARD,5,1,0,0
FACT01394,20251025,CLN02,SRV01,MAS044,VET04,PORTAL_WEB,COMPLETADA,25,36,45000,0.0,45000.0,STRIPE_CARD,5,1,0,0
FACT01395,20251025,CLN03,SRV03,MAS080,VET05,RECEPCION_PRESENCIAL,COMPLETADA,27,19,25000,0.0,25000.0,STRIPE_CARD,5,1,0,0
FACT01396,20251026,CLN03,SRV04,MAS049,VET05,PORTAL_WEB,COMPLETADA,10,94,220000,0.0,220000.0,TRANSFERENCIA_NEQUI,5,1,0,0
FACT01397,20251026,CLN03,SRV08,MAS091,VET05,AGENTE_NOVA_CHATBOT,CANCELADA,0,0,50000,0.0,0.0,NO_APLICA,,0,0,1
FACT01398,20251026,CLN03,SRV03,MAS010,VET05,RECEPCION_PRESENCIAL,CANCELADA,0,0,25000,0.0,0.0,NO_APLICA,,0,0,1
FACT01399,20251026,CLN02,SRV07,MAS089,VET03,AGENTE_NOVA_CHATBOT,NO_ASISTIO,0,0,150000,0.0,0.0,NO_APLICA,,0,1,0
FACT01400,20251026,CLN02,SRV05,MAS024,VET04,PORTAL_WEB,CANCELADA,0,0,85000,0.0,0.0,NO_APLICA,,0,0,1
FACT01401,20251026,CLN03,SRV08,MAS067,VET05,PORTAL_WEB,COMPLETADA,21,75,50000,0.0,50000.0,STRIPE_CARD,5,1,0,0
FACT01402,20251026,CLN04,SRV06,MAS145,VET07,OPTIMIZACION_GEO_PLEB,COMPLETADA,33,36,120000,12000.0,108000.0,STRIPE_CARD,5,1,0,0
FACT01403,20251027,CLN03,SRV03,MAS108,VET05,AGENTE_NOVA_CHATBOT,COMPLETADA,15,30,25000,0.0,25000.0,STRIPE_CARD,3,1,0,0
FACT01404,20251027,CLN03,SRV03,MAS120,VET05,PORTAL_WEB,CANCELADA,0,0,25000,0.0,0.0,NO_APLICA,,0,0,1
FACT01405,20251027,CLN01,SRV08,MAS148,VET02,RECEPCION_PRESENCIAL,NO_ASISTIO,0,0,50000,0.0,0.0,NO_APLICA,,0,1,0
FACT01406,20251027,CLN06,SRV08,MAS063,VET10,AGENTE_NOVA_CHATBOT,COMPLETADA,24,65,50000,0.0,50000.0,TRANSFERENCIA_NEQUI,5,1,0,0
FACT01407,20251027,CLN03,SRV04,MAS130,VET05,RECEPCION_PRESENCIAL,COMPLETADA,18,93,220000,0.0,220000.0,TRANSFERENCIA_NEQUI,2,1,0,0
FACT01408,20251027,CLN05,SRV03,MAS132,VET08,AGENTE_NOVA_CHATBOT,COMPLETADA,33,29,25000,0.0,25000.0,STRIPE_CARD,2,1,0,0
FACT01409,20251027,CLN05,SRV03,MAS086,VET08,PORTAL_WEB,COMPLETADA,14,14,25000,0.0,25000.0,TRANSFERENCIA_NEQUI,3,1,0,0
FACT01410,20251027,CLN04,SRV08,MAS001,VET06,PORTAL_WEB,NO_ASISTIO,0,0,50000,0.0,0.0,NO_APLICA,,0,1,0
FACT01411,20251028,CLN02,SRV05,MAS021,VET04,PORTAL_WEB,COMPLETADA,32,26,85000,0.0,85000.0,STRIPE_CARD,5,1,0,0
FACT01412,20251028,CLN02,SRV01,MAS123,VET04,AGENTE_NOVA_CHATBOT,COMPLETADA,8,40,45000,0.0,45000.0,TRANSFERENCIA_NEQUI,4,1,0,0
FACT01413,20251028,CLN06,SRV08,MAS097,VET09,PORTAL_WEB,COMPLETADA,29,58,50000,0.0,50000.0,EFECTIVO,5,1,0,0
FACT01414,20251028,CLN02,SRV06,MAS073,VET04,RECEPCION_PRESENCIAL,NO_ASISTIO,0,0,120000,0.0,0.0,NO_APLICA,,0,1,0
FACT01415,20251029,CLN04,SRV06,MAS126,VET06,OPTIMIZACION_GEO_PLEB,NO_ASISTIO,0,0,120000,12000.0,0.0,NO_APLICA,,0,1,0
FACT01416,20251029,CLN01,SRV03,MAS061,VET01,AGENTE_NOVA_CHATBOT,COMPLETADA,15,26,25000,0.0,25000.0,TRANSFERENCIA_NEQUI,3,1,0,0
FACT01417,20251029,CLN01,SRV03,MAS128,VET01,PORTAL_WEB,COMPLETADA,11,19,25000,0.0,25000.0,EFECTIVO,5,1,0,0
FACT01418,20251029,CLN04,SRV07,MAS039,VET06,AGENTE_NOVA_CHATBOT,COMPLETADA,17,70,150000,0.0,150000.0,TRANSFERENCIA_NEQUI,5,1,0,0
FACT01419,20251029,CLN02,SRV07,MAS133,VET03,RECEPCION_PRESENCIAL,COMPLETADA,30,57,150000,0.0,150000.0,STRIPE_CARD,5,1,0,0
FACT01420,20251029,CLN06,SRV01,MAS042,VET10,PORTAL_WEB,COMPLETADA,23,41,45000,0.0,45000.0,TRANSFERENCIA_NEQUI,5,1,0,0
FACT01421,20251029,CLN01,SRV07,MAS109,VET02,AGENTE_NOVA_CHATBOT,COMPLETADA,18,63,150000,0.0,150000.0,STRIPE_CARD,4,1,0,0
FACT01422,20251030,CLN04,SRV08,MAS086,VET07,AGENTE_NOVA_CHATBOT,CANCELADA,0,0,50000,0.0,0.0,NO_APLICA,,0,0,1
FACT01423,20251030,CLN01,SRV07,MAS137,VET01,PORTAL_WEB,COMPLETADA,9,55,150000,0.0,150000.0,EFECTIVO,5,1,0,0
FACT01424,20251030,CLN02,SRV07,MAS013,VET04,AGENTE_NOVA_CHATBOT,COMPLETADA,6,58,150000,0.0,150000.0,TRANSFERENCIA_NEQUI,3,1,0,0
FACT01425,20251030,CLN03,SRV06,MAS065,VET05,AGENTE_NOVA_CHATBOT,COMPLETADA,26,44,120000,0.0,120000.0,STRIPE_CARD,4,1,0,0
FACT01426,20251030,CLN05,SRV03,MAS076,VET08,RECEPCION_PRESENCIAL,COMPLETADA,5,24,25000,0.0,25000.0,STRIPE_CARD,5,1,0,0
FACT01427,20251030,CLN05,SRV06,MAS010,VET08,RECEPCION_PRESENCIAL,CANCELADA,0,0,120000,0.0,0.0,NO_APLICA,,0,0,1
FACT01428,20251030,CLN02,SRV02,MAS137,VET03,PORTAL_WEB,COMPLETADA,28,19,35000,0.0,35000.0,TRANSFERENCIA_NEQUI,4,1,0,0
FACT01429,20251031,CLN03,SRV04,MAS135,VET05,RECEPCION_PRESENCIAL,CANCELADA,0,0,220000,0.0,0.0,NO_APLICA,,0,0,1
FACT01430,20251031,CLN01,SRV06,MAS096,VET01,PORTAL_WEB,COMPLETADA,24,55,120000,0.0,120000.0,STRIPE_CARD,3,1,0,0
FACT01431,20251031,CLN04,SRV06,MAS078,VET06,RECEPCION_PRESENCIAL,COMPLETADA,5,40,120000,0.0,120000.0,EFECTIVO,2,1,0,0
FACT01432,20251031,CLN06,SRV07,MAS030,VET09,OPTIMIZACION_GEO_PLEB,COMPLETADA,13,64,150000,15000.0,135000.0,STRIPE_CARD,4,1,0,0
FACT01433,20251031,CLN06,SRV06,MAS147,VET09,PORTAL_WEB,COMPLETADA,29,48,120000,0.0,120000.0,STRIPE_CARD,5,1,0,0
FACT01434,20251101,CLN05,SRV07,MAS047,VET08,AGENTE_NOVA_CHATBOT,NO_ASISTIO,0,0,150000,0.0,0.0,NO_APLICA,,0,1,0
FACT01435,20251101,CLN03,SRV07,MAS054,VET05,RECEPCION_PRESENCIAL,COMPLETADA,26,59,150000,0.0,150000.0,TRANSFERENCIA_NEQUI,5,1,0,0
FACT01436,20251101,CLN05,SRV02,MAS057,VET08,PORTAL_WEB,COMPLETADA,27,25,35000,0.0,35000.0,EFECTIVO,5,1,0,0
FACT01437,20251101,CLN06,SRV07,MAS085,VET10,RECEPCION_PRESENCIAL,CANCELADA,0,0,150000,0.0,0.0,NO_APLICA,,0,0,1
FACT01438,20251101,CLN04,SRV06,MAS088,VET06,AGENTE_NOVA_CHATBOT,COMPLETADA,31,49,120000,0.0,120000.0,TRANSFERENCIA_NEQUI,5,1,0,0
FACT01439,20251102,CLN05,SRV07,MAS066,VET08,PORTAL_WEB,COMPLETADA,26,73,150000,0.0,150000.0,TRANSFERENCIA_NEQUI,2,1,0,0
FACT01440,20251102,CLN05,SRV02,MAS054,VET08,OPTIMIZACION_GEO_PLEB,NO_ASISTIO,0,0,35000,3500.0,0.0,NO_APLICA,,0,1,0
FACT01441,20251102,CLN03,SRV05,MAS081,VET05,RECEPCION_PRESENCIAL,COMPLETADA,5,24,85000,0.0,85000.0,STRIPE_CARD,4,1,0,0
FACT01442,20251102,CLN05,SRV07,MAS107,VET08,AGENTE_NOVA_CHATBOT,COMPLETADA,22,70,150000,0.0,150000.0,TRANSFERENCIA_NEQUI,1,1,0,0
FACT01443,20251103,CLN02,SRV02,MAS025,VET04,PORTAL_WEB,COMPLETADA,11,18,35000,0.0,35000.0,STRIPE_CARD,4,1,0,0
FACT01444,20251103,CLN02,SRV07,MAS091,VET04,RECEPCION_PRESENCIAL,COMPLETADA,33,74,150000,0.0,150000.0,EFECTIVO,5,1,0,0
FACT01445,20251103,CLN06,SRV06,MAS129,VET09,OPTIMIZACION_GEO_PLEB,CANCELADA,0,0,120000,12000.0,0.0,NO_APLICA,,0,0,1
FACT01446,20251103,CLN04,SRV07,MAS127,VET06,AGENTE_NOVA_CHATBOT,COMPLETADA,31,69,150000,0.0,150000.0,STRIPE_CARD,5,1,0,0
FACT01447,20251103,CLN04,SRV01,MAS137,VET07,RECEPCION_PRESENCIAL,COMPLETADA,25,30,45000,0.0,45000.0,STRIPE_CARD,4,1,0,0
FACT01448,20251103,CLN04,SRV07,MAS106,VET07,PORTAL_WEB,COMPLETADA,24,62,150000,0.0,150000.0,STRIPE_CARD,5,1,0,0
FACT01449,20251103,CLN05,SRV01,MAS084,VET08,PORTAL_WEB,CANCELADA,0,0,45000,0.0,0.0,NO_APLICA,,0,0,1
FACT01450,20251104,CLN05,SRV02,MAS095,VET08,OPTIMIZACION_GEO_PLEB,COMPLETADA,33,35,35000,3500.0,31500.0,STRIPE_CARD,5,1,0,0
FACT01451,20251104,CLN02,SRV06,MAS062,VET04,RECEPCION_PRESENCIAL,COMPLETADA,34,41,120000,0.0,120000.0,EFECTIVO,5,1,0,0
FACT01452,20251104,CLN01,SRV04,MAS148,VET01,RECEPCION_PRESENCIAL,COMPLETADA,12,104,220000,0.0,220000.0,STRIPE_CARD,5,1,0,0
FACT01453,20251104,CLN02,SRV02,MAS085,VET04,PORTAL_WEB,COMPLETADA,19,17,35000,0.0,35000.0,STRIPE_CARD,5,1,0,0
FACT01454,20251105,CLN06,SRV08,MAS099,VET10,RECEPCION_PRESENCIAL,COMPLETADA,35,63,50000,0.0,50000.0,STRIPE_CARD,3,1,0,0
FACT01455,20251105,CLN06,SRV08,MAS124,VET09,PORTAL_WEB,NO_ASISTIO,0,0,50000,0.0,0.0,NO_APLICA,,0,1,0
FACT01456,20251105,CLN03,SRV01,MAS094,VET05,OPTIMIZACION_GEO_PLEB,COMPLETADA,25,45,45000,4500.0,40500.0,STRIPE_CARD,5,1,0,0
FACT01457,20251105,CLN01,SRV05,MAS149,VET01,PORTAL_WEB,COMPLETADA,16,33,85000,0.0,85000.0,STRIPE_CARD,4,1,0,0
FACT01458,20251105,CLN02,SRV04,MAS068,VET04,AGENTE_NOVA_CHATBOT,COMPLETADA,25,87,220000,0.0,220000.0,TRANSFERENCIA_NEQUI,5,1,0,0
FACT01459,20251105,CLN02,SRV06,MAS076,VET04,RECEPCION_PRESENCIAL,NO_ASISTIO,0,0,120000,0.0,0.0,NO_APLICA,,0,1,0
FACT01460,20251105,CLN03,SRV05,MAS146,VET05,OPTIMIZACION_GEO_PLEB,COMPLETADA,6,24,85000,8500.0,76500.0,EFECTIVO,5,1,0,0
FACT01461,20251105,CLN01,SRV06,MAS145,VET01,AGENTE_NOVA_CHATBOT,COMPLETADA,14,40,120000,0.0,120000.0,EFECTIVO,4,1,0,0
FACT01462,20251106,CLN06,SRV05,MAS040,VET10,PORTAL_WEB,NO_ASISTIO,0,0,85000,0.0,0.0,NO_APLICA,,0,1,0
FACT01463,20251106,CLN02,SRV07,MAS066,VET04,PORTAL_WEB,NO_ASISTIO,0,0,150000,0.0,0.0,NO_APLICA,,0,1,0
FACT01464,20251106,CLN01,SRV05,MAS038,VET01,PORTAL_WEB,CANCELADA,0,0,85000,0.0,0.0,NO_APLICA,,0,0,1
FACT01465,20251106,CLN03,SRV07,MAS123,VET05,PORTAL_WEB,CANCELADA,0,0,150000,0.0,0.0,NO_APLICA,,0,0,1
FACT01466,20251106,CLN03,SRV06,MAS134,VET05,RECEPCION_PRESENCIAL,COMPLETADA,32,50,120000,0.0,120000.0,TRANSFERENCIA_NEQUI,4,1,0,0
FACT01467,20251106,CLN02,SRV07,MAS004,VET04,PORTAL_WEB,NO_ASISTIO,0,0,150000,0.0,0.0,NO_APLICA,,0,1,0
FACT01468,20251107,CLN02,SRV04,MAS058,VET04,AGENTE_NOVA_CHATBOT,COMPLETADA,24,88,220000,0.0,220000.0,EFECTIVO,4,1,0,0
FACT01469,20251107,CLN04,SRV01,MAS135,VET07,PORTAL_WEB,COMPLETADA,16,26,45000,0.0,45000.0,STRIPE_CARD,5,1,0,0
FACT01470,20251107,CLN03,SRV05,MAS142,VET05,OPTIMIZACION_GEO_PLEB,CANCELADA,0,0,85000,8500.0,0.0,NO_APLICA,,0,0,1
FACT01471,20251107,CLN01,SRV08,MAS146,VET01,PORTAL_WEB,CANCELADA,0,0,50000,0.0,0.0,NO_APLICA,,0,0,1
FACT01472,20251107,CLN02,SRV03,MAS063,VET04,RECEPCION_PRESENCIAL,COMPLETADA,10,11,25000,0.0,25000.0,EFECTIVO,1,1,0,0
FACT01473,20251108,CLN03,SRV04,MAS017,VET05,OPTIMIZACION_GEO_PLEB,COMPLETADA,14,86,220000,22000.0,198000.0,STRIPE_CARD,5,1,0,0
FACT01474,20251108,CLN05,SRV08,MAS026,VET08,PORTAL_WEB,CANCELADA,0,0,50000,0.0,0.0,NO_APLICA,,0,0,1
FACT01475,20251108,CLN03,SRV04,MAS123,VET05,RECEPCION_PRESENCIAL,COMPLETADA,7,100,220000,0.0,220000.0,STRIPE_CARD,5,1,0,0
FACT01476,20251108,CLN05,SRV05,MAS146,VET08,OPTIMIZACION_GEO_PLEB,COMPLETADA,18,23,85000,8500.0,76500.0,TRANSFERENCIA_NEQUI,4,1,0,0
FACT01477,20251108,CLN06,SRV08,MAS001,VET09,RECEPCION_PRESENCIAL,COMPLETADA,24,63,50000,0.0,50000.0,STRIPE_CARD,5,1,0,0
FACT01478,20251108,CLN03,SRV05,MAS077,VET05,OPTIMIZACION_GEO_PLEB,COMPLETADA,12,30,85000,8500.0,76500.0,EFECTIVO,5,1,0,0
FACT01479,20251108,CLN06,SRV02,MAS047,VET10,PORTAL_WEB,COMPLETADA,15,31,35000,0.0,35000.0,STRIPE_CARD,5,1,0,0
FACT01480,20251109,CLN01,SRV05,MAS025,VET02,AGENTE_NOVA_CHATBOT,COMPLETADA,25,37,85000,0.0,85000.0,STRIPE_CARD,3,1,0,0
FACT01481,20251109,CLN01,SRV04,MAS079,VET01,AGENTE_NOVA_CHATBOT,CANCELADA,0,0,220000,0.0,0.0,NO_APLICA,,0,0,1
FACT01482,20251109,CLN03,SRV02,MAS077,VET05,PORTAL_WEB,CANCELADA,0,0,35000,0.0,0.0,NO_APLICA,,0,0,1
FACT01483,20251109,CLN05,SRV06,MAS041,VET08,RECEPCION_PRESENCIAL,COMPLETADA,30,40,120000,0.0,120000.0,STRIPE_CARD,3,1,0,0
FACT01484,20251110,CLN05,SRV07,MAS069,VET08,AGENTE_NOVA_CHATBOT,COMPLETADA,20,64,150000,0.0,150000.0,EFECTIVO,5,1,0,0
FACT01485,20251110,CLN03,SRV06,MAS116,VET05,RECEPCION_PRESENCIAL,COMPLETADA,23,47,120000,0.0,120000.0,STRIPE_CARD,4,1,0,0
FACT01486,20251110,CLN04,SRV07,MAS091,VET06,PORTAL_WEB,NO_ASISTIO,0,0,150000,0.0,0.0,NO_APLICA,,0,1,0
FACT01487,20251110,CLN04,SRV01,MAS052,VET07,AGENTE_NOVA_CHATBOT,COMPLETADA,14,36,45000,0.0,45000.0,TRANSFERENCIA_NEQUI,5,1,0,0
FACT01488,20251110,CLN04,SRV04,MAS056,VET07,OPTIMIZACION_GEO_PLEB,CANCELADA,0,0,220000,22000.0,0.0,NO_APLICA,,0,0,1
FACT01489,20251111,CLN03,SRV02,MAS063,VET05,AGENTE_NOVA_CHATBOT,COMPLETADA,28,30,35000,0.0,35000.0,TRANSFERENCIA_NEQUI,2,1,0,0
FACT01490,20251111,CLN01,SRV08,MAS064,VET02,OPTIMIZACION_GEO_PLEB,COMPLETADA,23,67,50000,5000.0,45000.0,STRIPE_CARD,5,1,0,0
FACT01491,20251111,CLN06,SRV05,MAS138,VET10,RECEPCION_PRESENCIAL,COMPLETADA,34,29,85000,0.0,85000.0,STRIPE_CARD,5,1,0,0
FACT01492,20251111,CLN06,SRV06,MAS106,VET09,PORTAL_WEB,COMPLETADA,23,44,120000,0.0,120000.0,STRIPE_CARD,4,1,0,0
FACT01493,20251111,CLN04,SRV06,MAS147,VET06,AGENTE_NOVA_CHATBOT,CANCELADA,0,0,120000,0.0,0.0,NO_APLICA,,0,0,1
FACT01494,20251111,CLN05,SRV01,MAS036,VET08,AGENTE_NOVA_CHATBOT,COMPLETADA,35,36,45000,0.0,45000.0,TRANSFERENCIA_NEQUI,3,1,0,0
FACT01495,20251112,CLN02,SRV06,MAS120,VET03,RECEPCION_PRESENCIAL,COMPLETADA,16,45,120000,0.0,120000.0,EFECTIVO,5,1,0,0
FACT01496,20251112,CLN03,SRV03,MAS031,VET05,RECEPCION_PRESENCIAL,NO_ASISTIO,0,0,25000,0.0,0.0,NO_APLICA,,0,1,0
FACT01497,20251112,CLN04,SRV08,MAS013,VET07,PORTAL_WEB,CANCELADA,0,0,50000,0.0,0.0,NO_APLICA,,0,0,1
FACT01498,20251112,CLN05,SRV01,MAS145,VET08,PORTAL_WEB,COMPLETADA,35,41,45000,0.0,45000.0,EFECTIVO,3,1,0,0
FACT01499,20251112,CLN05,SRV05,MAS148,VET08,PORTAL_WEB,COMPLETADA,28,22,85000,0.0,85000.0,STRIPE_CARD,4,1,0,0
FACT01500,20251112,CLN05,SRV02,MAS147,VET08,OPTIMIZACION_GEO_PLEB,COMPLETADA,25,21,35000,3500.0,31500.0,TRANSFERENCIA_NEQUI,4,1,0,0
FACT01501,20251112,CLN03,SRV08,MAS039,VET05,AGENTE_NOVA_CHATBOT,NO_ASISTIO,0,0,50000,0.0,0.0,NO_APLICA,,0,1,0
FACT01502,20251112,CLN01,SRV06,MAS117,VET01,RECEPCION_PRESENCIAL,CANCELADA,0,0,120000,0.0,0.0,NO_APLICA,,0,0,1
FACT01503,20251113,CLN04,SRV01,MAS100,VET07,PORTAL_WEB,COMPLETADA,12,35,45000,0.0,45000.0,EFECTIVO,5,1,0,0
FACT01504,20251113,CLN02,SRV08,MAS052,VET04,AGENTE_NOVA_CHATBOT,CANCELADA,0,0,50000,0.0,0.0,NO_APLICA,,0,0,1
FACT01505,20251113,CLN06,SRV04,MAS038,VET09,AGENTE_NOVA_CHATBOT,COMPLETADA,10,88,220000,0.0,220000.0,STRIPE_CARD,5,1,0,0
FACT01506,20251114,CLN02,SRV02,MAS084,VET04,PORTAL_WEB,COMPLETADA,26,21,35000,0.0,35000.0,STRIPE_CARD,5,1,0,0
FACT01507,20251114,CLN04,SRV04,MAS056,VET07,PORTAL_WEB,COMPLETADA,9,99,220000,0.0,220000.0,TRANSFERENCIA_NEQUI,5,1,0,0
FACT01508,20251114,CLN01,SRV04,MAS098,VET02,RECEPCION_PRESENCIAL,COMPLETADA,19,97,220000,0.0,220000.0,TRANSFERENCIA_NEQUI,5,1,0,0
FACT01509,20251114,CLN05,SRV02,MAS045,VET08,OPTIMIZACION_GEO_PLEB,CANCELADA,0,0,35000,3500.0,0.0,NO_APLICA,,0,0,1
FACT01510,20251114,CLN06,SRV03,MAS054,VET09,RECEPCION_PRESENCIAL,COMPLETADA,28,29,25000,0.0,25000.0,EFECTIVO,5,1,0,0
FACT01511,20251114,CLN04,SRV04,MAS024,VET06,AGENTE_NOVA_CHATBOT,CANCELADA,0,0,220000,0.0,0.0,NO_APLICA,,0,0,1
FACT01512,20251114,CLN04,SRV02,MAS117,VET07,PORTAL_WEB,COMPLETADA,17,28,35000,0.0,35000.0,STRIPE_CARD,5,1,0,0
FACT01513,20251114,CLN03,SRV05,MAS017,VET05,AGENTE_NOVA_CHATBOT,COMPLETADA,12,22,85000,0.0,85000.0,TRANSFERENCIA_NEQUI,4,1,0,0
FACT01514,20251114,CLN04,SRV05,MAS083,VET06,PORTAL_WEB,COMPLETADA,32,27,85000,0.0,85000.0,STRIPE_CARD,5,1,0,0
FACT01515,20251115,CLN05,SRV03,MAS121,VET08,PORTAL_WEB,COMPLETADA,24,16,25000,0.0,25000.0,EFECTIVO,3,1,0,0
FACT01516,20251115,CLN03,SRV03,MAS108,VET05,PORTAL_WEB,COMPLETADA,34,26,25000,0.0,25000.0,STRIPE_CARD,2,1,0,0
FACT01517,20251115,CLN03,SRV03,MAS008,VET05,PORTAL_WEB,COMPLETADA,14,22,25000,0.0,25000.0,EFECTIVO,4,1,0,0
FACT01518,20251115,CLN05,SRV01,MAS007,VET08,PORTAL_WEB,COMPLETADA,33,40,45000,0.0,45000.0,STRIPE_CARD,5,1,0,0
FACT01519,20251116,CLN01,SRV03,MAS041,VET02,PORTAL_WEB,COMPLETADA,16,17,25000,0.0,25000.0,STRIPE_CARD,5,1,0,0
FACT01520,20251116,CLN01,SRV08,MAS107,VET02,RECEPCION_PRESENCIAL,CANCELADA,0,0,50000,0.0,0.0,NO_APLICA,,0,0,1
FACT01521,20251116,CLN02,SRV05,MAS122,VET03,AGENTE_NOVA_CHATBOT,COMPLETADA,9,30,85000,0.0,85000.0,EFECTIVO,4,1,0,0
FACT01522,20251116,CLN05,SRV08,MAS127,VET08,OPTIMIZACION_GEO_PLEB,NO_ASISTIO,0,0,50000,5000.0,0.0,NO_APLICA,,0,1,0
FACT01523,20251116,CLN02,SRV04,MAS132,VET03,PORTAL_WEB,COMPLETADA,12,87,220000,0.0,220000.0,TRANSFERENCIA_NEQUI,4,1,0,0
FACT01524,20251116,CLN03,SRV04,MAS058,VET05,PORTAL_WEB,COMPLETADA,28,94,220000,0.0,220000.0,TRANSFERENCIA_NEQUI,5,1,0,0
FACT01525,20251117,CLN05,SRV03,MAS084,VET08,AGENTE_NOVA_CHATBOT,COMPLETADA,26,14,25000,0.0,25000.0,STRIPE_CARD,4,1,0,0
FACT01526,20251117,CLN06,SRV01,MAS051,VET10,PORTAL_WEB,COMPLETADA,9,45,45000,0.0,45000.0,STRIPE_CARD,5,1,0,0
FACT01527,20251117,CLN02,SRV06,MAS003,VET04,RECEPCION_PRESENCIAL,CANCELADA,0,0,120000,0.0,0.0,NO_APLICA,,0,0,1
FACT01528,20251117,CLN04,SRV04,MAS148,VET07,RECEPCION_PRESENCIAL,COMPLETADA,11,99,220000,0.0,220000.0,TRANSFERENCIA_NEQUI,4,1,0,0
FACT01529,20251117,CLN01,SRV06,MAS087,VET02,AGENTE_NOVA_CHATBOT,COMPLETADA,15,50,120000,0.0,120000.0,TRANSFERENCIA_NEQUI,4,1,0,0
FACT01530,20251117,CLN06,SRV06,MAS133,VET09,PORTAL_WEB,COMPLETADA,30,46,120000,0.0,120000.0,STRIPE_CARD,5,1,0,0
FACT01531,20251117,CLN05,SRV02,MAS059,VET08,PORTAL_WEB,COMPLETADA,8,32,35000,0.0,35000.0,STRIPE_CARD,4,1,0,0
FACT01532,20251117,CLN03,SRV08,MAS112,VET05,PORTAL_WEB,CANCELADA,0,0,50000,0.0,0.0,NO_APLICA,,0,0,1
FACT01533,20251118,CLN05,SRV07,MAS131,VET08,PORTAL_WEB,COMPLETADA,31,62,150000,0.0,150000.0,STRIPE_CARD,4,1,0,0
FACT01534,20251118,CLN06,SRV03,MAS145,VET10,OPTIMIZACION_GEO_PLEB,CANCELADA,0,0,25000,2500.0,0.0,NO_APLICA,,0,0,1
FACT01535,20251118,CLN01,SRV04,MAS136,VET02,AGENTE_NOVA_CHATBOT,COMPLETADA,10,88,220000,0.0,220000.0,STRIPE_CARD,4,1,0,0
FACT01536,20251118,CLN06,SRV07,MAS052,VET09,PORTAL_WEB,COMPLETADA,35,67,150000,0.0,150000.0,TRANSFERENCIA_NEQUI,5,1,0,0
FACT01537,20251118,CLN04,SRV06,MAS035,VET07,AGENTE_NOVA_CHATBOT,NO_ASISTIO,0,0,120000,0.0,0.0,NO_APLICA,,0,1,0
FACT01538,20251118,CLN01,SRV05,MAS143,VET01,AGENTE_NOVA_CHATBOT,NO_ASISTIO,0,0,85000,0.0,0.0,NO_APLICA,,0,1,0
FACT01539,20251118,CLN02,SRV01,MAS106,VET03,PORTAL_WEB,COMPLETADA,20,30,45000,0.0,45000.0,STRIPE_CARD,4,1,0,0
FACT01540,20251118,CLN04,SRV07,MAS101,VET06,PORTAL_WEB,CANCELADA,0,0,150000,0.0,0.0,NO_APLICA,,0,0,1
FACT01541,20251118,CLN02,SRV02,MAS058,VET04,PORTAL_WEB,COMPLETADA,33,27,35000,0.0,35000.0,STRIPE_CARD,5,1,0,0
FACT01542,20251119,CLN04,SRV05,MAS084,VET06,PORTAL_WEB,COMPLETADA,21,29,85000,0.0,85000.0,TRANSFERENCIA_NEQUI,4,1,0,0
FACT01543,20251119,CLN02,SRV05,MAS032,VET04,OPTIMIZACION_GEO_PLEB,CANCELADA,0,0,85000,8500.0,0.0,NO_APLICA,,0,0,1
FACT01544,20251119,CLN04,SRV02,MAS088,VET06,PORTAL_WEB,COMPLETADA,17,23,35000,0.0,35000.0,TRANSFERENCIA_NEQUI,5,1,0,0
FACT01545,20251119,CLN04,SRV08,MAS075,VET06,OPTIMIZACION_GEO_PLEB,COMPLETADA,8,57,50000,5000.0,45000.0,EFECTIVO,1,1,0,0
FACT01546,20251120,CLN06,SRV07,MAS108,VET10,PORTAL_WEB,COMPLETADA,32,63,150000,0.0,150000.0,EFECTIVO,3,1,0,0
FACT01547,20251120,CLN03,SRV07,MAS065,VET05,PORTAL_WEB,COMPLETADA,5,58,150000,0.0,150000.0,TRANSFERENCIA_NEQUI,4,1,0,0
FACT01548,20251120,CLN02,SRV04,MAS112,VET04,AGENTE_NOVA_CHATBOT,NO_ASISTIO,0,0,220000,0.0,0.0,NO_APLICA,,0,1,0
FACT01549,20251120,CLN01,SRV07,MAS133,VET02,RECEPCION_PRESENCIAL,NO_ASISTIO,0,0,150000,0.0,0.0,NO_APLICA,,0,1,0
FACT01550,20251121,CLN05,SRV02,MAS148,VET08,PORTAL_WEB,COMPLETADA,35,22,35000,0.0,35000.0,TRANSFERENCIA_NEQUI,5,1,0,0
FACT01551,20251121,CLN04,SRV06,MAS113,VET06,OPTIMIZACION_GEO_PLEB,COMPLETADA,32,51,120000,12000.0,108000.0,TRANSFERENCIA_NEQUI,5,1,0,0
FACT01552,20251121,CLN06,SRV01,MAS056,VET10,PORTAL_WEB,CANCELADA,0,0,45000,0.0,0.0,NO_APLICA,,0,0,1
FACT01553,20251122,CLN06,SRV02,MAS075,VET10,PORTAL_WEB,COMPLETADA,28,29,35000,0.0,35000.0,EFECTIVO,3,1,0,0
FACT01554,20251122,CLN03,SRV06,MAS064,VET05,RECEPCION_PRESENCIAL,COMPLETADA,30,36,120000,0.0,120000.0,EFECTIVO,5,1,0,0
FACT01555,20251122,CLN02,SRV06,MAS103,VET03,PORTAL_WEB,COMPLETADA,32,50,120000,0.0,120000.0,EFECTIVO,3,1,0,0
FACT01556,20251123,CLN05,SRV06,MAS079,VET08,PORTAL_WEB,COMPLETADA,25,47,120000,0.0,120000.0,TRANSFERENCIA_NEQUI,5,1,0,0
FACT01557,20251123,CLN06,SRV07,MAS052,VET09,RECEPCION_PRESENCIAL,COMPLETADA,16,65,150000,0.0,150000.0,EFECTIVO,3,1,0,0
FACT01558,20251123,CLN02,SRV06,MAS005,VET03,PORTAL_WEB,COMPLETADA,23,44,120000,0.0,120000.0,EFECTIVO,3,1,0,0
FACT01559,20251123,CLN05,SRV07,MAS020,VET08,PORTAL_WEB,COMPLETADA,7,74,150000,0.0,150000.0,TRANSFERENCIA_NEQUI,3,1,0,0
FACT01560,20251123,CLN03,SRV06,MAS137,VET05,RECEPCION_PRESENCIAL,COMPLETADA,9,47,120000,0.0,120000.0,EFECTIVO,5,1,0,0
FACT01561,20251124,CLN05,SRV06,MAS058,VET08,PORTAL_WEB,COMPLETADA,12,52,120000,0.0,120000.0,EFECTIVO,5,1,0,0
FACT01562,20251124,CLN01,SRV04,MAS057,VET02,PORTAL_WEB,COMPLETADA,19,105,220000,0.0,220000.0,STRIPE_CARD,3,1,0,0
FACT01563,20251124,CLN01,SRV04,MAS006,VET02,RECEPCION_PRESENCIAL,CANCELADA,0,0,220000,0.0,0.0,NO_APLICA,,0,0,1
FACT01564,20251124,CLN04,SRV04,MAS106,VET07,OPTIMIZACION_GEO_PLEB,COMPLETADA,23,97,220000,22000.0,198000.0,TRANSFERENCIA_NEQUI,4,1,0,0
FACT01565,20251124,CLN06,SRV06,MAS068,VET10,AGENTE_NOVA_CHATBOT,COMPLETADA,16,42,120000,0.0,120000.0,EFECTIVO,5,1,0,0
FACT01566,20251124,CLN01,SRV06,MAS064,VET01,OPTIMIZACION_GEO_PLEB,CANCELADA,0,0,120000,12000.0,0.0,NO_APLICA,,0,0,1
FACT01567,20251124,CLN02,SRV08,MAS138,VET03,PORTAL_WEB,COMPLETADA,30,74,50000,0.0,50000.0,EFECTIVO,5,1,0,0
FACT01568,20251125,CLN06,SRV08,MAS069,VET09,PORTAL_WEB,CANCELADA,0,0,50000,0.0,0.0,NO_APLICA,,0,0,1
FACT01569,20251125,CLN04,SRV08,MAS112,VET07,PORTAL_WEB,COMPLETADA,5,72,50000,0.0,50000.0,STRIPE_CARD,5,1,0,0
FACT01570,20251125,CLN03,SRV03,MAS017,VET05,AGENTE_NOVA_CHATBOT,NO_ASISTIO,0,0,25000,0.0,0.0,NO_APLICA,,0,1,0
FACT01571,20251125,CLN01,SRV05,MAS008,VET02,OPTIMIZACION_GEO_PLEB,NO_ASISTIO,0,0,85000,8500.0,0.0,NO_APLICA,,0,1,0
FACT01572,20251125,CLN04,SRV03,MAS102,VET07,RECEPCION_PRESENCIAL,COMPLETADA,14,27,25000,0.0,25000.0,EFECTIVO,4,1,0,0
FACT01573,20251125,CLN03,SRV07,MAS037,VET05,OPTIMIZACION_GEO_PLEB,CANCELADA,0,0,150000,15000.0,0.0,NO_APLICA,,0,0,1
FACT01574,20251125,CLN03,SRV01,MAS092,VET05,PORTAL_WEB,CANCELADA,0,0,45000,0.0,0.0,NO_APLICA,,0,0,1
FACT01575,20251125,CLN01,SRV07,MAS042,VET01,PORTAL_WEB,NO_ASISTIO,0,0,150000,0.0,0.0,NO_APLICA,,0,1,0
FACT01576,20251126,CLN05,SRV03,MAS008,VET08,RECEPCION_PRESENCIAL,NO_ASISTIO,0,0,25000,0.0,0.0,NO_APLICA,,0,1,0
FACT01577,20251126,CLN06,SRV06,MAS023,VET09,RECEPCION_PRESENCIAL,COMPLETADA,23,47,120000,0.0,120000.0,TRANSFERENCIA_NEQUI,3,1,0,0
FACT01578,20251126,CLN06,SRV03,MAS088,VET10,PORTAL_WEB,COMPLETADA,14,21,25000,0.0,25000.0,TRANSFERENCIA_NEQUI,5,1,0,0
FACT01579,20251126,CLN03,SRV02,MAS048,VET05,RECEPCION_PRESENCIAL,COMPLETADA,11,22,35000,0.0,35000.0,STRIPE_CARD,5,1,0,0
FACT01580,20251127,CLN04,SRV05,MAS006,VET06,PORTAL_WEB,CANCELADA,0,0,85000,0.0,0.0,NO_APLICA,,0,0,1
FACT01581,20251127,CLN05,SRV06,MAS025,VET08,PORTAL_WEB,COMPLETADA,35,51,120000,0.0,120000.0,EFECTIVO,5,1,0,0
FACT01582,20251127,CLN04,SRV01,MAS146,VET07,AGENTE_NOVA_CHATBOT,CANCELADA,0,0,45000,0.0,0.0,NO_APLICA,,0,0,1
FACT01583,20251127,CLN01,SRV04,MAS128,VET01,OPTIMIZACION_GEO_PLEB,COMPLETADA,11,96,220000,22000.0,198000.0,STRIPE_CARD,5,1,0,0
FACT01584,20251127,CLN05,SRV03,MAS113,VET08,PORTAL_WEB,NO_ASISTIO,0,0,25000,0.0,0.0,NO_APLICA,,0,1,0
FACT01585,20251128,CLN02,SRV01,MAS010,VET04,PORTAL_WEB,CANCELADA,0,0,45000,0.0,0.0,NO_APLICA,,0,0,1
FACT01586,20251128,CLN03,SRV02,MAS090,VET05,PORTAL_WEB,NO_ASISTIO,0,0,35000,0.0,0.0,NO_APLICA,,0,1,0
FACT01587,20251128,CLN05,SRV02,MAS128,VET08,OPTIMIZACION_GEO_PLEB,COMPLETADA,9,34,35000,3500.0,31500.0,TRANSFERENCIA_NEQUI,3,1,0,0
FACT01588,20251128,CLN06,SRV08,MAS030,VET10,OPTIMIZACION_GEO_PLEB,NO_ASISTIO,0,0,50000,5000.0,0.0,NO_APLICA,,0,1,0
FACT01589,20251128,CLN01,SRV04,MAS094,VET02,PORTAL_WEB,COMPLETADA,35,100,220000,0.0,220000.0,TRANSFERENCIA_NEQUI,5,1,0,0
FACT01590,20251128,CLN01,SRV01,MAS123,VET02,OPTIMIZACION_GEO_PLEB,NO_ASISTIO,0,0,45000,4500.0,0.0,NO_APLICA,,0,1,0
FACT01591,20251128,CLN01,SRV06,MAS135,VET01,OPTIMIZACION_GEO_PLEB,CANCELADA,0,0,120000,12000.0,0.0,NO_APLICA,,0,0,1
FACT01592,20251129,CLN05,SRV04,MAS073,VET08,PORTAL_WEB,COMPLETADA,19,91,220000,0.0,220000.0,TRANSFERENCIA_NEQUI,5,1,0,0
FACT01593,20251129,CLN04,SRV07,MAS022,VET07,PORTAL_WEB,COMPLETADA,20,58,150000,0.0,150000.0,TRANSFERENCIA_NEQUI,5,1,0,0
FACT01594,20251129,CLN05,SRV05,MAS128,VET08,PORTAL_WEB,COMPLETADA,21,21,85000,0.0,85000.0,STRIPE_CARD,5,1,0,0
FACT01595,20251129,CLN03,SRV06,MAS013,VET05,PORTAL_WEB,CANCELADA,0,0,120000,0.0,0.0,NO_APLICA,,0,0,1
FACT01596,20251129,CLN01,SRV07,MAS049,VET02,OPTIMIZACION_GEO_PLEB,COMPLETADA,6,68,150000,15000.0,135000.0,STRIPE_CARD,4,1,0,0
FACT01597,20251129,CLN05,SRV01,MAS055,VET08,RECEPCION_PRESENCIAL,COMPLETADA,35,30,45000,0.0,45000.0,EFECTIVO,3,1,0,0
FACT01598,20251129,CLN01,SRV08,MAS053,VET01,OPTIMIZACION_GEO_PLEB,CANCELADA,0,0,50000,5000.0,0.0,NO_APLICA,,0,0,1
FACT01599,20251129,CLN01,SRV07,MAS053,VET01,PORTAL_WEB,NO_ASISTIO,0,0,150000,0.0,0.0,NO_APLICA,,0,1,0
FACT01600,20251130,CLN01,SRV06,MAS046,VET01,PORTAL_WEB,COMPLETADA,16,47,120000,0.0,120000.0,STRIPE_CARD,5,1,0,0
FACT01601,20251130,CLN05,SRV05,MAS109,VET08,OPTIMIZACION_GEO_PLEB,NO_ASISTIO,0,0,85000,8500.0,0.0,NO_APLICA,,0,1,0
FACT01602,20251130,CLN06,SRV04,MAS070,VET10,PORTAL_WEB,COMPLETADA,18,98,220000,0.0,220000.0,STRIPE_CARD,5,1,0,0
FACT01603,20251130,CLN04,SRV01,MAS102,VET07,RECEPCION_PRESENCIAL,COMPLETADA,9,32,45000,0.0,45000.0,STRIPE_CARD,5,1,0,0
FACT01604,20251130,CLN01,SRV08,MAS018,VET01,OPTIMIZACION_GEO_PLEB,COMPLETADA,15,60,50000,5000.0,45000.0,EFECTIVO,2,1,0,0
FACT01605,20251201,CLN06,SRV05,MAS138,VET10,AGENTE_NOVA_CHATBOT,COMPLETADA,32,38,85000,0.0,85000.0,STRIPE_CARD,5,1,0,0
FACT01606,20251201,CLN04,SRV02,MAS143,VET06,PORTAL_WEB,COMPLETADA,9,31,35000,0.0,35000.0,TRANSFERENCIA_NEQUI,1,1,0,0
FACT01607,20251201,CLN04,SRV02,MAS059,VET06,RECEPCION_PRESENCIAL,COMPLETADA,10,17,35000,0.0,35000.0,STRIPE_CARD,4,1,0,0
FACT01608,20251201,CLN02,SRV06,MAS113,VET04,PORTAL_WEB,NO_ASISTIO,0,0,120000,0.0,0.0,NO_APLICA,,0,1,0
FACT01609,20251201,CLN04,SRV04,MAS054,VET06,AGENTE_NOVA_CHATBOT,NO_ASISTIO,0,0,220000,0.0,0.0,NO_APLICA,,0,1,0
FACT01610,20251201,CLN01,SRV03,MAS088,VET01,PORTAL_WEB,COMPLETADA,16,24,25000,0.0,25000.0,STRIPE_CARD,5,1,0,0
FACT01611,20251201,CLN04,SRV03,MAS075,VET07,PORTAL_WEB,CANCELADA,0,0,25000,0.0,0.0,NO_APLICA,,0,0,1
FACT01612,20251201,CLN02,SRV04,MAS086,VET03,RECEPCION_PRESENCIAL,NO_ASISTIO,0,0,220000,0.0,0.0,NO_APLICA,,0,1,0
FACT01613,20251202,CLN04,SRV04,MAS136,VET06,OPTIMIZACION_GEO_PLEB,COMPLETADA,10,89,220000,22000.0,198000.0,EFECTIVO,4,1,0,0
FACT01614,20251202,CLN01,SRV02,MAS105,VET01,OPTIMIZACION_GEO_PLEB,CANCELADA,0,0,35000,3500.0,0.0,NO_APLICA,,0,0,1
FACT01615,20251202,CLN01,SRV06,MAS095,VET01,PORTAL_WEB,COMPLETADA,33,38,120000,0.0,120000.0,STRIPE_CARD,4,1,0,0
FACT01616,20251203,CLN01,SRV07,MAS146,VET01,PORTAL_WEB,COMPLETADA,29,75,150000,0.0,150000.0,STRIPE_CARD,5,1,0,0
FACT01617,20251203,CLN01,SRV07,MAS073,VET02,OPTIMIZACION_GEO_PLEB,NO_ASISTIO,0,0,150000,15000.0,0.0,NO_APLICA,,0,1,0
FACT01618,20251203,CLN04,SRV04,MAS126,VET07,AGENTE_NOVA_CHATBOT,CANCELADA,0,0,220000,0.0,0.0,NO_APLICA,,0,0,1
FACT01619,20251203,CLN03,SRV08,MAS040,VET05,OPTIMIZACION_GEO_PLEB,COMPLETADA,33,66,50000,5000.0,45000.0,EFECTIVO,5,1,0,0
FACT01620,20251203,CLN06,SRV07,MAS066,VET09,AGENTE_NOVA_CHATBOT,COMPLETADA,28,55,150000,0.0,150000.0,EFECTIVO,5,1,0,0
FACT01621,20251203,CLN02,SRV08,MAS106,VET03,OPTIMIZACION_GEO_PLEB,NO_ASISTIO,0,0,50000,5000.0,0.0,NO_APLICA,,0,1,0
FACT01622,20251204,CLN02,SRV03,MAS091,VET04,RECEPCION_PRESENCIAL,COMPLETADA,18,23,25000,0.0,25000.0,TRANSFERENCIA_NEQUI,5,1,0,0
FACT01623,20251204,CLN04,SRV08,MAS094,VET07,AGENTE_NOVA_CHATBOT,COMPLETADA,26,67,50000,0.0,50000.0,STRIPE_CARD,5,1,0,0
FACT01624,20251204,CLN02,SRV04,MAS146,VET03,OPTIMIZACION_GEO_PLEB,COMPLETADA,16,99,220000,22000.0,198000.0,TRANSFERENCIA_NEQUI,4,1,0,0
FACT01625,20251204,CLN03,SRV04,MAS101,VET05,RECEPCION_PRESENCIAL,COMPLETADA,8,102,220000,0.0,220000.0,EFECTIVO,4,1,0,0
FACT01626,20251204,CLN05,SRV01,MAS052,VET08,AGENTE_NOVA_CHATBOT,COMPLETADA,22,30,45000,0.0,45000.0,TRANSFERENCIA_NEQUI,4,1,0,0
FACT01627,20251204,CLN02,SRV01,MAS053,VET04,OPTIMIZACION_GEO_PLEB,COMPLETADA,26,30,45000,4500.0,40500.0,STRIPE_CARD,5,1,0,0
FACT01628,20251204,CLN06,SRV04,MAS039,VET10,AGENTE_NOVA_CHATBOT,COMPLETADA,19,92,220000,0.0,220000.0,STRIPE_CARD,3,1,0,0
FACT01629,20251204,CLN04,SRV01,MAS025,VET07,PORTAL_WEB,COMPLETADA,5,25,45000,0.0,45000.0,STRIPE_CARD,2,1,0,0
FACT01630,20251204,CLN03,SRV06,MAS092,VET05,PORTAL_WEB,COMPLETADA,35,41,120000,0.0,120000.0,STRIPE_CARD,5,1,0,0
FACT01631,20251205,CLN05,SRV08,MAS122,VET08,PORTAL_WEB,COMPLETADA,14,64,50000,0.0,50000.0,STRIPE_CARD,5,1,0,0
FACT01632,20251205,CLN02,SRV07,MAS031,VET03,OPTIMIZACION_GEO_PLEB,CANCELADA,0,0,150000,15000.0,0.0,NO_APLICA,,0,0,1
FACT01633,20251205,CLN04,SRV08,MAS072,VET06,PORTAL_WEB,NO_ASISTIO,0,0,50000,0.0,0.0,NO_APLICA,,0,1,0
FACT01634,20251205,CLN01,SRV08,MAS025,VET01,PORTAL_WEB,COMPLETADA,33,67,50000,0.0,50000.0,TRANSFERENCIA_NEQUI,5,1,0,0
FACT01635,20251205,CLN02,SRV06,MAS113,VET03,OPTIMIZACION_GEO_PLEB,CANCELADA,0,0,120000,12000.0,0.0,NO_APLICA,,0,0,1
FACT01636,20251206,CLN04,SRV08,MAS146,VET06,AGENTE_NOVA_CHATBOT,COMPLETADA,7,66,50000,0.0,50000.0,STRIPE_CARD,5,1,0,0
FACT01637,20251206,CLN05,SRV07,MAS039,VET08,PORTAL_WEB,COMPLETADA,35,75,150000,0.0,150000.0,STRIPE_CARD,5,1,0,0
FACT01638,20251206,CLN03,SRV01,MAS107,VET05,AGENTE_NOVA_CHATBOT,COMPLETADA,32,33,45000,0.0,45000.0,EFECTIVO,5,1,0,0
FACT01639,20251206,CLN05,SRV08,MAS082,VET08,PORTAL_WEB,COMPLETADA,25,62,50000,0.0,50000.0,EFECTIVO,4,1,0,0
FACT01640,20251207,CLN04,SRV01,MAS070,VET07,RECEPCION_PRESENCIAL,NO_ASISTIO,0,0,45000,0.0,0.0,NO_APLICA,,0,1,0
FACT01641,20251207,CLN06,SRV06,MAS142,VET09,PORTAL_WEB,COMPLETADA,32,54,120000,0.0,120000.0,STRIPE_CARD,5,1,0,0
FACT01642,20251207,CLN03,SRV04,MAS121,VET05,RECEPCION_PRESENCIAL,COMPLETADA,6,93,220000,0.0,220000.0,EFECTIVO,4,1,0,0
FACT01643,20251207,CLN03,SRV07,MAS088,VET05,AGENTE_NOVA_CHATBOT,COMPLETADA,28,63,150000,0.0,150000.0,TRANSFERENCIA_NEQUI,4,1,0,0
FACT01644,20251207,CLN03,SRV02,MAS116,VET05,PORTAL_WEB,NO_ASISTIO,0,0,35000,0.0,0.0,NO_APLICA,,0,1,0
FACT01645,20251207,CLN06,SRV02,MAS006,VET10,PORTAL_WEB,COMPLETADA,12,17,35000,0.0,35000.0,STRIPE_CARD,5,1,0,0
FACT01646,20251208,CLN05,SRV02,MAS020,VET08,PORTAL_WEB,COMPLETADA,28,25,35000,0.0,35000.0,STRIPE_CARD,3,1,0,0
FACT01647,20251208,CLN02,SRV06,MAS028,VET04,PORTAL_WEB,CANCELADA,0,0,120000,0.0,0.0,NO_APLICA,,0,0,1
FACT01648,20251208,CLN01,SRV04,MAS021,VET01,PORTAL_WEB,COMPLETADA,27,87,220000,0.0,220000.0,STRIPE_CARD,5,1,0,0
FACT01649,20251208,CLN02,SRV02,MAS100,VET03,OPTIMIZACION_GEO_PLEB,COMPLETADA,11,30,35000,3500.0,31500.0,TRANSFERENCIA_NEQUI,3,1,0,0
FACT01650,20251209,CLN06,SRV08,MAS074,VET09,OPTIMIZACION_GEO_PLEB,NO_ASISTIO,0,0,50000,5000.0,0.0,NO_APLICA,,0,1,0
FACT01651,20251209,CLN01,SRV03,MAS130,VET02,PORTAL_WEB,COMPLETADA,10,16,25000,0.0,25000.0,STRIPE_CARD,5,1,0,0
FACT01652,20251209,CLN06,SRV02,MAS049,VET09,AGENTE_NOVA_CHATBOT,COMPLETADA,29,22,35000,0.0,35000.0,EFECTIVO,5,1,0,0
FACT01653,20251209,CLN05,SRV05,MAS056,VET08,AGENTE_NOVA_CHATBOT,COMPLETADA,31,31,85000,0.0,85000.0,STRIPE_CARD,4,1,0,0
FACT01654,20251209,CLN06,SRV05,MAS042,VET10,PORTAL_WEB,COMPLETADA,7,35,85000,0.0,85000.0,STRIPE_CARD,5,1,0,0
FACT01655,20251209,CLN05,SRV02,MAS115,VET08,PORTAL_WEB,COMPLETADA,15,33,35000,0.0,35000.0,EFECTIVO,4,1,0,0
FACT01656,20251209,CLN06,SRV05,MAS082,VET09,AGENTE_NOVA_CHATBOT,COMPLETADA,28,35,85000,0.0,85000.0,EFECTIVO,5,1,0,0
FACT01657,20251210,CLN04,SRV04,MAS059,VET07,PORTAL_WEB,CANCELADA,0,0,220000,0.0,0.0,NO_APLICA,,0,0,1
FACT01658,20251210,CLN01,SRV07,MAS120,VET02,AGENTE_NOVA_CHATBOT,COMPLETADA,34,67,150000,0.0,150000.0,TRANSFERENCIA_NEQUI,5,1,0,0
FACT01659,20251210,CLN04,SRV03,MAS099,VET06,PORTAL_WEB,COMPLETADA,32,14,25000,0.0,25000.0,TRANSFERENCIA_NEQUI,4,1,0,0
FACT01660,20251210,CLN06,SRV07,MAS094,VET09,RECEPCION_PRESENCIAL,COMPLETADA,30,60,150000,0.0,150000.0,STRIPE_CARD,5,1,0,0
FACT01661,20251210,CLN02,SRV01,MAS101,VET03,PORTAL_WEB,COMPLETADA,13,35,45000,0.0,45000.0,TRANSFERENCIA_NEQUI,5,1,0,0
FACT01662,20251210,CLN04,SRV05,MAS141,VET06,PORTAL_WEB,COMPLETADA,11,35,85000,0.0,85000.0,TRANSFERENCIA_NEQUI,4,1,0,0
FACT01663,20251210,CLN04,SRV03,MAS125,VET07,PORTAL_WEB,NO_ASISTIO,0,0,25000,0.0,0.0,NO_APLICA,,0,1,0
FACT01664,20251210,CLN03,SRV02,MAS083,VET05,RECEPCION_PRESENCIAL,NO_ASISTIO,0,0,35000,0.0,0.0,NO_APLICA,,0,1,0
FACT01665,20251210,CLN05,SRV03,MAS061,VET08,RECEPCION_PRESENCIAL,CANCELADA,0,0,25000,0.0,0.0,NO_APLICA,,0,0,1
FACT01666,20251211,CLN02,SRV08,MAS004,VET04,PORTAL_WEB,COMPLETADA,15,75,50000,0.0,50000.0,TRANSFERENCIA_NEQUI,5,1,0,0
FACT01667,20251211,CLN05,SRV03,MAS136,VET08,AGENTE_NOVA_CHATBOT,COMPLETADA,28,21,25000,0.0,25000.0,STRIPE_CARD,3,1,0,0
FACT01668,20251211,CLN03,SRV02,MAS005,VET05,AGENTE_NOVA_CHATBOT,COMPLETADA,18,22,35000,0.0,35000.0,EFECTIVO,5,1,0,0
FACT01669,20251211,CLN06,SRV06,MAS122,VET09,OPTIMIZACION_GEO_PLEB,COMPLETADA,15,53,120000,12000.0,108000.0,STRIPE_CARD,4,1,0,0
FACT01670,20251211,CLN02,SRV04,MAS061,VET04,RECEPCION_PRESENCIAL,COMPLETADA,23,100,220000,0.0,220000.0,EFECTIVO,3,1,0,0
FACT01671,20251211,CLN05,SRV07,MAS038,VET08,AGENTE_NOVA_CHATBOT,CANCELADA,0,0,150000,0.0,0.0,NO_APLICA,,0,0,1
FACT01672,20251211,CLN01,SRV08,MAS069,VET02,RECEPCION_PRESENCIAL,COMPLETADA,17,61,50000,0.0,50000.0,EFECTIVO,4,1,0,0
FACT01673,20251211,CLN06,SRV06,MAS016,VET09,PORTAL_WEB,COMPLETADA,12,55,120000,0.0,120000.0,EFECTIVO,5,1,0,0
FACT01674,20251211,CLN05,SRV03,MAS070,VET08,RECEPCION_PRESENCIAL,COMPLETADA,15,29,25000,0.0,25000.0,STRIPE_CARD,3,1,0,0
FACT01675,20251212,CLN06,SRV02,MAS076,VET09,PORTAL_WEB,NO_ASISTIO,0,0,35000,0.0,0.0,NO_APLICA,,0,1,0
FACT01676,20251212,CLN06,SRV05,MAS064,VET09,RECEPCION_PRESENCIAL,COMPLETADA,27,20,85000,0.0,85000.0,STRIPE_CARD,5,1,0,0
FACT01677,20251212,CLN02,SRV01,MAS008,VET04,RECEPCION_PRESENCIAL,NO_ASISTIO,0,0,45000,0.0,0.0,NO_APLICA,,0,1,0
FACT01678,20251212,CLN01,SRV08,MAS038,VET02,RECEPCION_PRESENCIAL,COMPLETADA,22,60,50000,0.0,50000.0,EFECTIVO,4,1,0,0
FACT01679,20251212,CLN01,SRV08,MAS071,VET02,OPTIMIZACION_GEO_PLEB,COMPLETADA,19,64,50000,5000.0,45000.0,STRIPE_CARD,5,1,0,0
FACT01680,20251212,CLN03,SRV02,MAS014,VET05,OPTIMIZACION_GEO_PLEB,COMPLETADA,20,26,35000,3500.0,31500.0,TRANSFERENCIA_NEQUI,5,1,0,0
FACT01681,20251212,CLN05,SRV07,MAS083,VET08,PORTAL_WEB,COMPLETADA,15,74,150000,0.0,150000.0,STRIPE_CARD,3,1,0,0
FACT01682,20251212,CLN06,SRV06,MAS145,VET10,PORTAL_WEB,CANCELADA,0,0,120000,0.0,0.0,NO_APLICA,,0,0,1
FACT01683,20251212,CLN05,SRV03,MAS128,VET08,PORTAL_WEB,COMPLETADA,9,14,25000,0.0,25000.0,STRIPE_CARD,5,1,0,0
FACT01684,20251213,CLN02,SRV06,MAS092,VET03,PORTAL_WEB,COMPLETADA,18,45,120000,0.0,120000.0,TRANSFERENCIA_NEQUI,4,1,0,0
FACT01685,20251213,CLN04,SRV07,MAS102,VET06,PORTAL_WEB,NO_ASISTIO,0,0,150000,0.0,0.0,NO_APLICA,,0,1,0
FACT01686,20251213,CLN05,SRV04,MAS115,VET08,PORTAL_WEB,COMPLETADA,29,93,220000,0.0,220000.0,STRIPE_CARD,5,1,0,0
FACT01687,20251213,CLN06,SRV01,MAS058,VET09,PORTAL_WEB,COMPLETADA,6,32,45000,0.0,45000.0,STRIPE_CARD,4,1,0,0
FACT01688,20251213,CLN02,SRV06,MAS100,VET04,RECEPCION_PRESENCIAL,NO_ASISTIO,0,0,120000,0.0,0.0,NO_APLICA,,0,1,0
FACT01689,20251213,CLN01,SRV08,MAS007,VET02,RECEPCION_PRESENCIAL,NO_ASISTIO,0,0,50000,0.0,0.0,NO_APLICA,,0,1,0
FACT01690,20251213,CLN05,SRV01,MAS052,VET08,PORTAL_WEB,CANCELADA,0,0,45000,0.0,0.0,NO_APLICA,,0,0,1
FACT01691,20251213,CLN02,SRV08,MAS002,VET03,PORTAL_WEB,COMPLETADA,23,66,50000,0.0,50000.0,STRIPE_CARD,4,1,0,0
FACT01692,20251214,CLN02,SRV01,MAS073,VET03,OPTIMIZACION_GEO_PLEB,COMPLETADA,16,41,45000,4500.0,40500.0,STRIPE_CARD,5,1,0,0
FACT01693,20251214,CLN05,SRV06,MAS051,VET08,AGENTE_NOVA_CHATBOT,COMPLETADA,17,38,120000,0.0,120000.0,TRANSFERENCIA_NEQUI,4,1,0,0
FACT01694,20251214,CLN01,SRV07,MAS053,VET02,PORTAL_WEB,COMPLETADA,6,67,150000,0.0,150000.0,STRIPE_CARD,3,1,0,0
FACT01695,20251214,CLN02,SRV04,MAS078,VET04,RECEPCION_PRESENCIAL,COMPLETADA,6,105,220000,0.0,220000.0,EFECTIVO,4,1,0,0
FACT01696,20251214,CLN02,SRV05,MAS004,VET03,PORTAL_WEB,COMPLETADA,32,30,85000,0.0,85000.0,TRANSFERENCIA_NEQUI,5,1,0,0
FACT01697,20251214,CLN06,SRV08,MAS101,VET10,PORTAL_WEB,CANCELADA,0,0,50000,0.0,0.0,NO_APLICA,,0,0,1
FACT01698,20251215,CLN04,SRV04,MAS020,VET07,PORTAL_WEB,CANCELADA,0,0,220000,0.0,0.0,NO_APLICA,,0,0,1
FACT01699,20251215,CLN01,SRV01,MAS003,VET01,PORTAL_WEB,COMPLETADA,14,39,45000,0.0,45000.0,STRIPE_CARD,5,1,0,0
FACT01700,20251215,CLN01,SRV06,MAS056,VET01,PORTAL_WEB,NO_ASISTIO,0,0,120000,0.0,0.0,NO_APLICA,,0,1,0
FACT01701,20251215,CLN04,SRV02,MAS072,VET07,PORTAL_WEB,COMPLETADA,14,16,35000,0.0,35000.0,EFECTIVO,3,1,0,0
FACT01702,20251215,CLN02,SRV08,MAS053,VET04,PORTAL_WEB,COMPLETADA,33,70,50000,0.0,50000.0,STRIPE_CARD,5,1,0,0
FACT01703,20251215,CLN01,SRV08,MAS149,VET01,OPTIMIZACION_GEO_PLEB,NO_ASISTIO,0,0,50000,5000.0,0.0,NO_APLICA,,0,1,0
FACT01704,20251216,CLN03,SRV08,MAS017,VET05,PORTAL_WEB,NO_ASISTIO,0,0,50000,0.0,0.0,NO_APLICA,,0,1,0
FACT01705,20251216,CLN02,SRV07,MAS097,VET03,PORTAL_WEB,COMPLETADA,20,68,150000,0.0,150000.0,TRANSFERENCIA_NEQUI,3,1,0,0
FACT01706,20251216,CLN02,SRV01,MAS017,VET03,AGENTE_NOVA_CHATBOT,COMPLETADA,28,40,45000,0.0,45000.0,EFECTIVO,5,1,0,0
FACT01707,20251216,CLN01,SRV04,MAS061,VET02,RECEPCION_PRESENCIAL,NO_ASISTIO,0,0,220000,0.0,0.0,NO_APLICA,,0,1,0
FACT01708,20251216,CLN01,SRV07,MAS144,VET01,RECEPCION_PRESENCIAL,NO_ASISTIO,0,0,150000,0.0,0.0,NO_APLICA,,0,1,0
FACT01709,20251217,CLN02,SRV05,MAS094,VET03,OPTIMIZACION_GEO_PLEB,COMPLETADA,16,34,85000,8500.0,76500.0,STRIPE_CARD,3,1,0,0
FACT01710,20251217,CLN03,SRV03,MAS083,VET05,AGENTE_NOVA_CHATBOT,NO_ASISTIO,0,0,25000,0.0,0.0,NO_APLICA,,0,1,0
FACT01711,20251217,CLN04,SRV07,MAS096,VET06,AGENTE_NOVA_CHATBOT,COMPLETADA,29,64,150000,0.0,150000.0,TRANSFERENCIA_NEQUI,5,1,0,0
FACT01712,20251217,CLN06,SRV06,MAS111,VET10,OPTIMIZACION_GEO_PLEB,COMPLETADA,13,39,120000,12000.0,108000.0,EFECTIVO,5,1,0,0
FACT01713,20251217,CLN06,SRV08,MAS139,VET10,PORTAL_WEB,NO_ASISTIO,0,0,50000,0.0,0.0,NO_APLICA,,0,1,0
FACT01714,20251217,CLN01,SRV03,MAS088,VET02,PORTAL_WEB,CANCELADA,0,0,25000,0.0,0.0,NO_APLICA,,0,0,1
FACT01715,20251217,CLN05,SRV04,MAS102,VET08,RECEPCION_PRESENCIAL,COMPLETADA,33,88,220000,0.0,220000.0,STRIPE_CARD,1,1,0,0
FACT01716,20251217,CLN05,SRV01,MAS066,VET08,PORTAL_WEB,CANCELADA,0,0,45000,0.0,0.0,NO_APLICA,,0,0,1
FACT01717,20251217,CLN06,SRV06,MAS126,VET09,AGENTE_NOVA_CHATBOT,COMPLETADA,28,46,120000,0.0,120000.0,TRANSFERENCIA_NEQUI,4,1,0,0
FACT01718,20251218,CLN06,SRV04,MAS148,VET10,RECEPCION_PRESENCIAL,COMPLETADA,27,88,220000,0.0,220000.0,TRANSFERENCIA_NEQUI,5,1,0,0
FACT01719,20251218,CLN02,SRV01,MAS130,VET03,RECEPCION_PRESENCIAL,COMPLETADA,9,27,45000,0.0,45000.0,EFECTIVO,4,1,0,0
FACT01720,20251218,CLN02,SRV05,MAS054,VET04,PORTAL_WEB,CANCELADA,0,0,85000,0.0,0.0,NO_APLICA,,0,0,1
FACT01721,20251218,CLN02,SRV01,MAS008,VET03,PORTAL_WEB,COMPLETADA,11,30,45000,0.0,45000.0,STRIPE_CARD,3,1,0,0
FACT01722,20251218,CLN01,SRV08,MAS031,VET02,AGENTE_NOVA_CHATBOT,COMPLETADA,26,67,50000,0.0,50000.0,EFECTIVO,5,1,0,0
FACT01723,20251218,CLN03,SRV06,MAS054,VET05,RECEPCION_PRESENCIAL,COMPLETADA,24,53,120000,0.0,120000.0,STRIPE_CARD,3,1,0,0
FACT01724,20251218,CLN06,SRV01,MAS128,VET10,AGENTE_NOVA_CHATBOT,COMPLETADA,5,33,45000,0.0,45000.0,TRANSFERENCIA_NEQUI,4,1,0,0
FACT01725,20251219,CLN05,SRV07,MAS090,VET08,RECEPCION_PRESENCIAL,NO_ASISTIO,0,0,150000,0.0,0.0,NO_APLICA,,0,1,0
FACT01726,20251219,CLN01,SRV01,MAS125,VET02,RECEPCION_PRESENCIAL,COMPLETADA,13,42,45000,0.0,45000.0,STRIPE_CARD,5,1,0,0
FACT01727,20251219,CLN06,SRV08,MAS098,VET09,AGENTE_NOVA_CHATBOT,NO_ASISTIO,0,0,50000,0.0,0.0,NO_APLICA,,0,1,0
FACT01728,20251219,CLN02,SRV01,MAS083,VET04,OPTIMIZACION_GEO_PLEB,COMPLETADA,29,39,45000,4500.0,40500.0,TRANSFERENCIA_NEQUI,5,1,0,0
FACT01729,20251219,CLN01,SRV03,MAS008,VET01,RECEPCION_PRESENCIAL,CANCELADA,0,0,25000,0.0,0.0,NO_APLICA,,0,0,1
FACT01730,20251219,CLN01,SRV08,MAS071,VET01,OPTIMIZACION_GEO_PLEB,NO_ASISTIO,0,0,50000,5000.0,0.0,NO_APLICA,,0,1,0
FACT01731,20251219,CLN04,SRV05,MAS150,VET06,OPTIMIZACION_GEO_PLEB,COMPLETADA,20,25,85000,8500.0,76500.0,EFECTIVO,3,1,0,0
FACT01732,20251219,CLN02,SRV05,MAS085,VET03,PORTAL_WEB,COMPLETADA,26,24,85000,0.0,85000.0,STRIPE_CARD,2,1,0,0
FACT01733,20251219,CLN02,SRV08,MAS064,VET04,RECEPCION_PRESENCIAL,COMPLETADA,29,75,50000,0.0,50000.0,TRANSFERENCIA_NEQUI,3,1,0,0
FACT01734,20251220,CLN03,SRV04,MAS088,VET05,OPTIMIZACION_GEO_PLEB,NO_ASISTIO,0,0,220000,22000.0,0.0,NO_APLICA,,0,1,0
FACT01735,20251220,CLN04,SRV08,MAS030,VET06,PORTAL_WEB,COMPLETADA,9,59,50000,0.0,50000.0,STRIPE_CARD,4,1,0,0
FACT01736,20251220,CLN04,SRV06,MAS111,VET07,OPTIMIZACION_GEO_PLEB,COMPLETADA,33,46,120000,12000.0,108000.0,STRIPE_CARD,4,1,0,0
FACT01737,20251221,CLN04,SRV05,MAS112,VET06,RECEPCION_PRESENCIAL,CANCELADA,0,0,85000,0.0,0.0,NO_APLICA,,0,0,1
FACT01738,20251221,CLN01,SRV02,MAS068,VET01,AGENTE_NOVA_CHATBOT,NO_ASISTIO,0,0,35000,0.0,0.0,NO_APLICA,,0,1,0
FACT01739,20251221,CLN04,SRV04,MAS036,VET07,PORTAL_WEB,COMPLETADA,10,87,220000,0.0,220000.0,STRIPE_CARD,4,1,0,0
FACT01740,20251221,CLN04,SRV05,MAS123,VET07,PORTAL_WEB,COMPLETADA,23,33,85000,0.0,85000.0,STRIPE_CARD,5,1,0,0
FACT01741,20251221,CLN02,SRV03,MAS077,VET03,RECEPCION_PRESENCIAL,COMPLETADA,5,21,25000,0.0,25000.0,STRIPE_CARD,5,1,0,0
FACT01742,20251221,CLN01,SRV01,MAS078,VET02,AGENTE_NOVA_CHATBOT,COMPLETADA,34,32,45000,0.0,45000.0,STRIPE_CARD,3,1,0,0
FACT01743,20251222,CLN06,SRV08,MAS123,VET10,PORTAL_WEB,COMPLETADA,10,67,50000,0.0,50000.0,STRIPE_CARD,4,1,0,0
FACT01744,20251222,CLN02,SRV03,MAS018,VET03,OPTIMIZACION_GEO_PLEB,COMPLETADA,7,28,25000,2500.0,22500.0,TRANSFERENCIA_NEQUI,5,1,0,0
FACT01745,20251222,CLN06,SRV04,MAS068,VET10,PORTAL_WEB,COMPLETADA,29,98,220000,0.0,220000.0,EFECTIVO,5,1,0,0
FACT01746,20251222,CLN04,SRV04,MAS096,VET06,RECEPCION_PRESENCIAL,COMPLETADA,24,92,220000,0.0,220000.0,STRIPE_CARD,4,1,0,0
FACT01747,20251223,CLN05,SRV03,MAS062,VET08,OPTIMIZACION_GEO_PLEB,CANCELADA,0,0,25000,2500.0,0.0,NO_APLICA,,0,0,1
FACT01748,20251223,CLN03,SRV02,MAS111,VET05,PORTAL_WEB,CANCELADA,0,0,35000,0.0,0.0,NO_APLICA,,0,0,1
FACT01749,20251223,CLN04,SRV02,MAS038,VET06,PORTAL_WEB,NO_ASISTIO,0,0,35000,0.0,0.0,NO_APLICA,,0,1,0
FACT01750,20251223,CLN03,SRV07,MAS072,VET05,AGENTE_NOVA_CHATBOT,COMPLETADA,14,72,150000,0.0,150000.0,EFECTIVO,4,1,0,0
FACT01751,20251223,CLN04,SRV07,MAS144,VET07,OPTIMIZACION_GEO_PLEB,NO_ASISTIO,0,0,150000,15000.0,0.0,NO_APLICA,,0,1,0
FACT01752,20251223,CLN05,SRV08,MAS087,VET08,RECEPCION_PRESENCIAL,COMPLETADA,15,72,50000,0.0,50000.0,STRIPE_CARD,4,1,0,0
FACT01753,20251224,CLN06,SRV05,MAS074,VET10,OPTIMIZACION_GEO_PLEB,CANCELADA,0,0,85000,8500.0,0.0,NO_APLICA,,0,0,1
FACT01754,20251224,CLN02,SRV06,MAS062,VET04,PORTAL_WEB,CANCELADA,0,0,120000,0.0,0.0,NO_APLICA,,0,0,1
FACT01755,20251224,CLN03,SRV04,MAS086,VET05,RECEPCION_PRESENCIAL,CANCELADA,0,0,220000,0.0,0.0,NO_APLICA,,0,0,1
FACT01756,20251224,CLN03,SRV07,MAS049,VET05,PORTAL_WEB,CANCELADA,0,0,150000,0.0,0.0,NO_APLICA,,0,0,1
FACT01757,20251224,CLN06,SRV04,MAS093,VET10,OPTIMIZACION_GEO_PLEB,NO_ASISTIO,0,0,220000,22000.0,0.0,NO_APLICA,,0,1,0
FACT01758,20251225,CLN03,SRV08,MAS149,VET05,PORTAL_WEB,CANCELADA,0,0,50000,0.0,0.0,NO_APLICA,,0,0,1
FACT01759,20251225,CLN01,SRV04,MAS053,VET02,AGENTE_NOVA_CHATBOT,CANCELADA,0,0,220000,0.0,0.0,NO_APLICA,,0,0,1
FACT01760,20251225,CLN02,SRV06,MAS063,VET04,RECEPCION_PRESENCIAL,COMPLETADA,27,43,120000,0.0,120000.0,TRANSFERENCIA_NEQUI,2,1,0,0
FACT01761,20251225,CLN05,SRV03,MAS066,VET08,PORTAL_WEB,CANCELADA,0,0,25000,0.0,0.0,NO_APLICA,,0,0,1
FACT01762,20251225,CLN03,SRV07,MAS141,VET05,PORTAL_WEB,COMPLETADA,7,61,150000,0.0,150000.0,EFECTIVO,3,1,0,0
FACT01763,20251225,CLN04,SRV05,MAS131,VET07,RECEPCION_PRESENCIAL,CANCELADA,0,0,85000,0.0,0.0,NO_APLICA,,0,0,1
FACT01764,20251225,CLN02,SRV01,MAS110,VET04,RECEPCION_PRESENCIAL,NO_ASISTIO,0,0,45000,0.0,0.0,NO_APLICA,,0,1,0
FACT01765,20251226,CLN01,SRV07,MAS100,VET02,PORTAL_WEB,COMPLETADA,9,60,150000,0.0,150000.0,STRIPE_CARD,5,1,0,0
FACT01766,20251226,CLN01,SRV05,MAS028,VET01,OPTIMIZACION_GEO_PLEB,CANCELADA,0,0,85000,8500.0,0.0,NO_APLICA,,0,0,1
FACT01767,20251226,CLN03,SRV02,MAS109,VET05,PORTAL_WEB,COMPLETADA,33,33,35000,0.0,35000.0,STRIPE_CARD,5,1,0,0
FACT01768,20251226,CLN03,SRV05,MAS111,VET05,PORTAL_WEB,COMPLETADA,12,39,85000,0.0,85000.0,EFECTIVO,4,1,0,0
FACT01769,20251226,CLN05,SRV04,MAS039,VET08,OPTIMIZACION_GEO_PLEB,COMPLETADA,23,95,220000,22000.0,198000.0,STRIPE_CARD,4,1,0,0
FACT01770,20251226,CLN04,SRV01,MAS042,VET06,OPTIMIZACION_GEO_PLEB,COMPLETADA,28,44,45000,4500.0,40500.0,EFECTIVO,1,1,0,0
FACT01771,20251226,CLN04,SRV02,MAS064,VET06,PORTAL_WEB,COMPLETADA,12,29,35000,0.0,35000.0,STRIPE_CARD,4,1,0,0
FACT01772,20251227,CLN03,SRV01,MAS062,VET05,AGENTE_NOVA_CHATBOT,NO_ASISTIO,0,0,45000,0.0,0.0,NO_APLICA,,0,1,0
FACT01773,20251227,CLN04,SRV08,MAS055,VET07,PORTAL_WEB,COMPLETADA,32,57,50000,0.0,50000.0,TRANSFERENCIA_NEQUI,5,1,0,0
FACT01774,20251227,CLN04,SRV07,MAS098,VET06,OPTIMIZACION_GEO_PLEB,COMPLETADA,29,63,150000,15000.0,135000.0,TRANSFERENCIA_NEQUI,5,1,0,0
FACT01775,20251227,CLN04,SRV06,MAS006,VET07,OPTIMIZACION_GEO_PLEB,COMPLETADA,24,47,120000,12000.0,108000.0,STRIPE_CARD,3,1,0,0
FACT01776,20251228,CLN02,SRV07,MAS044,VET03,PORTAL_WEB,COMPLETADA,11,65,150000,0.0,150000.0,EFECTIVO,5,1,0,0
FACT01777,20251228,CLN02,SRV04,MAS098,VET04,RECEPCION_PRESENCIAL,CANCELADA,0,0,220000,0.0,0.0,NO_APLICA,,0,0,1
FACT01778,20251228,CLN01,SRV02,MAS116,VET01,PORTAL_WEB,NO_ASISTIO,0,0,35000,0.0,0.0,NO_APLICA,,0,1,0
FACT01779,20251228,CLN04,SRV06,MAS098,VET07,RECEPCION_PRESENCIAL,COMPLETADA,18,49,120000,0.0,120000.0,STRIPE_CARD,3,1,0,0
FACT01780,20251228,CLN04,SRV06,MAS059,VET07,AGENTE_NOVA_CHATBOT,COMPLETADA,34,43,120000,0.0,120000.0,STRIPE_CARD,5,1,0,0
FACT01781,20251229,CLN05,SRV01,MAS098,VET08,PORTAL_WEB,COMPLETADA,29,32,45000,0.0,45000.0,STRIPE_CARD,5,1,0,0
FACT01782,20251229,CLN01,SRV05,MAS021,VET01,AGENTE_NOVA_CHATBOT,CANCELADA,0,0,85000,0.0,0.0,NO_APLICA,,0,0,1
FACT01783,20251229,CLN04,SRV05,MAS037,VET06,AGENTE_NOVA_CHATBOT,COMPLETADA,32,25,85000,0.0,85000.0,EFECTIVO,5,1,0,0
FACT01784,20251229,CLN02,SRV04,MAS024,VET03,PORTAL_WEB,CANCELADA,0,0,220000,0.0,0.0,NO_APLICA,,0,0,1
FACT01785,20251230,CLN06,SRV05,MAS141,VET09,RECEPCION_PRESENCIAL,COMPLETADA,33,25,85000,0.0,85000.0,STRIPE_CARD,5,1,0,0
FACT01786,20251230,CLN05,SRV02,MAS026,VET08,PORTAL_WEB,COMPLETADA,22,18,35000,0.0,35000.0,EFECTIVO,4,1,0,0
FACT01787,20251230,CLN06,SRV03,MAS137,VET09,PORTAL_WEB,COMPLETADA,30,10,25000,0.0,25000.0,STRIPE_CARD,5,1,0,0
FACT01788,20251230,CLN03,SRV01,MAS101,VET05,PORTAL_WEB,COMPLETADA,6,40,45000,0.0,45000.0,STRIPE_CARD,5,1,0,0
FACT01789,20251230,CLN02,SRV05,MAS119,VET04,RECEPCION_PRESENCIAL,COMPLETADA,10,23,85000,0.0,85000.0,STRIPE_CARD,4,1,0,0
FACT01790,20251230,CLN06,SRV02,MAS097,VET09,PORTAL_WEB,COMPLETADA,14,29,35000,0.0,35000.0,TRANSFERENCIA_NEQUI,4,1,0,0
FACT01791,20251230,CLN06,SRV07,MAS135,VET10,OPTIMIZACION_GEO_PLEB,COMPLETADA,16,74,150000,15000.0,135000.0,TRANSFERENCIA_NEQUI,4,1,0,0
FACT01792,20251231,CLN03,SRV03,MAS129,VET05,PORTAL_WEB,COMPLETADA,30,11,25000,0.0,25000.0,EFECTIVO,5,1,0,0
FACT01793,20251231,CLN03,SRV07,MAS098,VET05,AGENTE_NOVA_CHATBOT,COMPLETADA,16,55,150000,0.0,150000.0,STRIPE_CARD,5,1,0,0
FACT01794,20251231,CLN01,SRV07,MAS038,VET01,OPTIMIZACION_GEO_PLEB,COMPLETADA,30,59,150000,15000.0,135000.0,EFECTIVO,4,1,0,0
FACT01795,20251231,CLN04,SRV03,MAS005,VET06,RECEPCION_PRESENCIAL,COMPLETADA,13,25,25000,0.0,25000.0,TRANSFERENCIA_NEQUI,5,1,0,0
FACT01796,20251231,CLN03,SRV08,MAS034,VET05,PORTAL_WEB,COMPLETADA,12,59,50000,0.0,50000.0,STRIPE_CARD,3,1,0,0
FACT01797,20251231,CLN03,SRV01,MAS090,VET05,RECEPCION_PRESENCIAL,COMPLETADA,33,45,45000,0.0,45000.0,STRIPE_CARD,3,1,0,0
FACT01798,20251231,CLN05,SRV06,MAS132,VET08,RECEPCION_PRESENCIAL,CANCELADA,0,0,120000,0.0,0.0,NO_APLICA,,0,0,1
FACT01799,20251231,CLN01,SRV02,MAS091,VET02,PORTAL_WEB,COMPLETADA,14,31,35000,0.0,35000.0,STRIPE_CARD,5,1,0,0
FACT01800,20251231,CLN02,SRV01,MAS007,VET04,PORTAL_WEB,CANCELADA,0,0,45000,0.0,0.0,NO_APLICA,,0,0,1
FACT01801,20260101,CLN05,SRV01,MAS115,VET08,AGENTE_NOVA_CHATBOT,COMPLETADA,30,44,45000,0.0,45000.0,EFECTIVO,5,1,0,0
FACT01802,20260101,CLN03,SRV01,MAS133,VET05,PORTAL_WEB,CANCELADA,0,0,45000,0.0,0.0,NO_APLICA,,0,0,1
FACT01803,20260101,CLN04,SRV07,MAS132,VET07,OPTIMIZACION_GEO_PLEB,COMPLETADA,28,73,150000,15000.0,135000.0,STRIPE_CARD,4,1,0,0
FACT01804,20260101,CLN04,SRV08,MAS069,VET07,PORTAL_WEB,COMPLETADA,29,61,50000,0.0,50000.0,TRANSFERENCIA_NEQUI,5,1,0,0
FACT01805,20260101,CLN03,SRV04,MAS011,VET05,AGENTE_NOVA_CHATBOT,COMPLETADA,5,89,220000,0.0,220000.0,STRIPE_CARD,5,1,0,0
FACT01806,20260101,CLN04,SRV07,MAS141,VET06,AGENTE_NOVA_CHATBOT,CANCELADA,0,0,150000,0.0,0.0,NO_APLICA,,0,0,1
FACT01807,20260101,CLN02,SRV02,MAS042,VET03,AGENTE_NOVA_CHATBOT,COMPLETADA,28,30,35000,0.0,35000.0,STRIPE_CARD,4,1,0,0
FACT01808,20260101,CLN04,SRV08,MAS030,VET06,RECEPCION_PRESENCIAL,COMPLETADA,30,65,50000,0.0,50000.0,EFECTIVO,4,1,0,0
FACT01809,20260102,CLN04,SRV06,MAS084,VET07,PORTAL_WEB,CANCELADA,0,0,120000,0.0,0.0,NO_APLICA,,0,0,1
FACT01810,20260102,CLN06,SRV04,MAS058,VET10,RECEPCION_PRESENCIAL,COMPLETADA,20,93,220000,0.0,220000.0,EFECTIVO,5,1,0,0
FACT01811,20260102,CLN04,SRV01,MAS077,VET07,PORTAL_WEB,COMPLETADA,31,29,45000,0.0,45000.0,STRIPE_CARD,4,1,0,0
FACT01812,20260102,CLN02,SRV03,MAS026,VET04,OPTIMIZACION_GEO_PLEB,NO_ASISTIO,0,0,25000,2500.0,0.0,NO_APLICA,,0,1,0
FACT01813,20260102,CLN05,SRV07,MAS103,VET08,OPTIMIZACION_GEO_PLEB,COMPLETADA,15,64,150000,15000.0,135000.0,STRIPE_CARD,5,1,0,0
FACT01814,20260102,CLN05,SRV02,MAS081,VET08,RECEPCION_PRESENCIAL,COMPLETADA,17,28,35000,0.0,35000.0,TRANSFERENCIA_NEQUI,5,1,0,0
FACT01815,20260102,CLN01,SRV06,MAS031,VET02,PORTAL_WEB,COMPLETADA,20,50,120000,0.0,120000.0,TRANSFERENCIA_NEQUI,2,1,0,0
FACT01816,20260102,CLN05,SRV07,MAS111,VET08,AGENTE_NOVA_CHATBOT,COMPLETADA,12,74,150000,0.0,150000.0,EFECTIVO,3,1,0,0
FACT01817,20260102,CLN02,SRV07,MAS022,VET04,PORTAL_WEB,COMPLETADA,7,55,150000,0.0,150000.0,TRANSFERENCIA_NEQUI,5,1,0,0
FACT01818,20260103,CLN01,SRV01,MAS001,VET01,PORTAL_WEB,COMPLETADA,6,29,45000,0.0,45000.0,EFECTIVO,5,1,0,0
FACT01819,20260103,CLN06,SRV02,MAS011,VET10,AGENTE_NOVA_CHATBOT,COMPLETADA,15,18,35000,0.0,35000.0,STRIPE_CARD,5,1,0,0
FACT01820,20260103,CLN01,SRV04,MAS044,VET01,RECEPCION_PRESENCIAL,COMPLETADA,8,93,220000,0.0,220000.0,STRIPE_CARD,4,1,0,0
FACT01821,20260103,CLN05,SRV03,MAS017,VET08,OPTIMIZACION_GEO_PLEB,COMPLETADA,32,18,25000,2500.0,22500.0,STRIPE_CARD,5,1,0,0
FACT01822,20260103,CLN04,SRV05,MAS009,VET06,AGENTE_NOVA_CHATBOT,COMPLETADA,26,25,85000,0.0,85000.0,TRANSFERENCIA_NEQUI,4,1,0,0
FACT01823,20260103,CLN03,SRV05,MAS103,VET05,PORTAL_WEB,COMPLETADA,30,29,85000,0.0,85000.0,STRIPE_CARD,4,1,0,0
FACT01824,20260104,CLN04,SRV03,MAS010,VET06,PORTAL_WEB,COMPLETADA,23,13,25000,0.0,25000.0,TRANSFERENCIA_NEQUI,5,1,0,0
FACT01825,20260104,CLN02,SRV02,MAS073,VET03,AGENTE_NOVA_CHATBOT,COMPLETADA,23,22,35000,0.0,35000.0,TRANSFERENCIA_NEQUI,4,1,0,0
FACT01826,20260104,CLN04,SRV05,MAS054,VET06,PORTAL_WEB,COMPLETADA,16,25,85000,0.0,85000.0,EFECTIVO,5,1,0,0
FACT01827,20260104,CLN01,SRV01,MAS065,VET01,PORTAL_WEB,COMPLETADA,31,40,45000,0.0,45000.0,TRANSFERENCIA_NEQUI,5,1,0,0
FACT01828,20260105,CLN06,SRV08,MAS035,VET10,RECEPCION_PRESENCIAL,COMPLETADA,26,65,50000,0.0,50000.0,STRIPE_CARD,2,1,0,0
FACT01829,20260105,CLN01,SRV05,MAS107,VET01,RECEPCION_PRESENCIAL,COMPLETADA,33,30,85000,0.0,85000.0,STRIPE_CARD,5,1,0,0
FACT01830,20260105,CLN02,SRV05,MAS052,VET04,PORTAL_WEB,NO_ASISTIO,0,0,85000,0.0,0.0,NO_APLICA,,0,1,0
FACT01831,20260105,CLN04,SRV01,MAS093,VET06,AGENTE_NOVA_CHATBOT,NO_ASISTIO,0,0,45000,0.0,0.0,NO_APLICA,,0,1,0
FACT01832,20260105,CLN05,SRV06,MAS001,VET08,RECEPCION_PRESENCIAL,COMPLETADA,29,51,120000,0.0,120000.0,STRIPE_CARD,5,1,0,0
FACT01833,20260105,CLN03,SRV07,MAS136,VET05,OPTIMIZACION_GEO_PLEB,CANCELADA,0,0,150000,15000.0,0.0,NO_APLICA,,0,0,1
FACT01834,20260105,CLN05,SRV07,MAS011,VET08,OPTIMIZACION_GEO_PLEB,COMPLETADA,22,64,150000,15000.0,135000.0,TRANSFERENCIA_NEQUI,4,1,0,0
FACT01835,20260105,CLN01,SRV06,MAS005,VET02,OPTIMIZACION_GEO_PLEB,COMPLETADA,25,37,120000,12000.0,108000.0,TRANSFERENCIA_NEQUI,5,1,0,0
FACT01836,20260105,CLN04,SRV06,MAS058,VET06,AGENTE_NOVA_CHATBOT,COMPLETADA,14,55,120000,0.0,120000.0,STRIPE_CARD,3,1,0,0
FACT01837,20260106,CLN05,SRV07,MAS068,VET08,OPTIMIZACION_GEO_PLEB,COMPLETADA,12,56,150000,15000.0,135000.0,TRANSFERENCIA_NEQUI,5,1,0,0
FACT01838,20260106,CLN02,SRV01,MAS111,VET04,PORTAL_WEB,COMPLETADA,30,33,45000,0.0,45000.0,TRANSFERENCIA_NEQUI,4,1,0,0
FACT01839,20260106,CLN01,SRV01,MAS128,VET02,PORTAL_WEB,CANCELADA,0,0,45000,0.0,0.0,NO_APLICA,,0,0,1
FACT01840,20260106,CLN05,SRV02,MAS061,VET08,OPTIMIZACION_GEO_PLEB,COMPLETADA,28,25,35000,3500.0,31500.0,STRIPE_CARD,5,1,0,0
FACT01841,20260106,CLN01,SRV02,MAS085,VET02,PORTAL_WEB,NO_ASISTIO,0,0,35000,0.0,0.0,NO_APLICA,,0,1,0
FACT01842,20260106,CLN04,SRV02,MAS034,VET06,AGENTE_NOVA_CHATBOT,NO_ASISTIO,0,0,35000,0.0,0.0,NO_APLICA,,0,1,0
FACT01843,20260106,CLN02,SRV05,MAS107,VET04,RECEPCION_PRESENCIAL,COMPLETADA,11,25,85000,0.0,85000.0,EFECTIVO,5,1,0,0
FACT01844,20260106,CLN03,SRV02,MAS040,VET05,PORTAL_WEB,COMPLETADA,35,22,35000,0.0,35000.0,EFECTIVO,5,1,0,0
FACT01845,20260107,CLN01,SRV06,MAS032,VET02,OPTIMIZACION_GEO_PLEB,CANCELADA,0,0,120000,12000.0,0.0,NO_APLICA,,0,0,1
FACT01846,20260107,CLN04,SRV08,MAS072,VET06,AGENTE_NOVA_CHATBOT,COMPLETADA,30,57,50000,0.0,50000.0,TRANSFERENCIA_NEQUI,5,1,0,0
FACT01847,20260107,CLN02,SRV01,MAS023,VET04,PORTAL_WEB,COMPLETADA,9,35,45000,0.0,45000.0,STRIPE_CARD,5,1,0,0
FACT01848,20260107,CLN04,SRV01,MAS088,VET07,RECEPCION_PRESENCIAL,COMPLETADA,8,41,45000,0.0,45000.0,TRANSFERENCIA_NEQUI,4,1,0,0
FACT01849,20260108,CLN02,SRV08,MAS018,VET03,PORTAL_WEB,NO_ASISTIO,0,0,50000,0.0,0.0,NO_APLICA,,0,1,0
FACT01850,20260108,CLN06,SRV08,MAS100,VET10,AGENTE_NOVA_CHATBOT,COMPLETADA,11,56,50000,0.0,50000.0,STRIPE_CARD,5,1,0,0
FACT01851,20260108,CLN01,SRV01,MAS096,VET02,AGENTE_NOVA_CHATBOT,NO_ASISTIO,0,0,45000,0.0,0.0,NO_APLICA,,0,1,0
FACT01852,20260108,CLN04,SRV06,MAS119,VET06,PORTAL_WEB,COMPLETADA,31,38,120000,0.0,120000.0,STRIPE_CARD,4,1,0,0
FACT01853,20260109,CLN02,SRV08,MAS142,VET04,AGENTE_NOVA_CHATBOT,CANCELADA,0,0,50000,0.0,0.0,NO_APLICA,,0,0,1
FACT01854,20260109,CLN01,SRV06,MAS063,VET01,OPTIMIZACION_GEO_PLEB,COMPLETADA,31,48,120000,12000.0,108000.0,STRIPE_CARD,5,1,0,0
FACT01855,20260109,CLN01,SRV03,MAS067,VET02,PORTAL_WEB,COMPLETADA,13,20,25000,0.0,25000.0,STRIPE_CARD,3,1,0,0
FACT01856,20260109,CLN05,SRV02,MAS128,VET08,AGENTE_NOVA_CHATBOT,COMPLETADA,18,15,35000,0.0,35000.0,EFECTIVO,5,1,0,0
FACT01857,20260109,CLN03,SRV02,MAS036,VET05,OPTIMIZACION_GEO_PLEB,CANCELADA,0,0,35000,3500.0,0.0,NO_APLICA,,0,0,1
FACT01858,20260109,CLN05,SRV06,MAS030,VET08,AGENTE_NOVA_CHATBOT,COMPLETADA,29,45,120000,0.0,120000.0,STRIPE_CARD,5,1,0,0
FACT01859,20260109,CLN02,SRV02,MAS060,VET03,AGENTE_NOVA_CHATBOT,COMPLETADA,14,32,35000,0.0,35000.0,STRIPE_CARD,4,1,0,0
FACT01860,20260110,CLN06,SRV05,MAS026,VET10,PORTAL_WEB,COMPLETADA,14,33,85000,0.0,85000.0,EFECTIVO,5,1,0,0
FACT01861,20260110,CLN03,SRV03,MAS018,VET05,OPTIMIZACION_GEO_PLEB,COMPLETADA,5,13,25000,2500.0,22500.0,STRIPE_CARD,3,1,0,0
FACT01862,20260110,CLN04,SRV07,MAS139,VET07,AGENTE_NOVA_CHATBOT,COMPLETADA,10,73,150000,0.0,150000.0,STRIPE_CARD,2,1,0,0
FACT01863,20260110,CLN01,SRV03,MAS048,VET02,OPTIMIZACION_GEO_PLEB,NO_ASISTIO,0,0,25000,2500.0,0.0,NO_APLICA,,0,1,0
FACT01864,20260110,CLN06,SRV01,MAS121,VET09,PORTAL_WEB,COMPLETADA,10,41,45000,0.0,45000.0,TRANSFERENCIA_NEQUI,5,1,0,0
FACT01865,20260110,CLN01,SRV04,MAS127,VET02,PORTAL_WEB,CANCELADA,0,0,220000,0.0,0.0,NO_APLICA,,0,0,1
FACT01866,20260110,CLN01,SRV04,MAS100,VET02,OPTIMIZACION_GEO_PLEB,COMPLETADA,14,96,220000,22000.0,198000.0,TRANSFERENCIA_NEQUI,5,1,0,0
FACT01867,20260110,CLN05,SRV05,MAS064,VET08,PORTAL_WEB,CANCELADA,0,0,85000,0.0,0.0,NO_APLICA,,0,0,1
FACT01868,20260110,CLN06,SRV05,MAS128,VET10,PORTAL_WEB,COMPLETADA,17,38,85000,0.0,85000.0,EFECTIVO,5,1,0,0
FACT01869,20260111,CLN02,SRV02,MAS064,VET03,PORTAL_WEB,COMPLETADA,12,22,35000,0.0,35000.0,STRIPE_CARD,4,1,0,0
FACT01870,20260111,CLN06,SRV03,MAS056,VET10,PORTAL_WEB,COMPLETADA,23,10,25000,0.0,25000.0,STRIPE_CARD,4,1,0,0
FACT01871,20260111,CLN06,SRV07,MAS028,VET09,PORTAL_WEB,COMPLETADA,19,59,150000,0.0,150000.0,STRIPE_CARD,5,1,0,0
FACT01872,20260111,CLN03,SRV07,MAS097,VET05,OPTIMIZACION_GEO_PLEB,NO_ASISTIO,0,0,150000,15000.0,0.0,NO_APLICA,,0,1,0
FACT01873,20260111,CLN06,SRV08,MAS052,VET10,PORTAL_WEB,NO_ASISTIO,0,0,50000,0.0,0.0,NO_APLICA,,0,1,0
FACT01874,20260111,CLN02,SRV06,MAS049,VET04,PORTAL_WEB,NO_ASISTIO,0,0,120000,0.0,0.0,NO_APLICA,,0,1,0
FACT01875,20260111,CLN04,SRV05,MAS112,VET07,AGENTE_NOVA_CHATBOT,COMPLETADA,5,33,85000,0.0,85000.0,STRIPE_CARD,5,1,0,0
FACT01876,20260111,CLN01,SRV05,MAS053,VET02,PORTAL_WEB,COMPLETADA,33,29,85000,0.0,85000.0,EFECTIVO,5,1,0,0
FACT01877,20260112,CLN04,SRV08,MAS136,VET06,OPTIMIZACION_GEO_PLEB,COMPLETADA,19,66,50000,5000.0,45000.0,STRIPE_CARD,5,1,0,0
FACT01878,20260112,CLN04,SRV05,MAS123,VET06,AGENTE_NOVA_CHATBOT,COMPLETADA,10,35,85000,0.0,85000.0,STRIPE_CARD,5,1,0,0
FACT01879,20260112,CLN01,SRV08,MAS099,VET01,OPTIMIZACION_GEO_PLEB,COMPLETADA,21,75,50000,5000.0,45000.0,STRIPE_CARD,2,1,0,0
FACT01880,20260112,CLN03,SRV05,MAS026,VET05,OPTIMIZACION_GEO_PLEB,COMPLETADA,30,29,85000,8500.0,76500.0,STRIPE_CARD,4,1,0,0
FACT01881,20260113,CLN05,SRV04,MAS073,VET08,PORTAL_WEB,COMPLETADA,29,102,220000,0.0,220000.0,STRIPE_CARD,3,1,0,0
FACT01882,20260113,CLN06,SRV01,MAS039,VET10,AGENTE_NOVA_CHATBOT,COMPLETADA,29,42,45000,0.0,45000.0,EFECTIVO,5,1,0,0
FACT01883,20260113,CLN01,SRV04,MAS048,VET02,AGENTE_NOVA_CHATBOT,COMPLETADA,28,98,220000,0.0,220000.0,EFECTIVO,5,1,0,0
FACT01884,20260114,CLN02,SRV06,MAS025,VET04,RECEPCION_PRESENCIAL,COMPLETADA,24,41,120000,0.0,120000.0,EFECTIVO,3,1,0,0
FACT01885,20260114,CLN01,SRV06,MAS121,VET02,OPTIMIZACION_GEO_PLEB,COMPLETADA,15,50,120000,12000.0,108000.0,STRIPE_CARD,5,1,0,0
FACT01886,20260114,CLN06,SRV02,MAS145,VET09,PORTAL_WEB,COMPLETADA,18,16,35000,0.0,35000.0,TRANSFERENCIA_NEQUI,5,1,0,0
FACT01887,20260114,CLN05,SRV02,MAS141,VET08,PORTAL_WEB,COMPLETADA,12,21,35000,0.0,35000.0,STRIPE_CARD,5,1,0,0
FACT01888,20260114,CLN01,SRV01,MAS105,VET02,AGENTE_NOVA_CHATBOT,COMPLETADA,25,43,45000,0.0,45000.0,STRIPE_CARD,3,1,0,0
FACT01889,20260114,CLN01,SRV04,MAS031,VET02,AGENTE_NOVA_CHATBOT,COMPLETADA,30,104,220000,0.0,220000.0,STRIPE_CARD,4,1,0,0
FACT01890,20260114,CLN01,SRV05,MAS139,VET02,PORTAL_WEB,COMPLETADA,34,35,85000,0.0,85000.0,STRIPE_CARD,3,1,0,0
FACT01891,20260115,CLN04,SRV02,MAS023,VET07,OPTIMIZACION_GEO_PLEB,CANCELADA,0,0,35000,3500.0,0.0,NO_APLICA,,0,0,1
FACT01892,20260115,CLN02,SRV01,MAS110,VET04,AGENTE_NOVA_CHATBOT,NO_ASISTIO,0,0,45000,0.0,0.0,NO_APLICA,,0,1,0
FACT01893,20260115,CLN03,SRV03,MAS007,VET05,PORTAL_WEB,NO_ASISTIO,0,0,25000,0.0,0.0,NO_APLICA,,0,1,0
FACT01894,20260115,CLN06,SRV05,MAS050,VET09,PORTAL_WEB,COMPLETADA,12,21,85000,0.0,85000.0,STRIPE_CARD,4,1,0,0
FACT01895,20260115,CLN02,SRV03,MAS076,VET03,PORTAL_WEB,COMPLETADA,26,24,25000,0.0,25000.0,STRIPE_CARD,5,1,0,0
FACT01896,20260115,CLN01,SRV04,MAS094,VET01,AGENTE_NOVA_CHATBOT,NO_ASISTIO,0,0,220000,0.0,0.0,NO_APLICA,,0,1,0
FACT01897,20260115,CLN06,SRV03,MAS017,VET10,RECEPCION_PRESENCIAL,COMPLETADA,17,10,25000,0.0,25000.0,STRIPE_CARD,5,1,0,0
FACT01898,20260115,CLN05,SRV07,MAS028,VET08,PORTAL_WEB,COMPLETADA,11,57,150000,0.0,150000.0,STRIPE_CARD,5,1,0,0
FACT01899,20260115,CLN04,SRV03,MAS069,VET06,OPTIMIZACION_GEO_PLEB,NO_ASISTIO,0,0,25000,2500.0,0.0,NO_APLICA,,0,1,0
FACT01900,20260116,CLN05,SRV08,MAS041,VET08,OPTIMIZACION_GEO_PLEB,CANCELADA,0,0,50000,5000.0,0.0,NO_APLICA,,0,0,1
FACT01901,20260116,CLN06,SRV08,MAS109,VET09,OPTIMIZACION_GEO_PLEB,COMPLETADA,31,69,50000,5000.0,45000.0,EFECTIVO,5,1,0,0
FACT01902,20260116,CLN05,SRV01,MAS051,VET08,AGENTE_NOVA_CHATBOT,COMPLETADA,17,42,45000,0.0,45000.0,STRIPE_CARD,5,1,0,0
FACT01903,20260116,CLN05,SRV03,MAS014,VET08,OPTIMIZACION_GEO_PLEB,COMPLETADA,35,13,25000,2500.0,22500.0,TRANSFERENCIA_NEQUI,4,1,0,0
FACT01904,20260116,CLN06,SRV01,MAS133,VET09,OPTIMIZACION_GEO_PLEB,COMPLETADA,33,32,45000,4500.0,40500.0,STRIPE_CARD,4,1,0,0
FACT01905,20260116,CLN01,SRV04,MAS138,VET01,PORTAL_WEB,CANCELADA,0,0,220000,0.0,0.0,NO_APLICA,,0,0,1
FACT01906,20260116,CLN03,SRV05,MAS067,VET05,OPTIMIZACION_GEO_PLEB,COMPLETADA,9,25,85000,8500.0,76500.0,TRANSFERENCIA_NEQUI,5,1,0,0
FACT01907,20260116,CLN02,SRV04,MAS023,VET03,PORTAL_WEB,CANCELADA,0,0,220000,0.0,0.0,NO_APLICA,,0,0,1
FACT01908,20260117,CLN04,SRV07,MAS140,VET06,AGENTE_NOVA_CHATBOT,COMPLETADA,19,60,150000,0.0,150000.0,EFECTIVO,4,1,0,0
FACT01909,20260117,CLN01,SRV01,MAS007,VET01,PORTAL_WEB,NO_ASISTIO,0,0,45000,0.0,0.0,NO_APLICA,,0,1,0
FACT01910,20260117,CLN06,SRV02,MAS083,VET09,OPTIMIZACION_GEO_PLEB,COMPLETADA,7,17,35000,3500.0,31500.0,TRANSFERENCIA_NEQUI,4,1,0,0
FACT01911,20260117,CLN01,SRV06,MAS015,VET02,OPTIMIZACION_GEO_PLEB,NO_ASISTIO,0,0,120000,12000.0,0.0,NO_APLICA,,0,1,0
FACT01912,20260117,CLN01,SRV06,MAS081,VET01,PORTAL_WEB,COMPLETADA,30,51,120000,0.0,120000.0,EFECTIVO,4,1,0,0
FACT01913,20260117,CLN03,SRV02,MAS140,VET05,OPTIMIZACION_GEO_PLEB,COMPLETADA,26,33,35000,3500.0,31500.0,EFECTIVO,4,1,0,0
FACT01914,20260117,CLN04,SRV03,MAS045,VET06,OPTIMIZACION_GEO_PLEB,COMPLETADA,24,11,25000,2500.0,22500.0,TRANSFERENCIA_NEQUI,5,1,0,0
FACT01915,20260118,CLN05,SRV08,MAS007,VET08,OPTIMIZACION_GEO_PLEB,COMPLETADA,6,55,50000,5000.0,45000.0,STRIPE_CARD,4,1,0,0
FACT01916,20260118,CLN04,SRV06,MAS023,VET07,OPTIMIZACION_GEO_PLEB,COMPLETADA,13,51,120000,12000.0,108000.0,TRANSFERENCIA_NEQUI,5,1,0,0
FACT01917,20260118,CLN05,SRV04,MAS106,VET08,AGENTE_NOVA_CHATBOT,COMPLETADA,21,92,220000,0.0,220000.0,EFECTIVO,1,1,0,0
FACT01918,20260119,CLN01,SRV05,MAS044,VET02,RECEPCION_PRESENCIAL,CANCELADA,0,0,85000,0.0,0.0,NO_APLICA,,0,0,1
FACT01919,20260119,CLN06,SRV01,MAS121,VET09,RECEPCION_PRESENCIAL,COMPLETADA,11,32,45000,0.0,45000.0,TRANSFERENCIA_NEQUI,5,1,0,0
FACT01920,20260119,CLN05,SRV01,MAS135,VET08,PORTAL_WEB,COMPLETADA,7,26,45000,0.0,45000.0,STRIPE_CARD,5,1,0,0
FACT01921,20260119,CLN01,SRV05,MAS136,VET02,OPTIMIZACION_GEO_PLEB,COMPLETADA,34,36,85000,8500.0,76500.0,EFECTIVO,4,1,0,0
FACT01922,20260119,CLN06,SRV03,MAS141,VET10,RECEPCION_PRESENCIAL,COMPLETADA,33,17,25000,0.0,25000.0,TRANSFERENCIA_NEQUI,4,1,0,0
FACT01923,20260119,CLN06,SRV02,MAS103,VET09,PORTAL_WEB,COMPLETADA,9,17,35000,0.0,35000.0,TRANSFERENCIA_NEQUI,5,1,0,0
FACT01924,20260119,CLN05,SRV03,MAS134,VET08,AGENTE_NOVA_CHATBOT,CANCELADA,0,0,25000,0.0,0.0,NO_APLICA,,0,0,1
FACT01925,20260119,CLN04,SRV03,MAS006,VET07,RECEPCION_PRESENCIAL,COMPLETADA,29,14,25000,0.0,25000.0,TRANSFERENCIA_NEQUI,5,1,0,0
FACT01926,20260120,CLN01,SRV05,MAS022,VET02,PORTAL_WEB,COMPLETADA,31,32,85000,0.0,85000.0,TRANSFERENCIA_NEQUI,5,1,0,0
FACT01927,20260120,CLN02,SRV06,MAS075,VET04,PORTAL_WEB,COMPLETADA,17,42,120000,0.0,120000.0,EFECTIVO,4,1,0,0
FACT01928,20260120,CLN03,SRV05,MAS050,VET05,PORTAL_WEB,NO_ASISTIO,0,0,85000,0.0,0.0,NO_APLICA,,0,1,0
FACT01929,20260120,CLN06,SRV08,MAS097,VET09,RECEPCION_PRESENCIAL,COMPLETADA,30,63,50000,0.0,50000.0,STRIPE_CARD,3,1,0,0
FACT01930,20260121,CLN02,SRV06,MAS062,VET03,OPTIMIZACION_GEO_PLEB,CANCELADA,0,0,120000,12000.0,0.0,NO_APLICA,,0,0,1
FACT01931,20260121,CLN05,SRV05,MAS085,VET08,PORTAL_WEB,NO_ASISTIO,0,0,85000,0.0,0.0,NO_APLICA,,0,1,0
FACT01932,20260121,CLN04,SRV06,MAS010,VET06,PORTAL_WEB,COMPLETADA,32,44,120000,0.0,120000.0,STRIPE_CARD,5,1,0,0
FACT01933,20260121,CLN02,SRV04,MAS135,VET04,OPTIMIZACION_GEO_PLEB,COMPLETADA,15,88,220000,22000.0,198000.0,STRIPE_CARD,5,1,0,0
FACT01934,20260121,CLN02,SRV02,MAS025,VET03,OPTIMIZACION_GEO_PLEB,NO_ASISTIO,0,0,35000,3500.0,0.0,NO_APLICA,,0,1,0
FACT01935,20260121,CLN04,SRV02,MAS140,VET07,OPTIMIZACION_GEO_PLEB,COMPLETADA,11,22,35000,3500.0,31500.0,STRIPE_CARD,4,1,0,0
FACT01936,20260121,CLN04,SRV03,MAS104,VET06,AGENTE_NOVA_CHATBOT,NO_ASISTIO,0,0,25000,0.0,0.0,NO_APLICA,,0,1,0
FACT01937,20260121,CLN02,SRV07,MAS009,VET03,PORTAL_WEB,NO_ASISTIO,0,0,150000,0.0,0.0,NO_APLICA,,0,1,0
FACT01938,20260121,CLN01,SRV06,MAS100,VET02,RECEPCION_PRESENCIAL,COMPLETADA,35,51,120000,0.0,120000.0,STRIPE_CARD,3,1,0,0
FACT01939,20260122,CLN02,SRV01,MAS008,VET03,PORTAL_WEB,CANCELADA,0,0,45000,0.0,0.0,NO_APLICA,,0,0,1
FACT01940,20260122,CLN03,SRV02,MAS141,VET05,OPTIMIZACION_GEO_PLEB,COMPLETADA,21,15,35000,3500.0,31500.0,TRANSFERENCIA_NEQUI,5,1,0,0
FACT01941,20260122,CLN03,SRV08,MAS068,VET05,AGENTE_NOVA_CHATBOT,NO_ASISTIO,0,0,50000,0.0,0.0,NO_APLICA,,0,1,0
FACT01942,20260123,CLN05,SRV07,MAS001,VET08,PORTAL_WEB,CANCELADA,0,0,150000,0.0,0.0,NO_APLICA,,0,0,1
FACT01943,20260123,CLN04,SRV06,MAS035,VET07,PORTAL_WEB,COMPLETADA,14,54,120000,0.0,120000.0,STRIPE_CARD,5,1,0,0
FACT01944,20260123,CLN05,SRV02,MAS139,VET08,PORTAL_WEB,COMPLETADA,12,27,35000,0.0,35000.0,EFECTIVO,4,1,0,0
FACT01945,20260123,CLN01,SRV07,MAS050,VET01,PORTAL_WEB,COMPLETADA,35,61,150000,0.0,150000.0,STRIPE_CARD,4,1,0,0
FACT01946,20260123,CLN01,SRV08,MAS071,VET01,AGENTE_NOVA_CHATBOT,COMPLETADA,18,57,50000,0.0,50000.0,STRIPE_CARD,5,1,0,0
FACT01947,20260123,CLN06,SRV03,MAS134,VET10,RECEPCION_PRESENCIAL,CANCELADA,0,0,25000,0.0,0.0,NO_APLICA,,0,0,1
FACT01948,20260123,CLN06,SRV06,MAS006,VET09,PORTAL_WEB,COMPLETADA,20,47,120000,0.0,120000.0,STRIPE_CARD,5,1,0,0
FACT01949,20260123,CLN05,SRV02,MAS033,VET08,PORTAL_WEB,COMPLETADA,35,16,35000,0.0,35000.0,STRIPE_CARD,2,1,0,0
FACT01950,20260123,CLN05,SRV06,MAS100,VET08,OPTIMIZACION_GEO_PLEB,COMPLETADA,7,35,120000,12000.0,108000.0,TRANSFERENCIA_NEQUI,5,1,0,0
FACT01951,20260124,CLN03,SRV02,MAS045,VET05,AGENTE_NOVA_CHATBOT,COMPLETADA,33,25,35000,0.0,35000.0,TRANSFERENCIA_NEQUI,5,1,0,0
FACT01952,20260124,CLN05,SRV07,MAS147,VET08,RECEPCION_PRESENCIAL,COMPLETADA,25,70,150000,0.0,150000.0,STRIPE_CARD,5,1,0,0
FACT01953,20260124,CLN05,SRV05,MAS075,VET08,PORTAL_WEB,NO_ASISTIO,0,0,85000,0.0,0.0,NO_APLICA,,0,1,0
FACT01954,20260125,CLN02,SRV01,MAS136,VET04,PORTAL_WEB,COMPLETADA,15,34,45000,0.0,45000.0,STRIPE_CARD,5,1,0,0
FACT01955,20260125,CLN04,SRV04,MAS060,VET06,AGENTE_NOVA_CHATBOT,NO_ASISTIO,0,0,220000,0.0,0.0,NO_APLICA,,0,1,0
FACT01956,20260125,CLN05,SRV01,MAS027,VET08,AGENTE_NOVA_CHATBOT,NO_ASISTIO,0,0,45000,0.0,0.0,NO_APLICA,,0,1,0
FACT01957,20260126,CLN06,SRV01,MAS130,VET09,OPTIMIZACION_GEO_PLEB,COMPLETADA,23,27,45000,4500.0,40500.0,EFECTIVO,3,1,0,0
FACT01958,20260126,CLN05,SRV01,MAS116,VET08,OPTIMIZACION_GEO_PLEB,COMPLETADA,30,30,45000,4500.0,40500.0,TRANSFERENCIA_NEQUI,5,1,0,0
FACT01959,20260126,CLN05,SRV05,MAS142,VET08,OPTIMIZACION_GEO_PLEB,NO_ASISTIO,0,0,85000,8500.0,0.0,NO_APLICA,,0,1,0
FACT01960,20260126,CLN05,SRV02,MAS134,VET08,PORTAL_WEB,COMPLETADA,22,26,35000,0.0,35000.0,STRIPE_CARD,4,1,0,0
FACT01961,20260126,CLN02,SRV02,MAS076,VET04,OPTIMIZACION_GEO_PLEB,COMPLETADA,33,24,35000,3500.0,31500.0,STRIPE_CARD,4,1,0,0
FACT01962,20260126,CLN02,SRV02,MAS048,VET03,AGENTE_NOVA_CHATBOT,COMPLETADA,29,19,35000,0.0,35000.0,TRANSFERENCIA_NEQUI,4,1,0,0
FACT01963,20260127,CLN05,SRV07,MAS006,VET08,RECEPCION_PRESENCIAL,CANCELADA,0,0,150000,0.0,0.0,NO_APLICA,,0,0,1
FACT01964,20260127,CLN02,SRV02,MAS118,VET04,PORTAL_WEB,COMPLETADA,25,29,35000,0.0,35000.0,STRIPE_CARD,5,1,0,0
FACT01965,20260127,CLN03,SRV04,MAS084,VET05,OPTIMIZACION_GEO_PLEB,NO_ASISTIO,0,0,220000,22000.0,0.0,NO_APLICA,,0,1,0
FACT01966,20260127,CLN03,SRV03,MAS144,VET05,AGENTE_NOVA_CHATBOT,COMPLETADA,31,10,25000,0.0,25000.0,TRANSFERENCIA_NEQUI,3,1,0,0
FACT01967,20260127,CLN06,SRV03,MAS145,VET09,RECEPCION_PRESENCIAL,CANCELADA,0,0,25000,0.0,0.0,NO_APLICA,,0,0,1
FACT01968,20260127,CLN03,SRV03,MAS104,VET05,AGENTE_NOVA_CHATBOT,CANCELADA,0,0,25000,0.0,0.0,NO_APLICA,,0,0,1
FACT01969,20260128,CLN06,SRV07,MAS069,VET09,OPTIMIZACION_GEO_PLEB,COMPLETADA,17,73,150000,15000.0,135000.0,TRANSFERENCIA_NEQUI,5,1,0,0
FACT01970,20260128,CLN06,SRV04,MAS004,VET09,RECEPCION_PRESENCIAL,CANCELADA,0,0,220000,0.0,0.0,NO_APLICA,,0,0,1
FACT01971,20260128,CLN04,SRV03,MAS049,VET06,AGENTE_NOVA_CHATBOT,CANCELADA,0,0,25000,0.0,0.0,NO_APLICA,,0,0,1
FACT01972,20260128,CLN05,SRV02,MAS065,VET08,AGENTE_NOVA_CHATBOT,COMPLETADA,17,32,35000,0.0,35000.0,EFECTIVO,5,1,0,0
FACT01973,20260128,CLN05,SRV01,MAS008,VET08,RECEPCION_PRESENCIAL,COMPLETADA,29,32,45000,0.0,45000.0,TRANSFERENCIA_NEQUI,5,1,0,0
FACT01974,20260128,CLN05,SRV07,MAS017,VET08,PORTAL_WEB,COMPLETADA,31,67,150000,0.0,150000.0,STRIPE_CARD,4,1,0,0
FACT01975,20260128,CLN01,SRV06,MAS007,VET01,PORTAL_WEB,COMPLETADA,17,51,120000,0.0,120000.0,EFECTIVO,5,1,0,0
FACT01976,20260129,CLN03,SRV06,MAS014,VET05,RECEPCION_PRESENCIAL,COMPLETADA,29,40,120000,0.0,120000.0,STRIPE_CARD,3,1,0,0
FACT01977,20260129,CLN05,SRV07,MAS037,VET08,AGENTE_NOVA_CHATBOT,COMPLETADA,12,75,150000,0.0,150000.0,STRIPE_CARD,5,1,0,0
FACT01978,20260129,CLN04,SRV08,MAS073,VET07,PORTAL_WEB,COMPLETADA,6,69,50000,0.0,50000.0,TRANSFERENCIA_NEQUI,3,1,0,0
FACT01979,20260130,CLN04,SRV03,MAS089,VET06,OPTIMIZACION_GEO_PLEB,COMPLETADA,30,12,25000,2500.0,22500.0,TRANSFERENCIA_NEQUI,4,1,0,0
FACT01980,20260130,CLN06,SRV07,MAS013,VET10,OPTIMIZACION_GEO_PLEB,COMPLETADA,27,74,150000,15000.0,135000.0,EFECTIVO,5,1,0,0
FACT01981,20260130,CLN01,SRV05,MAS018,VET02,PORTAL_WEB,COMPLETADA,11,34,85000,0.0,85000.0,STRIPE_CARD,5,1,0,0
FACT01982,20260130,CLN03,SRV03,MAS052,VET05,RECEPCION_PRESENCIAL,COMPLETADA,8,24,25000,0.0,25000.0,STRIPE_CARD,4,1,0,0
FACT01983,20260130,CLN04,SRV04,MAS043,VET06,PORTAL_WEB,NO_ASISTIO,0,0,220000,0.0,0.0,NO_APLICA,,0,1,0
FACT01984,20260130,CLN01,SRV01,MAS098,VET01,PORTAL_WEB,COMPLETADA,29,38,45000,0.0,45000.0,EFECTIVO,5,1,0,0
FACT01985,20260130,CLN02,SRV08,MAS140,VET04,AGENTE_NOVA_CHATBOT,CANCELADA,0,0,50000,0.0,0.0,NO_APLICA,,0,0,1
FACT01986,20260130,CLN04,SRV04,MAS056,VET06,PORTAL_WEB,COMPLETADA,33,102,220000,0.0,220000.0,EFECTIVO,5,1,0,0
FACT01987,20260130,CLN05,SRV03,MAS149,VET08,PORTAL_WEB,COMPLETADA,9,22,25000,0.0,25000.0,STRIPE_CARD,5,1,0,0
FACT01988,20260131,CLN01,SRV05,MAS073,VET02,PORTAL_WEB,COMPLETADA,19,26,85000,0.0,85000.0,STRIPE_CARD,4,1,0,0
FACT01989,20260131,CLN04,SRV02,MAS037,VET07,RECEPCION_PRESENCIAL,COMPLETADA,26,31,35000,0.0,35000.0,STRIPE_CARD,5,1,0,0
FACT01990,20260131,CLN01,SRV03,MAS024,VET01,OPTIMIZACION_GEO_PLEB,COMPLETADA,22,15,25000,2500.0,22500.0,STRIPE_CARD,5,1,0,0
FACT01991,20260131,CLN03,SRV03,MAS147,VET05,AGENTE_NOVA_CHATBOT,CANCELADA,0,0,25000,0.0,0.0,NO_APLICA,,0,0,1
FACT01992,20260131,CLN06,SRV08,MAS060,VET10,PORTAL_WEB,COMPLETADA,32,72,50000,0.0,50000.0,STRIPE_CARD,5,1,0,0
FACT01993,20260131,CLN05,SRV06,MAS105,VET08,AGENTE_NOVA_CHATBOT,COMPLETADA,12,53,120000,0.0,120000.0,STRIPE_CARD,4,1,0,0
FACT01994,20260131,CLN04,SRV07,MAS031,VET07,RECEPCION_PRESENCIAL,COMPLETADA,27,56,150000,0.0,150000.0,TRANSFERENCIA_NEQUI,5,1,0,0
FACT01995,20260131,CLN02,SRV03,MAS004,VET04,PORTAL_WEB,COMPLETADA,17,27,25000,0.0,25000.0,STRIPE_CARD,5,1,0,0
FACT01996,20260131,CLN02,SRV06,MAS084,VET03,PORTAL_WEB,NO_ASISTIO,0,0,120000,0.0,0.0,NO_APLICA,,0,1,0
FACT01997,20260201,CLN04,SRV01,MAS086,VET07,RECEPCION_PRESENCIAL,CANCELADA,0,0,45000,0.0,0.0,NO_APLICA,,0,0,1
FACT01998,20260201,CLN01,SRV07,MAS146,VET02,PORTAL_WEB,COMPLETADA,21,75,150000,0.0,150000.0,STRIPE_CARD,4,1,0,0
FACT01999,20260201,CLN01,SRV06,MAS146,VET01,RECEPCION_PRESENCIAL,COMPLETADA,29,54,120000,0.0,120000.0,EFECTIVO,2,1,0,0
FACT02000,20260202,CLN04,SRV01,MAS041,VET07,PORTAL_WEB,COMPLETADA,32,35,45000,0.0,45000.0,STRIPE_CARD,4,1,0,0
FACT02001,20260202,CLN06,SRV05,MAS130,VET10,PORTAL_WEB,COMPLETADA,14,39,85000,0.0,85000.0,STRIPE_CARD,5,1,0,0
FACT02002,20260202,CLN06,SRV05,MAS089,VET09,OPTIMIZACION_GEO_PLEB,COMPLETADA,21,34,85000,8500.0,76500.0,STRIPE_CARD,2,1,0,0
FACT02003,20260202,CLN06,SRV02,MAS092,VET10,PORTAL_WEB,COMPLETADA,33,32,35000,0.0,35000.0,TRANSFERENCIA_NEQUI,5,1,0,0
FACT02004,20260203,CLN02,SRV01,MAS116,VET03,RECEPCION_PRESENCIAL,COMPLETADA,29,27,45000,0.0,45000.0,STRIPE_CARD,2,1,0,0
FACT02005,20260203,CLN06,SRV08,MAS137,VET10,RECEPCION_PRESENCIAL,COMPLETADA,22,59,50000,0.0,50000.0,TRANSFERENCIA_NEQUI,3,1,0,0
FACT02006,20260203,CLN05,SRV03,MAS034,VET08,OPTIMIZACION_GEO_PLEB,COMPLETADA,23,16,25000,2500.0,22500.0,STRIPE_CARD,5,1,0,0
FACT02007,20260203,CLN06,SRV01,MAS103,VET10,PORTAL_WEB,NO_ASISTIO,0,0,45000,0.0,0.0,NO_APLICA,,0,1,0
FACT02008,20260203,CLN06,SRV06,MAS014,VET09,AGENTE_NOVA_CHATBOT,NO_ASISTIO,0,0,120000,0.0,0.0,NO_APLICA,,0,1,0
FACT02009,20260203,CLN01,SRV07,MAS098,VET02,OPTIMIZACION_GEO_PLEB,NO_ASISTIO,0,0,150000,15000.0,0.0,NO_APLICA,,0,1,0
FACT02010,20260204,CLN06,SRV01,MAS008,VET10,PORTAL_WEB,NO_ASISTIO,0,0,45000,0.0,0.0,NO_APLICA,,0,1,0
FACT02011,20260204,CLN02,SRV03,MAS088,VET04,AGENTE_NOVA_CHATBOT,COMPLETADA,13,15,25000,0.0,25000.0,TRANSFERENCIA_NEQUI,2,1,0,0
FACT02012,20260204,CLN04,SRV04,MAS036,VET07,OPTIMIZACION_GEO_PLEB,COMPLETADA,14,90,220000,22000.0,198000.0,STRIPE_CARD,4,1,0,0
FACT02013,20260204,CLN06,SRV07,MAS057,VET10,OPTIMIZACION_GEO_PLEB,COMPLETADA,35,73,150000,15000.0,135000.0,EFECTIVO,2,1,0,0
FACT02014,20260204,CLN04,SRV05,MAS021,VET06,AGENTE_NOVA_CHATBOT,NO_ASISTIO,0,0,85000,0.0,0.0,NO_APLICA,,0,1,0
FACT02015,20260205,CLN05,SRV08,MAS046,VET08,RECEPCION_PRESENCIAL,COMPLETADA,10,73,50000,0.0,50000.0,STRIPE_CARD,5,1,0,0
FACT02016,20260205,CLN06,SRV06,MAS136,VET09,AGENTE_NOVA_CHATBOT,CANCELADA,0,0,120000,0.0,0.0,NO_APLICA,,0,0,1
FACT02017,20260205,CLN01,SRV02,MAS144,VET01,RECEPCION_PRESENCIAL,NO_ASISTIO,0,0,35000,0.0,0.0,NO_APLICA,,0,1,0
FACT02018,20260205,CLN03,SRV01,MAS126,VET05,AGENTE_NOVA_CHATBOT,CANCELADA,0,0,45000,0.0,0.0,NO_APLICA,,0,0,1
FACT02019,20260206,CLN05,SRV01,MAS083,VET08,AGENTE_NOVA_CHATBOT,COMPLETADA,31,33,45000,0.0,45000.0,STRIPE_CARD,5,1,0,0
FACT02020,20260206,CLN03,SRV02,MAS029,VET05,OPTIMIZACION_GEO_PLEB,COMPLETADA,20,20,35000,3500.0,31500.0,EFECTIVO,5,1,0,0
FACT02021,20260206,CLN05,SRV05,MAS010,VET08,AGENTE_NOVA_CHATBOT,COMPLETADA,11,32,85000,0.0,85000.0,EFECTIVO,5,1,0,0
FACT02022,20260206,CLN03,SRV02,MAS084,VET05,PORTAL_WEB,COMPLETADA,8,21,35000,0.0,35000.0,EFECTIVO,4,1,0,0
FACT02023,20260206,CLN05,SRV07,MAS122,VET08,OPTIMIZACION_GEO_PLEB,NO_ASISTIO,0,0,150000,15000.0,0.0,NO_APLICA,,0,1,0
FACT02024,20260206,CLN01,SRV07,MAS115,VET01,PORTAL_WEB,COMPLETADA,5,74,150000,0.0,150000.0,STRIPE_CARD,5,1,0,0
FACT02025,20260207,CLN06,SRV05,MAS023,VET09,AGENTE_NOVA_CHATBOT,COMPLETADA,10,34,85000,0.0,85000.0,STRIPE_CARD,5,1,0,0
FACT02026,20260207,CLN06,SRV01,MAS034,VET10,PORTAL_WEB,COMPLETADA,13,36,45000,0.0,45000.0,EFECTIVO,5,1,0,0
FACT02027,20260207,CLN04,SRV03,MAS085,VET06,RECEPCION_PRESENCIAL,CANCELADA,0,0,25000,0.0,0.0,NO_APLICA,,0,0,1
FACT02028,20260207,CLN04,SRV06,MAS150,VET06,RECEPCION_PRESENCIAL,CANCELADA,0,0,120000,0.0,0.0,NO_APLICA,,0,0,1
FACT02029,20260207,CLN04,SRV05,MAS077,VET07,PORTAL_WEB,COMPLETADA,20,30,85000,0.0,85000.0,EFECTIVO,4,1,0,0
FACT02030,20260207,CLN05,SRV07,MAS094,VET08,OPTIMIZACION_GEO_PLEB,COMPLETADA,14,60,150000,15000.0,135000.0,EFECTIVO,4,1,0,0
FACT02031,20260207,CLN05,SRV02,MAS110,VET08,PORTAL_WEB,COMPLETADA,9,15,35000,0.0,35000.0,STRIPE_CARD,3,1,0,0
FACT02032,20260207,CLN02,SRV06,MAS059,VET04,PORTAL_WEB,CANCELADA,0,0,120000,0.0,0.0,NO_APLICA,,0,0,1
FACT02033,20260208,CLN02,SRV02,MAS084,VET03,PORTAL_WEB,COMPLETADA,11,15,35000,0.0,35000.0,TRANSFERENCIA_NEQUI,5,1,0,0
FACT02034,20260208,CLN01,SRV07,MAS143,VET01,PORTAL_WEB,NO_ASISTIO,0,0,150000,0.0,0.0,NO_APLICA,,0,1,0
FACT02035,20260208,CLN06,SRV05,MAS078,VET09,OPTIMIZACION_GEO_PLEB,COMPLETADA,21,39,85000,8500.0,76500.0,TRANSFERENCIA_NEQUI,5,1,0,0
FACT02036,20260209,CLN04,SRV07,MAS115,VET06,RECEPCION_PRESENCIAL,NO_ASISTIO,0,0,150000,0.0,0.0,NO_APLICA,,0,1,0
FACT02037,20260209,CLN06,SRV07,MAS039,VET10,PORTAL_WEB,NO_ASISTIO,0,0,150000,0.0,0.0,NO_APLICA,,0,1,0
FACT02038,20260209,CLN02,SRV03,MAS095,VET04,PORTAL_WEB,COMPLETADA,35,12,25000,0.0,25000.0,STRIPE_CARD,4,1,0,0
FACT02039,20260209,CLN06,SRV03,MAS049,VET09,PORTAL_WEB,COMPLETADA,11,29,25000,0.0,25000.0,STRIPE_CARD,5,1,0,0
FACT02040,20260210,CLN03,SRV01,MAS097,VET05,PORTAL_WEB,NO_ASISTIO,0,0,45000,0.0,0.0,NO_APLICA,,0,1,0
FACT02041,20260210,CLN01,SRV07,MAS068,VET01,PORTAL_WEB,COMPLETADA,11,72,150000,0.0,150000.0,STRIPE_CARD,5,1,0,0
FACT02042,20260210,CLN05,SRV08,MAS104,VET08,PORTAL_WEB,CANCELADA,0,0,50000,0.0,0.0,NO_APLICA,,0,0,1
FACT02043,20260210,CLN06,SRV03,MAS047,VET10,RECEPCION_PRESENCIAL,COMPLETADA,19,20,25000,0.0,25000.0,EFECTIVO,5,1,0,0
FACT02044,20260210,CLN05,SRV08,MAS035,VET08,PORTAL_WEB,COMPLETADA,32,73,50000,0.0,50000.0,EFECTIVO,2,1,0,0
FACT02045,20260210,CLN02,SRV08,MAS098,VET03,OPTIMIZACION_GEO_PLEB,NO_ASISTIO,0,0,50000,5000.0,0.0,NO_APLICA,,0,1,0
FACT02046,20260210,CLN02,SRV07,MAS014,VET03,PORTAL_WEB,CANCELADA,0,0,150000,0.0,0.0,NO_APLICA,,0,0,1
FACT02047,20260210,CLN06,SRV02,MAS121,VET10,PORTAL_WEB,COMPLETADA,19,21,35000,0.0,35000.0,STRIPE_CARD,5,1,0,0
FACT02048,20260211,CLN06,SRV01,MAS084,VET09,PORTAL_WEB,COMPLETADA,9,43,45000,0.0,45000.0,STRIPE_CARD,2,1,0,0
FACT02049,20260211,CLN06,SRV03,MAS026,VET10,RECEPCION_PRESENCIAL,NO_ASISTIO,0,0,25000,0.0,0.0,NO_APLICA,,0,1,0
FACT02050,20260211,CLN03,SRV05,MAS061,VET05,OPTIMIZACION_GEO_PLEB,CANCELADA,0,0,85000,8500.0,0.0,NO_APLICA,,0,0,1
FACT02051,20260211,CLN02,SRV03,MAS084,VET03,AGENTE_NOVA_CHATBOT,NO_ASISTIO,0,0,25000,0.0,0.0,NO_APLICA,,0,1,0
FACT02052,20260211,CLN06,SRV04,MAS082,VET09,AGENTE_NOVA_CHATBOT,CANCELADA,0,0,220000,0.0,0.0,NO_APLICA,,0,0,1
FACT02053,20260211,CLN03,SRV02,MAS126,VET05,RECEPCION_PRESENCIAL,NO_ASISTIO,0,0,35000,0.0,0.0,NO_APLICA,,0,1,0
FACT02054,20260211,CLN06,SRV04,MAS042,VET10,AGENTE_NOVA_CHATBOT,COMPLETADA,12,85,220000,0.0,220000.0,EFECTIVO,4,1,0,0
FACT02055,20260212,CLN03,SRV02,MAS047,VET05,OPTIMIZACION_GEO_PLEB,COMPLETADA,31,33,35000,3500.0,31500.0,STRIPE_CARD,5,1,0,0
FACT02056,20260212,CLN05,SRV08,MAS018,VET08,PORTAL_WEB,COMPLETADA,15,62,50000,0.0,50000.0,TRANSFERENCIA_NEQUI,4,1,0,0
FACT02057,20260212,CLN05,SRV02,MAS055,VET08,AGENTE_NOVA_CHATBOT,COMPLETADA,9,33,35000,0.0,35000.0,STRIPE_CARD,2,1,0,0
FACT02058,20260212,CLN02,SRV01,MAS026,VET03,AGENTE_NOVA_CHATBOT,COMPLETADA,17,26,45000,0.0,45000.0,STRIPE_CARD,4,1,0,0
FACT02059,20260212,CLN01,SRV05,MAS142,VET01,OPTIMIZACION_GEO_PLEB,COMPLETADA,30,34,85000,8500.0,76500.0,TRANSFERENCIA_NEQUI,4,1,0,0
FACT02060,20260212,CLN03,SRV06,MAS132,VET05,PORTAL_WEB,COMPLETADA,12,55,120000,0.0,120000.0,STRIPE_CARD,4,1,0,0
FACT02061,20260212,CLN01,SRV01,MAS072,VET01,PORTAL_WEB,COMPLETADA,34,37,45000,0.0,45000.0,EFECTIVO,4,1,0,0
FACT02062,20260212,CLN01,SRV02,MAS089,VET02,PORTAL_WEB,COMPLETADA,32,33,35000,0.0,35000.0,STRIPE_CARD,3,1,0,0
FACT02063,20260212,CLN01,SRV03,MAS090,VET01,PORTAL_WEB,NO_ASISTIO,0,0,25000,0.0,0.0,NO_APLICA,,0,1,0
FACT02064,20260213,CLN03,SRV08,MAS071,VET05,OPTIMIZACION_GEO_PLEB,NO_ASISTIO,0,0,50000,5000.0,0.0,NO_APLICA,,0,1,0
FACT02065,20260213,CLN02,SRV04,MAS002,VET03,RECEPCION_PRESENCIAL,CANCELADA,0,0,220000,0.0,0.0,NO_APLICA,,0,0,1
FACT02066,20260213,CLN04,SRV04,MAS128,VET06,OPTIMIZACION_GEO_PLEB,COMPLETADA,35,88,220000,22000.0,198000.0,STRIPE_CARD,5,1,0,0
FACT02067,20260214,CLN02,SRV02,MAS054,VET03,PORTAL_WEB,COMPLETADA,32,29,35000,0.0,35000.0,STRIPE_CARD,5,1,0,0
FACT02068,20260214,CLN01,SRV02,MAS030,VET01,RECEPCION_PRESENCIAL,COMPLETADA,17,18,35000,0.0,35000.0,STRIPE_CARD,5,1,0,0
FACT02069,20260214,CLN01,SRV01,MAS115,VET01,AGENTE_NOVA_CHATBOT,COMPLETADA,26,41,45000,0.0,45000.0,STRIPE_CARD,4,1,0,0
FACT02070,20260214,CLN02,SRV01,MAS076,VET03,PORTAL_WEB,CANCELADA,0,0,45000,0.0,0.0,NO_APLICA,,0,0,1
FACT02071,20260214,CLN04,SRV06,MAS054,VET07,PORTAL_WEB,CANCELADA,0,0,120000,0.0,0.0,NO_APLICA,,0,0,1
FACT02072,20260214,CLN06,SRV08,MAS078,VET09,PORTAL_WEB,CANCELADA,0,0,50000,0.0,0.0,NO_APLICA,,0,0,1
FACT02073,20260214,CLN02,SRV03,MAS026,VET04,AGENTE_NOVA_CHATBOT,COMPLETADA,5,27,25000,0.0,25000.0,STRIPE_CARD,4,1,0,0
FACT02074,20260214,CLN03,SRV06,MAS035,VET05,OPTIMIZACION_GEO_PLEB,COMPLETADA,14,47,120000,12000.0,108000.0,STRIPE_CARD,5,1,0,0
FACT02075,20260215,CLN03,SRV07,MAS017,VET05,PORTAL_WEB,NO_ASISTIO,0,0,150000,0.0,0.0,NO_APLICA,,0,1,0
FACT02076,20260215,CLN02,SRV03,MAS150,VET04,PORTAL_WEB,COMPLETADA,29,13,25000,0.0,25000.0,TRANSFERENCIA_NEQUI,5,1,0,0
FACT02077,20260215,CLN01,SRV05,MAS049,VET01,AGENTE_NOVA_CHATBOT,COMPLETADA,22,30,85000,0.0,85000.0,TRANSFERENCIA_NEQUI,4,1,0,0
FACT02078,20260215,CLN03,SRV04,MAS007,VET05,PORTAL_WEB,COMPLETADA,33,89,220000,0.0,220000.0,TRANSFERENCIA_NEQUI,5,1,0,0
FACT02079,20260215,CLN01,SRV02,MAS093,VET02,PORTAL_WEB,CANCELADA,0,0,35000,0.0,0.0,NO_APLICA,,0,0,1
FACT02080,20260215,CLN04,SRV08,MAS072,VET06,PORTAL_WEB,COMPLETADA,24,74,50000,0.0,50000.0,STRIPE_CARD,5,1,0,0
FACT02081,20260215,CLN04,SRV01,MAS106,VET07,PORTAL_WEB,COMPLETADA,9,34,45000,0.0,45000.0,STRIPE_CARD,4,1,0,0
FACT02082,20260215,CLN03,SRV05,MAS041,VET05,PORTAL_WEB,NO_ASISTIO,0,0,85000,0.0,0.0,NO_APLICA,,0,1,0
FACT02083,20260216,CLN06,SRV01,MAS064,VET10,PORTAL_WEB,COMPLETADA,5,44,45000,0.0,45000.0,TRANSFERENCIA_NEQUI,5,1,0,0
FACT02084,20260216,CLN04,SRV06,MAS109,VET07,OPTIMIZACION_GEO_PLEB,COMPLETADA,7,46,120000,12000.0,108000.0,EFECTIVO,5,1,0,0
FACT02085,20260216,CLN03,SRV07,MAS045,VET05,AGENTE_NOVA_CHATBOT,COMPLETADA,20,58,150000,0.0,150000.0,EFECTIVO,5,1,0,0
FACT02086,20260216,CLN04,SRV01,MAS029,VET07,OPTIMIZACION_GEO_PLEB,COMPLETADA,6,28,45000,4500.0,40500.0,STRIPE_CARD,4,1,0,0
FACT02087,20260217,CLN02,SRV07,MAS142,VET03,PORTAL_WEB,COMPLETADA,19,67,150000,0.0,150000.0,STRIPE_CARD,5,1,0,0
FACT02088,20260217,CLN04,SRV07,MAS133,VET06,OPTIMIZACION_GEO_PLEB,COMPLETADA,5,71,150000,15000.0,135000.0,EFECTIVO,5,1,0,0
FACT02089,20260217,CLN04,SRV03,MAS008,VET06,PORTAL_WEB,NO_ASISTIO,0,0,25000,0.0,0.0,NO_APLICA,,0,1,0
FACT02090,20260218,CLN06,SRV08,MAS022,VET09,OPTIMIZACION_GEO_PLEB,COMPLETADA,6,68,50000,5000.0,45000.0,STRIPE_CARD,5,1,0,0
FACT02091,20260218,CLN01,SRV04,MAS086,VET02,PORTAL_WEB,COMPLETADA,31,94,220000,0.0,220000.0,EFECTIVO,5,1,0,0
FACT02092,20260218,CLN04,SRV04,MAS103,VET07,PORTAL_WEB,COMPLETADA,27,91,220000,0.0,220000.0,TRANSFERENCIA_NEQUI,5,1,0,0
FACT02093,20260218,CLN02,SRV06,MAS115,VET04,RECEPCION_PRESENCIAL,COMPLETADA,24,43,120000,0.0,120000.0,STRIPE_CARD,5,1,0,0
FACT02094,20260218,CLN01,SRV06,MAS051,VET01,PORTAL_WEB,NO_ASISTIO,0,0,120000,0.0,0.0,NO_APLICA,,0,1,0
FACT02095,20260219,CLN04,SRV08,MAS066,VET06,RECEPCION_PRESENCIAL,COMPLETADA,18,59,50000,0.0,50000.0,STRIPE_CARD,5,1,0,0
FACT02096,20260219,CLN05,SRV03,MAS122,VET08,PORTAL_WEB,COMPLETADA,6,18,25000,0.0,25000.0,TRANSFERENCIA_NEQUI,5,1,0,0
FACT02097,20260219,CLN01,SRV06,MAS007,VET02,PORTAL_WEB,COMPLETADA,6,49,120000,0.0,120000.0,TRANSFERENCIA_NEQUI,4,1,0,0
FACT02098,20260219,CLN01,SRV01,MAS006,VET02,AGENTE_NOVA_CHATBOT,NO_ASISTIO,0,0,45000,0.0,0.0,NO_APLICA,,0,1,0
FACT02099,20260219,CLN05,SRV02,MAS145,VET08,AGENTE_NOVA_CHATBOT,NO_ASISTIO,0,0,35000,0.0,0.0,NO_APLICA,,0,1,0
FACT02100,20260219,CLN05,SRV06,MAS064,VET08,PORTAL_WEB,NO_ASISTIO,0,0,120000,0.0,0.0,NO_APLICA,,0,1,0
FACT02101,20260219,CLN03,SRV01,MAS066,VET05,OPTIMIZACION_GEO_PLEB,CANCELADA,0,0,45000,4500.0,0.0,NO_APLICA,,0,0,1
FACT02102,20260220,CLN01,SRV08,MAS102,VET02,OPTIMIZACION_GEO_PLEB,CANCELADA,0,0,50000,5000.0,0.0,NO_APLICA,,0,0,1
FACT02103,20260220,CLN04,SRV02,MAS051,VET06,OPTIMIZACION_GEO_PLEB,COMPLETADA,19,18,35000,3500.0,31500.0,TRANSFERENCIA_NEQUI,3,1,0,0
FACT02104,20260220,CLN05,SRV02,MAS106,VET08,PORTAL_WEB,COMPLETADA,9,21,35000,0.0,35000.0,STRIPE_CARD,5,1,0,0
FACT02105,20260220,CLN04,SRV05,MAS064,VET07,PORTAL_WEB,COMPLETADA,29,30,85000,0.0,85000.0,STRIPE_CARD,5,1,0,0
FACT02106,20260220,CLN06,SRV02,MAS115,VET10,PORTAL_WEB,COMPLETADA,27,23,35000,0.0,35000.0,TRANSFERENCIA_NEQUI,5,1,0,0
FACT02107,20260220,CLN06,SRV01,MAS055,VET09,PORTAL_WEB,COMPLETADA,21,39,45000,0.0,45000.0,STRIPE_CARD,3,1,0,0
FACT02108,20260220,CLN01,SRV07,MAS015,VET01,PORTAL_WEB,COMPLETADA,25,75,150000,0.0,150000.0,STRIPE_CARD,5,1,0,0
FACT02109,20260221,CLN03,SRV03,MAS029,VET05,RECEPCION_PRESENCIAL,COMPLETADA,35,10,25000,0.0,25000.0,EFECTIVO,4,1,0,0
FACT02110,20260221,CLN06,SRV02,MAS140,VET09,AGENTE_NOVA_CHATBOT,COMPLETADA,14,32,35000,0.0,35000.0,STRIPE_CARD,5,1,0,0
FACT02111,20260221,CLN04,SRV04,MAS147,VET07,OPTIMIZACION_GEO_PLEB,COMPLETADA,16,99,220000,22000.0,198000.0,STRIPE_CARD,2,1,0,0
FACT02112,20260221,CLN01,SRV05,MAS139,VET01,RECEPCION_PRESENCIAL,COMPLETADA,20,30,85000,0.0,85000.0,STRIPE_CARD,5,1,0,0
FACT02113,20260222,CLN02,SRV07,MAS145,VET03,AGENTE_NOVA_CHATBOT,COMPLETADA,24,67,150000,0.0,150000.0,STRIPE_CARD,5,1,0,0
FACT02114,20260222,CLN02,SRV05,MAS043,VET04,RECEPCION_PRESENCIAL,CANCELADA,0,0,85000,0.0,0.0,NO_APLICA,,0,0,1
FACT02115,20260222,CLN05,SRV08,MAS101,VET08,RECEPCION_PRESENCIAL,CANCELADA,0,0,50000,0.0,0.0,NO_APLICA,,0,0,1
FACT02116,20260222,CLN06,SRV05,MAS012,VET09,AGENTE_NOVA_CHATBOT,CANCELADA,0,0,85000,0.0,0.0,NO_APLICA,,0,0,1
FACT02117,20260222,CLN02,SRV05,MAS023,VET03,RECEPCION_PRESENCIAL,CANCELADA,0,0,85000,0.0,0.0,NO_APLICA,,0,0,1
FACT02118,20260222,CLN01,SRV07,MAS012,VET02,OPTIMIZACION_GEO_PLEB,COMPLETADA,25,62,150000,15000.0,135000.0,EFECTIVO,5,1,0,0
FACT02119,20260222,CLN06,SRV06,MAS097,VET09,PORTAL_WEB,COMPLETADA,29,49,120000,0.0,120000.0,TRANSFERENCIA_NEQUI,4,1,0,0
FACT02120,20260222,CLN02,SRV01,MAS108,VET04,AGENTE_NOVA_CHATBOT,NO_ASISTIO,0,0,45000,0.0,0.0,NO_APLICA,,0,1,0
FACT02121,20260222,CLN05,SRV07,MAS140,VET08,AGENTE_NOVA_CHATBOT,COMPLETADA,34,74,150000,0.0,150000.0,EFECTIVO,5,1,0,0
FACT02122,20260223,CLN05,SRV03,MAS017,VET08,PORTAL_WEB,COMPLETADA,9,27,25000,0.0,25000.0,TRANSFERENCIA_NEQUI,5,1,0,0
FACT02123,20260223,CLN02,SRV06,MAS149,VET03,RECEPCION_PRESENCIAL,COMPLETADA,13,52,120000,0.0,120000.0,STRIPE_CARD,4,1,0,0
FACT02124,20260223,CLN05,SRV05,MAS137,VET08,OPTIMIZACION_GEO_PLEB,COMPLETADA,27,36,85000,8500.0,76500.0,STRIPE_CARD,5,1,0,0
FACT02125,20260223,CLN04,SRV05,MAS102,VET06,PORTAL_WEB,COMPLETADA,29,36,85000,0.0,85000.0,STRIPE_CARD,5,1,0,0
FACT02126,20260223,CLN04,SRV02,MAS023,VET06,PORTAL_WEB,COMPLETADA,11,18,35000,0.0,35000.0,STRIPE_CARD,4,1,0,0
FACT02127,20260223,CLN03,SRV04,MAS105,VET05,PORTAL_WEB,COMPLETADA,11,100,220000,0.0,220000.0,STRIPE_CARD,4,1,0,0
FACT02128,20260224,CLN02,SRV01,MAS066,VET03,OPTIMIZACION_GEO_PLEB,COMPLETADA,21,28,45000,4500.0,40500.0,STRIPE_CARD,5,1,0,0
FACT02129,20260224,CLN02,SRV05,MAS078,VET04,PORTAL_WEB,COMPLETADA,13,23,85000,0.0,85000.0,TRANSFERENCIA_NEQUI,4,1,0,0
FACT02130,20260224,CLN03,SRV04,MAS075,VET05,PORTAL_WEB,COMPLETADA,30,103,220000,0.0,220000.0,STRIPE_CARD,5,1,0,0
FACT02131,20260224,CLN04,SRV02,MAS133,VET07,AGENTE_NOVA_CHATBOT,COMPLETADA,24,32,35000,0.0,35000.0,STRIPE_CARD,4,1,0,0
FACT02132,20260224,CLN05,SRV07,MAS119,VET08,PORTAL_WEB,CANCELADA,0,0,150000,0.0,0.0,NO_APLICA,,0,0,1
FACT02133,20260225,CLN03,SRV08,MAS070,VET05,OPTIMIZACION_GEO_PLEB,COMPLETADA,32,58,50000,5000.0,45000.0,EFECTIVO,4,1,0,0
FACT02134,20260225,CLN05,SRV07,MAS097,VET08,OPTIMIZACION_GEO_PLEB,COMPLETADA,18,74,150000,15000.0,135000.0,STRIPE_CARD,4,1,0,0
FACT02135,20260225,CLN06,SRV08,MAS080,VET10,RECEPCION_PRESENCIAL,CANCELADA,0,0,50000,0.0,0.0,NO_APLICA,,0,0,1
FACT02136,20260226,CLN03,SRV06,MAS088,VET05,AGENTE_NOVA_CHATBOT,CANCELADA,0,0,120000,0.0,0.0,NO_APLICA,,0,0,1
FACT02137,20260226,CLN03,SRV02,MAS032,VET05,PORTAL_WEB,CANCELADA,0,0,35000,0.0,0.0,NO_APLICA,,0,0,1
FACT02138,20260226,CLN06,SRV01,MAS123,VET09,PORTAL_WEB,COMPLETADA,27,37,45000,0.0,45000.0,STRIPE_CARD,3,1,0,0
FACT02139,20260226,CLN03,SRV02,MAS122,VET05,RECEPCION_PRESENCIAL,COMPLETADA,26,16,35000,0.0,35000.0,TRANSFERENCIA_NEQUI,5,1,0,0
FACT02140,20260226,CLN02,SRV06,MAS064,VET04,PORTAL_WEB,COMPLETADA,8,51,120000,0.0,120000.0,EFECTIVO,4,1,0,0
FACT02141,20260226,CLN03,SRV07,MAS125,VET05,PORTAL_WEB,COMPLETADA,5,74,150000,0.0,150000.0,EFECTIVO,4,1,0,0
FACT02142,20260226,CLN02,SRV05,MAS046,VET04,AGENTE_NOVA_CHATBOT,COMPLETADA,34,32,85000,0.0,85000.0,EFECTIVO,1,1,0,0
FACT02143,20260227,CLN06,SRV07,MAS128,VET10,PORTAL_WEB,COMPLETADA,15,68,150000,0.0,150000.0,STRIPE_CARD,5,1,0,0
FACT02144,20260227,CLN03,SRV07,MAS094,VET05,RECEPCION_PRESENCIAL,COMPLETADA,15,72,150000,0.0,150000.0,TRANSFERENCIA_NEQUI,3,1,0,0
FACT02145,20260227,CLN03,SRV04,MAS050,VET05,OPTIMIZACION_GEO_PLEB,CANCELADA,0,0,220000,22000.0,0.0,NO_APLICA,,0,0,1
FACT02146,20260227,CLN01,SRV03,MAS063,VET02,AGENTE_NOVA_CHATBOT,COMPLETADA,30,22,25000,0.0,25000.0,STRIPE_CARD,3,1,0,0
FACT02147,20260227,CLN06,SRV07,MAS087,VET09,AGENTE_NOVA_CHATBOT,NO_ASISTIO,0,0,150000,0.0,0.0,NO_APLICA,,0,1,0
FACT02148,20260227,CLN01,SRV07,MAS086,VET01,OPTIMIZACION_GEO_PLEB,CANCELADA,0,0,150000,15000.0,0.0,NO_APLICA,,0,0,1
FACT02149,20260227,CLN03,SRV01,MAS003,VET05,RECEPCION_PRESENCIAL,NO_ASISTIO,0,0,45000,0.0,0.0,NO_APLICA,,0,1,0
FACT02150,20260227,CLN02,SRV02,MAS045,VET03,AGENTE_NOVA_CHATBOT,COMPLETADA,10,29,35000,0.0,35000.0,TRANSFERENCIA_NEQUI,5,1,0,0
FACT02151,20260227,CLN06,SRV05,MAS103,VET10,AGENTE_NOVA_CHATBOT,COMPLETADA,24,22,85000,0.0,85000.0,STRIPE_CARD,5,1,0,0
FACT02152,20260228,CLN02,SRV02,MAS024,VET04,OPTIMIZACION_GEO_PLEB,COMPLETADA,31,23,35000,3500.0,31500.0,TRANSFERENCIA_NEQUI,4,1,0,0
FACT02153,20260228,CLN01,SRV01,MAS028,VET01,OPTIMIZACION_GEO_PLEB,COMPLETADA,21,37,45000,4500.0,40500.0,TRANSFERENCIA_NEQUI,5,1,0,0
FACT02154,20260228,CLN05,SRV04,MAS021,VET08,OPTIMIZACION_GEO_PLEB,COMPLETADA,24,96,220000,22000.0,198000.0,STRIPE_CARD,5,1,0,0
FACT02155,20260301,CLN03,SRV03,MAS105,VET05,PORTAL_WEB,COMPLETADA,25,23,25000,0.0,25000.0,STRIPE_CARD,5,1,0,0
FACT02156,20260301,CLN02,SRV04,MAS136,VET03,PORTAL_WEB,COMPLETADA,28,100,220000,0.0,220000.0,TRANSFERENCIA_NEQUI,5,1,0,0
FACT02157,20260301,CLN03,SRV01,MAS119,VET05,AGENTE_NOVA_CHATBOT,CANCELADA,0,0,45000,0.0,0.0,NO_APLICA,,0,0,1
FACT02158,20260301,CLN06,SRV06,MAS068,VET09,PORTAL_WEB,CANCELADA,0,0,120000,0.0,0.0,NO_APLICA,,0,0,1
FACT02159,20260301,CLN03,SRV02,MAS143,VET05,PORTAL_WEB,NO_ASISTIO,0,0,35000,0.0,0.0,NO_APLICA,,0,1,0
FACT02160,20260301,CLN05,SRV05,MAS093,VET08,PORTAL_WEB,COMPLETADA,6,33,85000,0.0,85000.0,EFECTIVO,5,1,0,0
FACT02161,20260301,CLN03,SRV06,MAS038,VET05,PORTAL_WEB,COMPLETADA,8,39,120000,0.0,120000.0,STRIPE_CARD,2,1,0,0
FACT02162,20260301,CLN06,SRV05,MAS138,VET10,RECEPCION_PRESENCIAL,CANCELADA,0,0,85000,0.0,0.0,NO_APLICA,,0,0,1
FACT02163,20260301,CLN06,SRV08,MAS113,VET09,PORTAL_WEB,COMPLETADA,12,64,50000,0.0,50000.0,STRIPE_CARD,4,1,0,0
FACT02164,20260302,CLN02,SRV04,MAS143,VET03,RECEPCION_PRESENCIAL,CANCELADA,0,0,220000,0.0,0.0,NO_APLICA,,0,0,1
FACT02165,20260302,CLN06,SRV02,MAS122,VET09,PORTAL_WEB,COMPLETADA,25,32,35000,0.0,35000.0,STRIPE_CARD,5,1,0,0
FACT02166,20260302,CLN05,SRV04,MAS011,VET08,AGENTE_NOVA_CHATBOT,COMPLETADA,27,105,220000,0.0,220000.0,TRANSFERENCIA_NEQUI,5,1,0,0
FACT02167,20260302,CLN05,SRV06,MAS140,VET08,PORTAL_WEB,CANCELADA,0,0,120000,0.0,0.0,NO_APLICA,,0,0,1
FACT02168,20260302,CLN03,SRV06,MAS059,VET05,PORTAL_WEB,COMPLETADA,6,55,120000,0.0,120000.0,STRIPE_CARD,4,1,0,0
FACT02169,20260302,CLN06,SRV08,MAS122,VET10,AGENTE_NOVA_CHATBOT,CANCELADA,0,0,50000,0.0,0.0,NO_APLICA,,0,0,1
FACT02170,20260303,CLN01,SRV06,MAS045,VET02,AGENTE_NOVA_CHATBOT,COMPLETADA,13,46,120000,0.0,120000.0,TRANSFERENCIA_NEQUI,5,1,0,0
FACT02171,20260303,CLN01,SRV06,MAS017,VET01,OPTIMIZACION_GEO_PLEB,COMPLETADA,24,41,120000,12000.0,108000.0,STRIPE_CARD,5,1,0,0
FACT02172,20260303,CLN01,SRV04,MAS032,VET02,OPTIMIZACION_GEO_PLEB,COMPLETADA,19,101,220000,22000.0,198000.0,EFECTIVO,4,1,0,0
FACT02173,20260303,CLN05,SRV07,MAS136,VET08,PORTAL_WEB,CANCELADA,0,0,150000,0.0,0.0,NO_APLICA,,0,0,1
FACT02174,20260303,CLN06,SRV05,MAS081,VET09,OPTIMIZACION_GEO_PLEB,COMPLETADA,27,24,85000,8500.0,76500.0,STRIPE_CARD,3,1,0,0
FACT02175,20260303,CLN03,SRV03,MAS065,VET05,PORTAL_WEB,COMPLETADA,6,12,25000,0.0,25000.0,TRANSFERENCIA_NEQUI,3,1,0,0
FACT02176,20260303,CLN06,SRV03,MAS069,VET10,PORTAL_WEB,COMPLETADA,31,27,25000,0.0,25000.0,TRANSFERENCIA_NEQUI,4,1,0,0
FACT02177,20260304,CLN05,SRV04,MAS146,VET08,PORTAL_WEB,COMPLETADA,8,105,220000,0.0,220000.0,TRANSFERENCIA_NEQUI,4,1,0,0
FACT02178,20260304,CLN01,SRV03,MAS146,VET02,PORTAL_WEB,COMPLETADA,21,26,25000,0.0,25000.0,STRIPE_CARD,2,1,0,0
FACT02179,20260304,CLN02,SRV02,MAS012,VET03,PORTAL_WEB,COMPLETADA,10,22,35000,0.0,35000.0,STRIPE_CARD,5,1,0,0
FACT02180,20260304,CLN01,SRV07,MAS119,VET01,RECEPCION_PRESENCIAL,COMPLETADA,8,56,150000,0.0,150000.0,TRANSFERENCIA_NEQUI,3,1,0,0
FACT02181,20260305,CLN04,SRV01,MAS141,VET06,AGENTE_NOVA_CHATBOT,COMPLETADA,11,36,45000,0.0,45000.0,STRIPE_CARD,5,1,0,0
FACT02182,20260305,CLN03,SRV04,MAS142,VET05,AGENTE_NOVA_CHATBOT,COMPLETADA,25,92,220000,0.0,220000.0,STRIPE_CARD,4,1,0,0
FACT02183,20260305,CLN05,SRV08,MAS071,VET08,OPTIMIZACION_GEO_PLEB,COMPLETADA,25,59,50000,5000.0,45000.0,EFECTIVO,5,1,0,0
FACT02184,20260305,CLN04,SRV02,MAS009,VET07,PORTAL_WEB,COMPLETADA,28,15,35000,0.0,35000.0,TRANSFERENCIA_NEQUI,5,1,0,0
FACT02185,20260305,CLN02,SRV06,MAS072,VET03,OPTIMIZACION_GEO_PLEB,COMPLETADA,17,49,120000,12000.0,108000.0,EFECTIVO,3,1,0,0
FACT02186,20260305,CLN01,SRV07,MAS111,VET01,RECEPCION_PRESENCIAL,NO_ASISTIO,0,0,150000,0.0,0.0,NO_APLICA,,0,1,0
FACT02187,20260305,CLN04,SRV02,MAS019,VET07,RECEPCION_PRESENCIAL,COMPLETADA,34,26,35000,0.0,35000.0,STRIPE_CARD,5,1,0,0
FACT02188,20260305,CLN06,SRV04,MAS073,VET09,RECEPCION_PRESENCIAL,COMPLETADA,22,95,220000,0.0,220000.0,EFECTIVO,5,1,0,0
FACT02189,20260306,CLN05,SRV01,MAS134,VET08,PORTAL_WEB,CANCELADA,0,0,45000,0.0,0.0,NO_APLICA,,0,0,1
FACT02190,20260306,CLN03,SRV07,MAS108,VET05,PORTAL_WEB,CANCELADA,0,0,150000,0.0,0.0,NO_APLICA,,0,0,1
FACT02191,20260306,CLN03,SRV07,MAS137,VET05,OPTIMIZACION_GEO_PLEB,NO_ASISTIO,0,0,150000,15000.0,0.0,NO_APLICA,,0,1,0
FACT02192,20260306,CLN05,SRV03,MAS100,VET08,RECEPCION_PRESENCIAL,CANCELADA,0,0,25000,0.0,0.0,NO_APLICA,,0,0,1
FACT02193,20260306,CLN01,SRV07,MAS143,VET01,OPTIMIZACION_GEO_PLEB,CANCELADA,0,0,150000,15000.0,0.0,NO_APLICA,,0,0,1
FACT02194,20260306,CLN06,SRV08,MAS136,VET09,RECEPCION_PRESENCIAL,NO_ASISTIO,0,0,50000,0.0,0.0,NO_APLICA,,0,1,0
FACT02195,20260306,CLN05,SRV06,MAS008,VET08,OPTIMIZACION_GEO_PLEB,COMPLETADA,18,40,120000,12000.0,108000.0,STRIPE_CARD,5,1,0,0
FACT02196,20260306,CLN05,SRV07,MAS006,VET08,OPTIMIZACION_GEO_PLEB,NO_ASISTIO,0,0,150000,15000.0,0.0,NO_APLICA,,0,1,0
FACT02197,20260306,CLN02,SRV01,MAS023,VET03,RECEPCION_PRESENCIAL,COMPLETADA,33,36,45000,0.0,45000.0,STRIPE_CARD,5,1,0,0
FACT02198,20260307,CLN01,SRV02,MAS142,VET02,OPTIMIZACION_GEO_PLEB,COMPLETADA,16,19,35000,3500.0,31500.0,TRANSFERENCIA_NEQUI,2,1,0,0
FACT02199,20260307,CLN03,SRV06,MAS031,VET05,RECEPCION_PRESENCIAL,COMPLETADA,19,44,120000,0.0,120000.0,STRIPE_CARD,4,1,0,0
FACT02200,20260307,CLN04,SRV07,MAS048,VET07,PORTAL_WEB,COMPLETADA,22,75,150000,0.0,150000.0,EFECTIVO,4,1,0,0
FACT02201,20260307,CLN01,SRV03,MAS112,VET02,PORTAL_WEB,COMPLETADA,10,14,25000,0.0,25000.0,TRANSFERENCIA_NEQUI,4,1,0,0
FACT02202,20260307,CLN03,SRV08,MAS014,VET05,AGENTE_NOVA_CHATBOT,NO_ASISTIO,0,0,50000,0.0,0.0,NO_APLICA,,0,1,0
FACT02203,20260307,CLN06,SRV05,MAS034,VET10,OPTIMIZACION_GEO_PLEB,COMPLETADA,16,29,85000,8500.0,76500.0,STRIPE_CARD,5,1,0,0
FACT02204,20260308,CLN04,SRV01,MAS148,VET06,PORTAL_WEB,COMPLETADA,32,36,45000,0.0,45000.0,STRIPE_CARD,5,1,0,0
FACT02205,20260308,CLN06,SRV01,MAS017,VET09,RECEPCION_PRESENCIAL,NO_ASISTIO,0,0,45000,0.0,0.0,NO_APLICA,,0,1,0
FACT02206,20260308,CLN02,SRV07,MAS071,VET04,RECEPCION_PRESENCIAL,COMPLETADA,10,61,150000,0.0,150000.0,EFECTIVO,3,1,0,0
FACT02207,20260308,CLN04,SRV03,MAS144,VET06,AGENTE_NOVA_CHATBOT,CANCELADA,0,0,25000,0.0,0.0,NO_APLICA,,0,0,1
FACT02208,20260308,CLN06,SRV01,MAS015,VET10,RECEPCION_PRESENCIAL,COMPLETADA,21,45,45000,0.0,45000.0,STRIPE_CARD,2,1,0,0
FACT02209,20260309,CLN06,SRV08,MAS062,VET10,PORTAL_WEB,COMPLETADA,18,57,50000,0.0,50000.0,EFECTIVO,5,1,0,0
FACT02210,20260309,CLN01,SRV02,MAS016,VET02,OPTIMIZACION_GEO_PLEB,COMPLETADA,25,16,35000,3500.0,31500.0,EFECTIVO,5,1,0,0
FACT02211,20260309,CLN01,SRV08,MAS028,VET01,PORTAL_WEB,NO_ASISTIO,0,0,50000,0.0,0.0,NO_APLICA,,0,1,0
FACT02212,20260309,CLN03,SRV07,MAS021,VET05,PORTAL_WEB,NO_ASISTIO,0,0,150000,0.0,0.0,NO_APLICA,,0,1,0
FACT02213,20260310,CLN03,SRV08,MAS014,VET05,PORTAL_WEB,CANCELADA,0,0,50000,0.0,0.0,NO_APLICA,,0,0,1
FACT02214,20260310,CLN02,SRV01,MAS119,VET03,RECEPCION_PRESENCIAL,COMPLETADA,23,35,45000,0.0,45000.0,STRIPE_CARD,4,1,0,0
FACT02215,20260310,CLN04,SRV02,MAS130,VET07,AGENTE_NOVA_CHATBOT,CANCELADA,0,0,35000,0.0,0.0,NO_APLICA,,0,0,1
FACT02216,20260310,CLN05,SRV05,MAS059,VET08,PORTAL_WEB,NO_ASISTIO,0,0,85000,0.0,0.0,NO_APLICA,,0,1,0
FACT02217,20260310,CLN05,SRV07,MAS143,VET08,PORTAL_WEB,CANCELADA,0,0,150000,0.0,0.0,NO_APLICA,,0,0,1
FACT02218,20260310,CLN04,SRV03,MAS066,VET07,RECEPCION_PRESENCIAL,COMPLETADA,29,13,25000,0.0,25000.0,STRIPE_CARD,5,1,0,0
FACT02219,20260310,CLN05,SRV08,MAS052,VET08,OPTIMIZACION_GEO_PLEB,COMPLETADA,7,61,50000,5000.0,45000.0,STRIPE_CARD,3,1,0,0
FACT02220,20260310,CLN01,SRV06,MAS012,VET02,AGENTE_NOVA_CHATBOT,COMPLETADA,29,52,120000,0.0,120000.0,TRANSFERENCIA_NEQUI,4,1,0,0
FACT02221,20260311,CLN06,SRV02,MAS120,VET09,PORTAL_WEB,COMPLETADA,33,26,35000,0.0,35000.0,STRIPE_CARD,5,1,0,0
FACT02222,20260311,CLN03,SRV07,MAS136,VET05,RECEPCION_PRESENCIAL,COMPLETADA,32,63,150000,0.0,150000.0,TRANSFERENCIA_NEQUI,1,1,0,0
FACT02223,20260311,CLN01,SRV08,MAS050,VET02,OPTIMIZACION_GEO_PLEB,CANCELADA,0,0,50000,5000.0,0.0,NO_APLICA,,0,0,1
FACT02224,20260311,CLN02,SRV05,MAS139,VET04,PORTAL_WEB,CANCELADA,0,0,85000,0.0,0.0,NO_APLICA,,0,0,1
FACT02225,20260312,CLN03,SRV06,MAS059,VET05,AGENTE_NOVA_CHATBOT,COMPLETADA,17,39,120000,0.0,120000.0,EFECTIVO,4,1,0,0
FACT02226,20260312,CLN03,SRV08,MAS114,VET05,PORTAL_WEB,COMPLETADA,17,66,50000,0.0,50000.0,EFECTIVO,5,1,0,0
FACT02227,20260312,CLN03,SRV06,MAS102,VET05,PORTAL_WEB,COMPLETADA,23,40,120000,0.0,120000.0,STRIPE_CARD,4,1,0,0
FACT02228,20260312,CLN05,SRV06,MAS084,VET08,PORTAL_WEB,COMPLETADA,20,55,120000,0.0,120000.0,STRIPE_CARD,4,1,0,0
FACT02229,20260312,CLN06,SRV04,MAS026,VET09,PORTAL_WEB,COMPLETADA,19,101,220000,0.0,220000.0,STRIPE_CARD,2,1,0,0
FACT02230,20260312,CLN05,SRV03,MAS085,VET08,RECEPCION_PRESENCIAL,COMPLETADA,26,22,25000,0.0,25000.0,STRIPE_CARD,5,1,0,0
FACT02231,20260312,CLN02,SRV07,MAS095,VET03,AGENTE_NOVA_CHATBOT,COMPLETADA,31,63,150000,0.0,150000.0,STRIPE_CARD,4,1,0,0
FACT02232,20260313,CLN02,SRV02,MAS035,VET03,RECEPCION_PRESENCIAL,COMPLETADA,33,25,35000,0.0,35000.0,EFECTIVO,4,1,0,0
FACT02233,20260313,CLN01,SRV03,MAS107,VET01,PORTAL_WEB,NO_ASISTIO,0,0,25000,0.0,0.0,NO_APLICA,,0,1,0
FACT02234,20260313,CLN01,SRV02,MAS087,VET02,PORTAL_WEB,COMPLETADA,34,26,35000,0.0,35000.0,EFECTIVO,2,1,0,0
FACT02235,20260313,CLN04,SRV01,MAS113,VET07,PORTAL_WEB,COMPLETADA,35,40,45000,0.0,45000.0,TRANSFERENCIA_NEQUI,5,1,0,0
FACT02236,20260313,CLN06,SRV03,MAS119,VET09,OPTIMIZACION_GEO_PLEB,CANCELADA,0,0,25000,2500.0,0.0,NO_APLICA,,0,0,1
FACT02237,20260313,CLN01,SRV06,MAS008,VET02,PORTAL_WEB,COMPLETADA,6,35,120000,0.0,120000.0,EFECTIVO,1,1,0,0
FACT02238,20260313,CLN06,SRV05,MAS004,VET09,OPTIMIZACION_GEO_PLEB,COMPLETADA,8,20,85000,8500.0,76500.0,STRIPE_CARD,5,1,0,0
FACT02239,20260313,CLN01,SRV07,MAS012,VET01,OPTIMIZACION_GEO_PLEB,CANCELADA,0,0,150000,15000.0,0.0,NO_APLICA,,0,0,1
FACT02240,20260314,CLN03,SRV02,MAS139,VET05,OPTIMIZACION_GEO_PLEB,COMPLETADA,34,18,35000,3500.0,31500.0,EFECTIVO,2,1,0,0
FACT02241,20260314,CLN05,SRV06,MAS089,VET08,AGENTE_NOVA_CHATBOT,COMPLETADA,26,53,120000,0.0,120000.0,STRIPE_CARD,5,1,0,0
FACT02242,20260314,CLN03,SRV02,MAS009,VET05,RECEPCION_PRESENCIAL,COMPLETADA,35,30,35000,0.0,35000.0,STRIPE_CARD,4,1,0,0
FACT02243,20260314,CLN06,SRV07,MAS147,VET09,OPTIMIZACION_GEO_PLEB,COMPLETADA,6,57,150000,15000.0,135000.0,TRANSFERENCIA_NEQUI,4,1,0,0
FACT02244,20260314,CLN04,SRV01,MAS062,VET07,OPTIMIZACION_GEO_PLEB,COMPLETADA,13,29,45000,4500.0,40500.0,STRIPE_CARD,4,1,0,0
FACT02245,20260314,CLN06,SRV05,MAS079,VET09,AGENTE_NOVA_CHATBOT,CANCELADA,0,0,85000,0.0,0.0,NO_APLICA,,0,0,1
FACT02246,20260314,CLN02,SRV01,MAS101,VET03,RECEPCION_PRESENCIAL,COMPLETADA,17,30,45000,0.0,45000.0,STRIPE_CARD,5,1,0,0
FACT02247,20260314,CLN02,SRV06,MAS003,VET03,RECEPCION_PRESENCIAL,COMPLETADA,11,47,120000,0.0,120000.0,STRIPE_CARD,5,1,0,0
FACT02248,20260315,CLN02,SRV02,MAS118,VET04,AGENTE_NOVA_CHATBOT,CANCELADA,0,0,35000,0.0,0.0,NO_APLICA,,0,0,1
FACT02249,20260315,CLN02,SRV03,MAS147,VET03,PORTAL_WEB,NO_ASISTIO,0,0,25000,0.0,0.0,NO_APLICA,,0,1,0
FACT02250,20260315,CLN02,SRV05,MAS085,VET03,PORTAL_WEB,COMPLETADA,5,21,85000,0.0,85000.0,TRANSFERENCIA_NEQUI,4,1,0,0
FACT02251,20260315,CLN06,SRV06,MAS063,VET09,OPTIMIZACION_GEO_PLEB,COMPLETADA,22,48,120000,12000.0,108000.0,STRIPE_CARD,4,1,0,0
FACT02252,20260315,CLN01,SRV02,MAS023,VET01,RECEPCION_PRESENCIAL,COMPLETADA,19,22,35000,0.0,35000.0,STRIPE_CARD,4,1,0,0
FACT02253,20260315,CLN03,SRV08,MAS086,VET05,OPTIMIZACION_GEO_PLEB,CANCELADA,0,0,50000,5000.0,0.0,NO_APLICA,,0,0,1
FACT02254,20260316,CLN05,SRV06,MAS145,VET08,PORTAL_WEB,COMPLETADA,10,53,120000,0.0,120000.0,TRANSFERENCIA_NEQUI,4,1,0,0
FACT02255,20260316,CLN03,SRV07,MAS012,VET05,PORTAL_WEB,COMPLETADA,18,60,150000,0.0,150000.0,STRIPE_CARD,4,1,0,0
FACT02256,20260316,CLN04,SRV06,MAS134,VET07,PORTAL_WEB,COMPLETADA,13,49,120000,0.0,120000.0,STRIPE_CARD,1,1,0,0
FACT02257,20260316,CLN06,SRV01,MAS114,VET09,PORTAL_WEB,COMPLETADA,30,36,45000,0.0,45000.0,STRIPE_CARD,3,1,0,0
FACT02258,20260316,CLN06,SRV03,MAS049,VET09,PORTAL_WEB,COMPLETADA,8,30,25000,0.0,25000.0,STRIPE_CARD,4,1,0,0
FACT02259,20260316,CLN01,SRV02,MAS134,VET02,RECEPCION_PRESENCIAL,CANCELADA,0,0,35000,0.0,0.0,NO_APLICA,,0,0,1
FACT02260,20260316,CLN06,SRV06,MAS145,VET09,RECEPCION_PRESENCIAL,COMPLETADA,8,38,120000,0.0,120000.0,STRIPE_CARD,4,1,0,0
FACT02261,20260316,CLN05,SRV06,MAS141,VET08,PORTAL_WEB,CANCELADA,0,0,120000,0.0,0.0,NO_APLICA,,0,0,1
FACT02262,20260316,CLN06,SRV08,MAS121,VET10,PORTAL_WEB,COMPLETADA,17,72,50000,0.0,50000.0,STRIPE_CARD,4,1,0,0
FACT02263,20260317,CLN03,SRV08,MAS137,VET05,OPTIMIZACION_GEO_PLEB,NO_ASISTIO,0,0,50000,5000.0,0.0,NO_APLICA,,0,1,0
FACT02264,20260317,CLN02,SRV07,MAS040,VET03,OPTIMIZACION_GEO_PLEB,CANCELADA,0,0,150000,15000.0,0.0,NO_APLICA,,0,0,1
FACT02265,20260317,CLN04,SRV05,MAS085,VET06,PORTAL_WEB,COMPLETADA,26,23,85000,0.0,85000.0,STRIPE_CARD,1,1,0,0
FACT02266,20260317,CLN02,SRV03,MAS001,VET04,PORTAL_WEB,COMPLETADA,22,16,25000,0.0,25000.0,STRIPE_CARD,4,1,0,0
FACT02267,20260317,CLN06,SRV03,MAS040,VET09,AGENTE_NOVA_CHATBOT,COMPLETADA,7,18,25000,0.0,25000.0,EFECTIVO,5,1,0,0
FACT02268,20260317,CLN06,SRV03,MAS135,VET09,PORTAL_WEB,NO_ASISTIO,0,0,25000,0.0,0.0,NO_APLICA,,0,1,0
FACT02269,20260317,CLN01,SRV06,MAS148,VET02,PORTAL_WEB,CANCELADA,0,0,120000,0.0,0.0,NO_APLICA,,0,0,1
FACT02270,20260317,CLN06,SRV03,MAS004,VET09,PORTAL_WEB,COMPLETADA,25,16,25000,0.0,25000.0,EFECTIVO,1,1,0,0
FACT02271,20260317,CLN06,SRV04,MAS034,VET09,RECEPCION_PRESENCIAL,COMPLETADA,20,96,220000,0.0,220000.0,STRIPE_CARD,3,1,0,0
FACT02272,20260318,CLN01,SRV06,MAS050,VET01,PORTAL_WEB,COMPLETADA,21,37,120000,0.0,120000.0,STRIPE_CARD,5,1,0,0
FACT02273,20260318,CLN04,SRV07,MAS051,VET07,PORTAL_WEB,COMPLETADA,16,74,150000,0.0,150000.0,TRANSFERENCIA_NEQUI,5,1,0,0
FACT02274,20260318,CLN04,SRV06,MAS102,VET07,PORTAL_WEB,CANCELADA,0,0,120000,0.0,0.0,NO_APLICA,,0,0,1
FACT02275,20260318,CLN05,SRV03,MAS019,VET08,PORTAL_WEB,NO_ASISTIO,0,0,25000,0.0,0.0,NO_APLICA,,0,1,0
FACT02276,20260318,CLN06,SRV02,MAS107,VET09,PORTAL_WEB,NO_ASISTIO,0,0,35000,0.0,0.0,NO_APLICA,,0,1,0
FACT02277,20260318,CLN04,SRV07,MAS011,VET07,OPTIMIZACION_GEO_PLEB,COMPLETADA,28,71,150000,15000.0,135000.0,STRIPE_CARD,5,1,0,0
FACT02278,20260318,CLN03,SRV05,MAS018,VET05,RECEPCION_PRESENCIAL,CANCELADA,0,0,85000,0.0,0.0,NO_APLICA,,0,0,1
FACT02279,20260318,CLN04,SRV03,MAS146,VET06,PORTAL_WEB,COMPLETADA,35,13,25000,0.0,25000.0,STRIPE_CARD,5,1,0,0
FACT02280,20260319,CLN01,SRV07,MAS143,VET02,RECEPCION_PRESENCIAL,COMPLETADA,31,67,150000,0.0,150000.0,STRIPE_CARD,5,1,0,0
FACT02281,20260319,CLN04,SRV07,MAS040,VET06,OPTIMIZACION_GEO_PLEB,COMPLETADA,21,67,150000,15000.0,135000.0,STRIPE_CARD,5,1,0,0
FACT02282,20260319,CLN03,SRV05,MAS077,VET05,PORTAL_WEB,NO_ASISTIO,0,0,85000,0.0,0.0,NO_APLICA,,0,1,0
FACT02283,20260319,CLN04,SRV07,MAS051,VET07,AGENTE_NOVA_CHATBOT,NO_ASISTIO,0,0,150000,0.0,0.0,NO_APLICA,,0,1,0
FACT02284,20260319,CLN05,SRV04,MAS146,VET08,AGENTE_NOVA_CHATBOT,COMPLETADA,5,94,220000,0.0,220000.0,TRANSFERENCIA_NEQUI,4,1,0,0
FACT02285,20260319,CLN02,SRV04,MAS034,VET04,RECEPCION_PRESENCIAL,COMPLETADA,9,98,220000,0.0,220000.0,STRIPE_CARD,3,1,0,0
FACT02286,20260319,CLN01,SRV03,MAS066,VET02,RECEPCION_PRESENCIAL,COMPLETADA,26,14,25000,0.0,25000.0,EFECTIVO,3,1,0,0
FACT02287,20260320,CLN05,SRV05,MAS039,VET08,OPTIMIZACION_GEO_PLEB,COMPLETADA,32,36,85000,8500.0,76500.0,STRIPE_CARD,4,1,0,0
FACT02288,20260320,CLN05,SRV02,MAS105,VET08,PORTAL_WEB,COMPLETADA,28,24,35000,0.0,35000.0,STRIPE_CARD,3,1,0,0
FACT02289,20260320,CLN06,SRV05,MAS057,VET10,OPTIMIZACION_GEO_PLEB,COMPLETADA,15,27,85000,8500.0,76500.0,EFECTIVO,3,1,0,0
FACT02290,20260320,CLN04,SRV06,MAS015,VET06,OPTIMIZACION_GEO_PLEB,COMPLETADA,12,42,120000,12000.0,108000.0,STRIPE_CARD,5,1,0,0
FACT02291,20260320,CLN01,SRV02,MAS021,VET01,AGENTE_NOVA_CHATBOT,NO_ASISTIO,0,0,35000,0.0,0.0,NO_APLICA,,0,1,0
FACT02292,20260320,CLN06,SRV07,MAS008,VET10,AGENTE_NOVA_CHATBOT,COMPLETADA,16,69,150000,0.0,150000.0,TRANSFERENCIA_NEQUI,4,1,0,0
FACT02293,20260320,CLN06,SRV08,MAS085,VET10,RECEPCION_PRESENCIAL,COMPLETADA,23,63,50000,0.0,50000.0,EFECTIVO,4,1,0,0
FACT02294,20260320,CLN02,SRV04,MAS112,VET04,OPTIMIZACION_GEO_PLEB,COMPLETADA,20,93,220000,22000.0,198000.0,TRANSFERENCIA_NEQUI,5,1,0,0
FACT02295,20260321,CLN01,SRV04,MAS072,VET02,PORTAL_WEB,COMPLETADA,10,95,220000,0.0,220000.0,STRIPE_CARD,5,1,0,0
FACT02296,20260321,CLN05,SRV06,MAS079,VET08,PORTAL_WEB,CANCELADA,0,0,120000,0.0,0.0,NO_APLICA,,0,0,1
FACT02297,20260321,CLN03,SRV07,MAS037,VET05,AGENTE_NOVA_CHATBOT,COMPLETADA,23,67,150000,0.0,150000.0,TRANSFERENCIA_NEQUI,5,1,0,0
FACT02298,20260321,CLN02,SRV04,MAS004,VET03,AGENTE_NOVA_CHATBOT,COMPLETADA,9,92,220000,0.0,220000.0,STRIPE_CARD,5,1,0,0
FACT02299,20260321,CLN03,SRV07,MAS032,VET05,PORTAL_WEB,COMPLETADA,26,63,150000,0.0,150000.0,STRIPE_CARD,4,1,0,0
FACT02300,20260321,CLN02,SRV07,MAS030,VET03,AGENTE_NOVA_CHATBOT,COMPLETADA,33,64,150000,0.0,150000.0,STRIPE_CARD,5,1,0,0
FACT02301,20260321,CLN04,SRV04,MAS118,VET07,PORTAL_WEB,COMPLETADA,35,85,220000,0.0,220000.0,STRIPE_CARD,5,1,0,0
FACT02302,20260321,CLN04,SRV03,MAS037,VET07,PORTAL_WEB,COMPLETADA,16,27,25000,0.0,25000.0,EFECTIVO,5,1,0,0
FACT02303,20260321,CLN03,SRV04,MAS093,VET05,AGENTE_NOVA_CHATBOT,NO_ASISTIO,0,0,220000,0.0,0.0,NO_APLICA,,0,1,0
FACT02304,20260322,CLN02,SRV08,MAS067,VET04,RECEPCION_PRESENCIAL,COMPLETADA,6,58,50000,0.0,50000.0,STRIPE_CARD,5,1,0,0
FACT02305,20260322,CLN06,SRV07,MAS088,VET09,PORTAL_WEB,NO_ASISTIO,0,0,150000,0.0,0.0,NO_APLICA,,0,1,0
FACT02306,20260322,CLN02,SRV08,MAS116,VET04,OPTIMIZACION_GEO_PLEB,COMPLETADA,18,67,50000,5000.0,45000.0,TRANSFERENCIA_NEQUI,4,1,0,0
FACT02307,20260322,CLN02,SRV08,MAS001,VET03,AGENTE_NOVA_CHATBOT,COMPLETADA,34,56,50000,0.0,50000.0,STRIPE_CARD,4,1,0,0
FACT02308,20260322,CLN06,SRV03,MAS113,VET10,PORTAL_WEB,CANCELADA,0,0,25000,0.0,0.0,NO_APLICA,,0,0,1
FACT02309,20260322,CLN01,SRV06,MAS133,VET02,PORTAL_WEB,NO_ASISTIO,0,0,120000,0.0,0.0,NO_APLICA,,0,1,0
FACT02310,20260322,CLN01,SRV03,MAS124,VET01,PORTAL_WEB,NO_ASISTIO,0,0,25000,0.0,0.0,NO_APLICA,,0,1,0
FACT02311,20260322,CLN06,SRV02,MAS080,VET09,AGENTE_NOVA_CHATBOT,COMPLETADA,19,21,35000,0.0,35000.0,STRIPE_CARD,5,1,0,0
FACT02312,20260323,CLN03,SRV02,MAS056,VET05,OPTIMIZACION_GEO_PLEB,COMPLETADA,30,35,35000,3500.0,31500.0,TRANSFERENCIA_NEQUI,4,1,0,0
FACT02313,20260323,CLN02,SRV04,MAS032,VET03,RECEPCION_PRESENCIAL,COMPLETADA,24,96,220000,0.0,220000.0,STRIPE_CARD,5,1,0,0
FACT02314,20260323,CLN05,SRV03,MAS007,VET08,PORTAL_WEB,CANCELADA,0,0,25000,0.0,0.0,NO_APLICA,,0,0,1
FACT02315,20260323,CLN05,SRV04,MAS089,VET08,AGENTE_NOVA_CHATBOT,COMPLETADA,35,104,220000,0.0,220000.0,STRIPE_CARD,5,1,0,0
FACT02316,20260323,CLN02,SRV03,MAS039,VET03,RECEPCION_PRESENCIAL,NO_ASISTIO,0,0,25000,0.0,0.0,NO_APLICA,,0,1,0
FACT02317,20260323,CLN02,SRV03,MAS001,VET03,AGENTE_NOVA_CHATBOT,COMPLETADA,32,25,25000,0.0,25000.0,STRIPE_CARD,4,1,0,0
FACT02318,20260323,CLN03,SRV03,MAS059,VET05,RECEPCION_PRESENCIAL,COMPLETADA,7,26,25000,0.0,25000.0,STRIPE_CARD,5,1,0,0
FACT02319,20260324,CLN04,SRV01,MAS142,VET06,PORTAL_WEB,COMPLETADA,21,30,45000,0.0,45000.0,TRANSFERENCIA_NEQUI,5,1,0,0
FACT02320,20260324,CLN01,SRV04,MAS098,VET01,PORTAL_WEB,COMPLETADA,5,100,220000,0.0,220000.0,TRANSFERENCIA_NEQUI,5,1,0,0
FACT02321,20260324,CLN01,SRV04,MAS143,VET02,OPTIMIZACION_GEO_PLEB,NO_ASISTIO,0,0,220000,22000.0,0.0,NO_APLICA,,0,1,0
FACT02322,20260324,CLN06,SRV02,MAS127,VET09,RECEPCION_PRESENCIAL,NO_ASISTIO,0,0,35000,0.0,0.0,NO_APLICA,,0,1,0
FACT02323,20260324,CLN06,SRV05,MAS104,VET10,PORTAL_WEB,COMPLETADA,15,34,85000,0.0,85000.0,STRIPE_CARD,4,1,0,0
FACT02324,20260324,CLN02,SRV04,MAS040,VET03,PORTAL_WEB,COMPLETADA,34,101,220000,0.0,220000.0,STRIPE_CARD,5,1,0,0
FACT02325,20260325,CLN05,SRV05,MAS040,VET08,OPTIMIZACION_GEO_PLEB,COMPLETADA,26,38,85000,8500.0,76500.0,STRIPE_CARD,5,1,0,0
FACT02326,20260325,CLN02,SRV07,MAS015,VET04,PORTAL_WEB,COMPLETADA,31,74,150000,0.0,150000.0,EFECTIVO,1,1,0,0
FACT02327,20260325,CLN02,SRV01,MAS100,VET04,RECEPCION_PRESENCIAL,COMPLETADA,32,32,45000,0.0,45000.0,STRIPE_CARD,5,1,0,0
FACT02328,20260325,CLN05,SRV05,MAS102,VET08,RECEPCION_PRESENCIAL,NO_ASISTIO,0,0,85000,0.0,0.0,NO_APLICA,,0,1,0
FACT02329,20260325,CLN03,SRV04,MAS002,VET05,AGENTE_NOVA_CHATBOT,COMPLETADA,12,102,220000,0.0,220000.0,STRIPE_CARD,2,1,0,0
FACT02330,20260325,CLN06,SRV03,MAS004,VET10,PORTAL_WEB,NO_ASISTIO,0,0,25000,0.0,0.0,NO_APLICA,,0,1,0
FACT02331,20260325,CLN02,SRV03,MAS103,VET04,PORTAL_WEB,NO_ASISTIO,0,0,25000,0.0,0.0,NO_APLICA,,0,1,0
FACT02332,20260325,CLN05,SRV07,MAS059,VET08,RECEPCION_PRESENCIAL,CANCELADA,0,0,150000,0.0,0.0,NO_APLICA,,0,0,1
FACT02333,20260325,CLN06,SRV07,MAS017,VET10,AGENTE_NOVA_CHATBOT,COMPLETADA,30,70,150000,0.0,150000.0,EFECTIVO,5,1,0,0
FACT02334,20260326,CLN05,SRV03,MAS018,VET08,PORTAL_WEB,COMPLETADA,18,18,25000,0.0,25000.0,EFECTIVO,5,1,0,0
FACT02335,20260326,CLN03,SRV05,MAS005,VET05,PORTAL_WEB,CANCELADA,0,0,85000,0.0,0.0,NO_APLICA,,0,0,1
FACT02336,20260326,CLN05,SRV04,MAS083,VET08,OPTIMIZACION_GEO_PLEB,COMPLETADA,20,96,220000,22000.0,198000.0,STRIPE_CARD,3,1,0,0
FACT02337,20260326,CLN04,SRV03,MAS005,VET06,PORTAL_WEB,COMPLETADA,18,15,25000,0.0,25000.0,STRIPE_CARD,4,1,0,0
FACT02338,20260326,CLN05,SRV02,MAS035,VET08,PORTAL_WEB,NO_ASISTIO,0,0,35000,0.0,0.0,NO_APLICA,,0,1,0
FACT02339,20260327,CLN03,SRV04,MAS147,VET05,RECEPCION_PRESENCIAL,COMPLETADA,33,104,220000,0.0,220000.0,TRANSFERENCIA_NEQUI,5,1,0,0
FACT02340,20260327,CLN04,SRV08,MAS056,VET06,PORTAL_WEB,COMPLETADA,18,70,50000,0.0,50000.0,STRIPE_CARD,3,1,0,0
FACT02341,20260327,CLN01,SRV03,MAS113,VET01,RECEPCION_PRESENCIAL,NO_ASISTIO,0,0,25000,0.0,0.0,NO_APLICA,,0,1,0
FACT02342,20260327,CLN06,SRV08,MAS087,VET09,OPTIMIZACION_GEO_PLEB,NO_ASISTIO,0,0,50000,5000.0,0.0,NO_APLICA,,0,1,0
FACT02343,20260328,CLN05,SRV07,MAS091,VET08,PORTAL_WEB,COMPLETADA,35,75,150000,0.0,150000.0,EFECTIVO,4,1,0,0
FACT02344,20260328,CLN02,SRV02,MAS098,VET03,AGENTE_NOVA_CHATBOT,COMPLETADA,11,15,35000,0.0,35000.0,EFECTIVO,2,1,0,0
FACT02345,20260328,CLN02,SRV02,MAS038,VET03,PORTAL_WEB,COMPLETADA,8,33,35000,0.0,35000.0,STRIPE_CARD,5,1,0,0
FACT02346,20260328,CLN03,SRV07,MAS070,VET05,OPTIMIZACION_GEO_PLEB,COMPLETADA,25,69,150000,15000.0,135000.0,EFECTIVO,4,1,0,0
FACT02347,20260328,CLN04,SRV01,MAS001,VET06,RECEPCION_PRESENCIAL,COMPLETADA,35,42,45000,0.0,45000.0,EFECTIVO,5,1,0,0
FACT02348,20260328,CLN03,SRV08,MAS103,VET05,OPTIMIZACION_GEO_PLEB,COMPLETADA,19,73,50000,5000.0,45000.0,EFECTIVO,5,1,0,0
FACT02349,20260328,CLN01,SRV04,MAS099,VET02,RECEPCION_PRESENCIAL,COMPLETADA,27,86,220000,0.0,220000.0,EFECTIVO,5,1,0,0
FACT02350,20260329,CLN01,SRV04,MAS091,VET02,PORTAL_WEB,COMPLETADA,20,91,220000,0.0,220000.0,TRANSFERENCIA_NEQUI,5,1,0,0
FACT02351,20260329,CLN03,SRV03,MAS119,VET05,PORTAL_WEB,COMPLETADA,8,30,25000,0.0,25000.0,EFECTIVO,4,1,0,0
FACT02352,20260329,CLN02,SRV04,MAS083,VET04,PORTAL_WEB,COMPLETADA,27,96,220000,0.0,220000.0,STRIPE_CARD,4,1,0,0
FACT02353,20260330,CLN03,SRV02,MAS042,VET05,PORTAL_WEB,CANCELADA,0,0,35000,0.0,0.0,NO_APLICA,,0,0,1
FACT02354,20260330,CLN04,SRV04,MAS110,VET07,PORTAL_WEB,COMPLETADA,7,95,220000,0.0,220000.0,EFECTIVO,4,1,0,0
FACT02355,20260330,CLN05,SRV06,MAS073,VET08,RECEPCION_PRESENCIAL,COMPLETADA,12,44,120000,0.0,120000.0,EFECTIVO,1,1,0,0
FACT02356,20260330,CLN03,SRV05,MAS066,VET05,AGENTE_NOVA_CHATBOT,COMPLETADA,24,23,85000,0.0,85000.0,STRIPE_CARD,5,1,0,0
FACT02357,20260331,CLN05,SRV05,MAS071,VET08,RECEPCION_PRESENCIAL,CANCELADA,0,0,85000,0.0,0.0,NO_APLICA,,0,0,1
FACT02358,20260331,CLN03,SRV05,MAS105,VET05,PORTAL_WEB,COMPLETADA,21,37,85000,0.0,85000.0,STRIPE_CARD,5,1,0,0
FACT02359,20260331,CLN01,SRV07,MAS033,VET02,RECEPCION_PRESENCIAL,CANCELADA,0,0,150000,0.0,0.0,NO_APLICA,,0,0,1
FACT02360,20260331,CLN06,SRV05,MAS026,VET09,PORTAL_WEB,COMPLETADA,8,20,85000,0.0,85000.0,TRANSFERENCIA_NEQUI,1,1,0,0
FACT02361,20260331,CLN02,SRV03,MAS030,VET03,PORTAL_WEB,COMPLETADA,20,20,25000,0.0,25000.0,EFECTIVO,5,1,0,0
FACT02362,20260331,CLN02,SRV07,MAS095,VET04,RECEPCION_PRESENCIAL,COMPLETADA,30,73,150000,0.0,150000.0,STRIPE_CARD,5,1,0,0
FACT02363,20260331,CLN01,SRV01,MAS011,VET01,AGENTE_NOVA_CHATBOT,COMPLETADA,23,38,45000,0.0,45000.0,TRANSFERENCIA_NEQUI,3,1,0,0
FACT02364,20260331,CLN01,SRV04,MAS146,VET01,PORTAL_WEB,COMPLETADA,9,96,220000,0.0,220000.0,STRIPE_CARD,5,1,0,0
FACT02365,20260331,CLN02,SRV06,MAS101,VET04,OPTIMIZACION_GEO_PLEB,COMPLETADA,27,54,120000,12000.0,108000.0,EFECTIVO,5,1,0,0
FACT02366,20260401,CLN03,SRV01,MAS143,VET05,PORTAL_WEB,COMPLETADA,34,43,45000,0.0,45000.0,STRIPE_CARD,4,1,0,0
FACT02367,20260401,CLN03,SRV05,MAS049,VET05,AGENTE_NOVA_CHATBOT,COMPLETADA,17,32,85000,0.0,85000.0,STRIPE_CARD,5,1,0,0
FACT02368,20260401,CLN02,SRV01,MAS053,VET04,PORTAL_WEB,COMPLETADA,11,38,45000,0.0,45000.0,STRIPE_CARD,5,1,0,0
FACT02369,20260401,CLN01,SRV04,MAS080,VET01,AGENTE_NOVA_CHATBOT,COMPLETADA,10,93,220000,0.0,220000.0,STRIPE_CARD,5,1,0,0
FACT02370,20260401,CLN01,SRV04,MAS116,VET02,OPTIMIZACION_GEO_PLEB,NO_ASISTIO,0,0,220000,22000.0,0.0,NO_APLICA,,0,1,0
FACT02371,20260401,CLN04,SRV01,MAS009,VET07,AGENTE_NOVA_CHATBOT,CANCELADA,0,0,45000,0.0,0.0,NO_APLICA,,0,0,1
FACT02372,20260401,CLN06,SRV05,MAS098,VET09,PORTAL_WEB,CANCELADA,0,0,85000,0.0,0.0,NO_APLICA,,0,0,1
FACT02373,20260402,CLN06,SRV08,MAS113,VET09,PORTAL_WEB,COMPLETADA,19,63,50000,0.0,50000.0,STRIPE_CARD,5,1,0,0
FACT02374,20260402,CLN03,SRV06,MAS015,VET05,PORTAL_WEB,COMPLETADA,22,46,120000,0.0,120000.0,STRIPE_CARD,2,1,0,0
FACT02375,20260402,CLN02,SRV07,MAS101,VET04,PORTAL_WEB,COMPLETADA,19,65,150000,0.0,150000.0,STRIPE_CARD,4,1,0,0
FACT02376,20260402,CLN02,SRV03,MAS134,VET03,OPTIMIZACION_GEO_PLEB,COMPLETADA,30,17,25000,2500.0,22500.0,STRIPE_CARD,5,1,0,0
FACT02377,20260403,CLN03,SRV02,MAS056,VET05,PORTAL_WEB,COMPLETADA,12,15,35000,0.0,35000.0,EFECTIVO,5,1,0,0
FACT02378,20260403,CLN04,SRV08,MAS018,VET07,PORTAL_WEB,NO_ASISTIO,0,0,50000,0.0,0.0,NO_APLICA,,0,1,0
FACT02379,20260403,CLN06,SRV08,MAS094,VET10,RECEPCION_PRESENCIAL,COMPLETADA,32,68,50000,0.0,50000.0,TRANSFERENCIA_NEQUI,5,1,0,0
FACT02380,20260403,CLN05,SRV06,MAS064,VET08,PORTAL_WEB,NO_ASISTIO,0,0,120000,0.0,0.0,NO_APLICA,,0,1,0
FACT02381,20260404,CLN03,SRV04,MAS015,VET05,PORTAL_WEB,COMPLETADA,34,92,220000,0.0,220000.0,EFECTIVO,4,1,0,0
FACT02382,20260404,CLN04,SRV04,MAS008,VET06,AGENTE_NOVA_CHATBOT,COMPLETADA,27,89,220000,0.0,220000.0,EFECTIVO,5,1,0,0
FACT02383,20260404,CLN04,SRV01,MAS024,VET06,PORTAL_WEB,COMPLETADA,35,30,45000,0.0,45000.0,STRIPE_CARD,4,1,0,0
FACT02384,20260404,CLN03,SRV06,MAS015,VET05,RECEPCION_PRESENCIAL,COMPLETADA,34,43,120000,0.0,120000.0,TRANSFERENCIA_NEQUI,4,1,0,0
FACT02385,20260405,CLN01,SRV08,MAS083,VET02,RECEPCION_PRESENCIAL,COMPLETADA,8,74,50000,0.0,50000.0,STRIPE_CARD,4,1,0,0
FACT02386,20260405,CLN03,SRV07,MAS093,VET05,OPTIMIZACION_GEO_PLEB,NO_ASISTIO,0,0,150000,15000.0,0.0,NO_APLICA,,0,1,0
FACT02387,20260405,CLN02,SRV03,MAS121,VET04,PORTAL_WEB,NO_ASISTIO,0,0,25000,0.0,0.0,NO_APLICA,,0,1,0
FACT02388,20260405,CLN03,SRV03,MAS040,VET05,OPTIMIZACION_GEO_PLEB,COMPLETADA,6,28,25000,2500.0,22500.0,EFECTIVO,4,1,0,0
FACT02389,20260405,CLN04,SRV05,MAS066,VET07,PORTAL_WEB,CANCELADA,0,0,85000,0.0,0.0,NO_APLICA,,0,0,1
FACT02390,20260405,CLN02,SRV04,MAS049,VET04,OPTIMIZACION_GEO_PLEB,COMPLETADA,29,87,220000,22000.0,198000.0,STRIPE_CARD,4,1,0,0
FACT02391,20260405,CLN02,SRV02,MAS013,VET03,OPTIMIZACION_GEO_PLEB,COMPLETADA,19,31,35000,3500.0,31500.0,EFECTIVO,5,1,0,0
FACT02392,20260405,CLN06,SRV01,MAS019,VET10,PORTAL_WEB,COMPLETADA,32,40,45000,0.0,45000.0,STRIPE_CARD,5,1,0,0
FACT02393,20260406,CLN06,SRV03,MAS091,VET09,OPTIMIZACION_GEO_PLEB,COMPLETADA,24,29,25000,2500.0,22500.0,EFECTIVO,5,1,0,0
FACT02394,20260406,CLN02,SRV02,MAS127,VET04,PORTAL_WEB,COMPLETADA,10,19,35000,0.0,35000.0,TRANSFERENCIA_NEQUI,3,1,0,0
FACT02395,20260406,CLN06,SRV04,MAS057,VET10,RECEPCION_PRESENCIAL,CANCELADA,0,0,220000,0.0,0.0,NO_APLICA,,0,0,1
FACT02396,20260406,CLN02,SRV01,MAS093,VET03,PORTAL_WEB,COMPLETADA,9,28,45000,0.0,45000.0,TRANSFERENCIA_NEQUI,5,1,0,0
FACT02397,20260406,CLN06,SRV05,MAS098,VET10,PORTAL_WEB,COMPLETADA,28,20,85000,0.0,85000.0,STRIPE_CARD,4,1,0,0
FACT02398,20260406,CLN02,SRV05,MAS078,VET04,PORTAL_WEB,COMPLETADA,14,36,85000,0.0,85000.0,TRANSFERENCIA_NEQUI,3,1,0,0
FACT02399,20260406,CLN05,SRV01,MAS070,VET08,PORTAL_WEB,COMPLETADA,30,30,45000,0.0,45000.0,EFECTIVO,5,1,0,0
FACT02400,20260406,CLN05,SRV06,MAS019,VET08,AGENTE_NOVA_CHATBOT,CANCELADA,0,0,120000,0.0,0.0,NO_APLICA,,0,0,1
FACT02401,20260406,CLN02,SRV08,MAS066,VET04,PORTAL_WEB,CANCELADA,0,0,50000,0.0,0.0,NO_APLICA,,0,0,1
FACT02402,20260407,CLN04,SRV03,MAS082,VET06,PORTAL_WEB,COMPLETADA,13,15,25000,0.0,25000.0,TRANSFERENCIA_NEQUI,5,1,0,0
FACT02403,20260407,CLN04,SRV03,MAS041,VET07,OPTIMIZACION_GEO_PLEB,COMPLETADA,9,10,25000,2500.0,22500.0,TRANSFERENCIA_NEQUI,5,1,0,0
FACT02404,20260407,CLN03,SRV03,MAS035,VET05,AGENTE_NOVA_CHATBOT,COMPLETADA,23,15,25000,0.0,25000.0,EFECTIVO,5,1,0,0
FACT02405,20260407,CLN01,SRV06,MAS106,VET01,PORTAL_WEB,COMPLETADA,9,53,120000,0.0,120000.0,TRANSFERENCIA_NEQUI,5,1,0,0
FACT02406,20260407,CLN02,SRV04,MAS119,VET04,PORTAL_WEB,NO_ASISTIO,0,0,220000,0.0,0.0,NO_APLICA,,0,1,0
FACT02407,20260407,CLN06,SRV03,MAS076,VET10,PORTAL_WEB,NO_ASISTIO,0,0,25000,0.0,0.0,NO_APLICA,,0,1,0
FACT02408,20260408,CLN04,SRV02,MAS086,VET07,AGENTE_NOVA_CHATBOT,NO_ASISTIO,0,0,35000,0.0,0.0,NO_APLICA,,0,1,0
FACT02409,20260408,CLN05,SRV06,MAS025,VET08,PORTAL_WEB,COMPLETADA,28,38,120000,0.0,120000.0,STRIPE_CARD,5,1,0,0
FACT02410,20260408,CLN01,SRV04,MAS041,VET02,PORTAL_WEB,COMPLETADA,10,89,220000,0.0,220000.0,STRIPE_CARD,5,1,0,0
FACT02411,20260409,CLN01,SRV05,MAS131,VET02,PORTAL_WEB,NO_ASISTIO,0,0,85000,0.0,0.0,NO_APLICA,,0,1,0
FACT02412,20260409,CLN06,SRV03,MAS112,VET10,RECEPCION_PRESENCIAL,CANCELADA,0,0,25000,0.0,0.0,NO_APLICA,,0,0,1
FACT02413,20260409,CLN05,SRV07,MAS077,VET08,PORTAL_WEB,COMPLETADA,29,73,150000,0.0,150000.0,EFECTIVO,5,1,0,0
FACT02414,20260409,CLN03,SRV07,MAS080,VET05,PORTAL_WEB,COMPLETADA,31,55,150000,0.0,150000.0,TRANSFERENCIA_NEQUI,5,1,0,0
FACT02415,20260409,CLN02,SRV08,MAS135,VET04,PORTAL_WEB,COMPLETADA,31,65,50000,0.0,50000.0,TRANSFERENCIA_NEQUI,4,1,0,0
FACT02416,20260409,CLN06,SRV05,MAS103,VET10,AGENTE_NOVA_CHATBOT,NO_ASISTIO,0,0,85000,0.0,0.0,NO_APLICA,,0,1,0
FACT02417,20260409,CLN06,SRV07,MAS034,VET09,AGENTE_NOVA_CHATBOT,COMPLETADA,26,60,150000,0.0,150000.0,STRIPE_CARD,5,1,0,0
FACT02418,20260409,CLN06,SRV03,MAS046,VET10,PORTAL_WEB,COMPLETADA,10,10,25000,0.0,25000.0,STRIPE_CARD,5,1,0,0
FACT02419,20260409,CLN01,SRV03,MAS065,VET02,PORTAL_WEB,CANCELADA,0,0,25000,0.0,0.0,NO_APLICA,,0,0,1
FACT02420,20260410,CLN01,SRV08,MAS131,VET02,PORTAL_WEB,CANCELADA,0,0,50000,0.0,0.0,NO_APLICA,,0,0,1
FACT02421,20260410,CLN01,SRV08,MAS040,VET02,OPTIMIZACION_GEO_PLEB,COMPLETADA,24,74,50000,5000.0,45000.0,EFECTIVO,1,1,0,0
FACT02422,20260410,CLN05,SRV03,MAS132,VET08,PORTAL_WEB,NO_ASISTIO,0,0,25000,0.0,0.0,NO_APLICA,,0,1,0
FACT02423,20260410,CLN01,SRV01,MAS057,VET01,RECEPCION_PRESENCIAL,COMPLETADA,18,25,45000,0.0,45000.0,STRIPE_CARD,4,1,0,0
FACT02424,20260410,CLN06,SRV01,MAS002,VET09,PORTAL_WEB,COMPLETADA,28,30,45000,0.0,45000.0,STRIPE_CARD,4,1,0,0
FACT02425,20260410,CLN05,SRV04,MAS025,VET08,AGENTE_NOVA_CHATBOT,COMPLETADA,25,86,220000,0.0,220000.0,STRIPE_CARD,5,1,0,0
FACT02426,20260410,CLN03,SRV04,MAS141,VET05,PORTAL_WEB,NO_ASISTIO,0,0,220000,0.0,0.0,NO_APLICA,,0,1,0
FACT02427,20260410,CLN03,SRV07,MAS044,VET05,OPTIMIZACION_GEO_PLEB,NO_ASISTIO,0,0,150000,15000.0,0.0,NO_APLICA,,0,1,0
FACT02428,20260410,CLN05,SRV01,MAS116,VET08,OPTIMIZACION_GEO_PLEB,COMPLETADA,27,38,45000,4500.0,40500.0,TRANSFERENCIA_NEQUI,5,1,0,0
FACT02429,20260411,CLN04,SRV04,MAS046,VET06,PORTAL_WEB,CANCELADA,0,0,220000,0.0,0.0,NO_APLICA,,0,0,1
FACT02430,20260411,CLN05,SRV04,MAS055,VET08,RECEPCION_PRESENCIAL,COMPLETADA,33,87,220000,0.0,220000.0,STRIPE_CARD,4,1,0,0
FACT02431,20260411,CLN06,SRV03,MAS102,VET10,PORTAL_WEB,COMPLETADA,12,23,25000,0.0,25000.0,STRIPE_CARD,4,1,0,0
FACT02432,20260411,CLN01,SRV04,MAS040,VET01,OPTIMIZACION_GEO_PLEB,NO_ASISTIO,0,0,220000,22000.0,0.0,NO_APLICA,,0,1,0
FACT02433,20260411,CLN02,SRV04,MAS040,VET03,OPTIMIZACION_GEO_PLEB,COMPLETADA,32,101,220000,22000.0,198000.0,STRIPE_CARD,4,1,0,0
FACT02434,20260411,CLN03,SRV08,MAS017,VET05,RECEPCION_PRESENCIAL,CANCELADA,0,0,50000,0.0,0.0,NO_APLICA,,0,0,1
FACT02435,20260411,CLN03,SRV07,MAS124,VET05,RECEPCION_PRESENCIAL,COMPLETADA,8,75,150000,0.0,150000.0,EFECTIVO,5,1,0,0
FACT02436,20260411,CLN05,SRV01,MAS138,VET08,PORTAL_WEB,CANCELADA,0,0,45000,0.0,0.0,NO_APLICA,,0,0,1
FACT02437,20260411,CLN06,SRV04,MAS020,VET10,PORTAL_WEB,CANCELADA,0,0,220000,0.0,0.0,NO_APLICA,,0,0,1
FACT02438,20260412,CLN05,SRV07,MAS030,VET08,OPTIMIZACION_GEO_PLEB,COMPLETADA,27,58,150000,15000.0,135000.0,TRANSFERENCIA_NEQUI,5,1,0,0
FACT02439,20260412,CLN05,SRV05,MAS090,VET08,RECEPCION_PRESENCIAL,NO_ASISTIO,0,0,85000,0.0,0.0,NO_APLICA,,0,1,0
FACT02440,20260412,CLN02,SRV03,MAS101,VET03,AGENTE_NOVA_CHATBOT,COMPLETADA,27,22,25000,0.0,25000.0,STRIPE_CARD,4,1,0,0
FACT02441,20260412,CLN05,SRV02,MAS036,VET08,RECEPCION_PRESENCIAL,COMPLETADA,11,24,35000,0.0,35000.0,STRIPE_CARD,4,1,0,0
FACT02442,20260412,CLN03,SRV04,MAS070,VET05,RECEPCION_PRESENCIAL,NO_ASISTIO,0,0,220000,0.0,0.0,NO_APLICA,,0,1,0
FACT02443,20260412,CLN06,SRV08,MAS077,VET09,OPTIMIZACION_GEO_PLEB,COMPLETADA,32,74,50000,5000.0,45000.0,EFECTIVO,5,1,0,0
FACT02444,20260413,CLN04,SRV07,MAS109,VET06,AGENTE_NOVA_CHATBOT,CANCELADA,0,0,150000,0.0,0.0,NO_APLICA,,0,0,1
FACT02445,20260413,CLN01,SRV07,MAS125,VET02,OPTIMIZACION_GEO_PLEB,COMPLETADA,5,72,150000,15000.0,135000.0,TRANSFERENCIA_NEQUI,4,1,0,0
FACT02446,20260413,CLN03,SRV05,MAS144,VET05,OPTIMIZACION_GEO_PLEB,COMPLETADA,32,38,85000,8500.0,76500.0,EFECTIVO,5,1,0,0
FACT02447,20260413,CLN01,SRV05,MAS029,VET01,RECEPCION_PRESENCIAL,COMPLETADA,12,29,85000,0.0,85000.0,EFECTIVO,3,1,0,0
FACT02448,20260413,CLN02,SRV02,MAS098,VET04,OPTIMIZACION_GEO_PLEB,COMPLETADA,22,15,35000,3500.0,31500.0,EFECTIVO,5,1,0,0
FACT02449,20260413,CLN01,SRV07,MAS003,VET01,PORTAL_WEB,COMPLETADA,8,56,150000,0.0,150000.0,STRIPE_CARD,5,1,0,0
FACT02450,20260413,CLN04,SRV07,MAS103,VET06,OPTIMIZACION_GEO_PLEB,COMPLETADA,24,56,150000,15000.0,135000.0,STRIPE_CARD,5,1,0,0
FACT02451,20260413,CLN03,SRV06,MAS134,VET05,PORTAL_WEB,COMPLETADA,5,52,120000,0.0,120000.0,STRIPE_CARD,3,1,0,0
FACT02452,20260414,CLN06,SRV06,MAS124,VET09,OPTIMIZACION_GEO_PLEB,COMPLETADA,22,42,120000,12000.0,108000.0,TRANSFERENCIA_NEQUI,4,1,0,0
FACT02453,20260414,CLN03,SRV06,MAS107,VET05,PORTAL_WEB,COMPLETADA,9,49,120000,0.0,120000.0,STRIPE_CARD,4,1,0,0
FACT02454,20260414,CLN01,SRV04,MAS012,VET01,AGENTE_NOVA_CHATBOT,NO_ASISTIO,0,0,220000,0.0,0.0,NO_APLICA,,0,1,0
FACT02455,20260414,CLN06,SRV07,MAS027,VET10,OPTIMIZACION_GEO_PLEB,CANCELADA,0,0,150000,15000.0,0.0,NO_APLICA,,0,0,1
FACT02456,20260414,CLN03,SRV01,MAS092,VET05,AGENTE_NOVA_CHATBOT,COMPLETADA,8,42,45000,0.0,45000.0,STRIPE_CARD,5,1,0,0
FACT02457,20260414,CLN04,SRV07,MAS115,VET07,PORTAL_WEB,CANCELADA,0,0,150000,0.0,0.0,NO_APLICA,,0,0,1
FACT02458,20260414,CLN05,SRV01,MAS031,VET08,RECEPCION_PRESENCIAL,CANCELADA,0,0,45000,0.0,0.0,NO_APLICA,,0,0,1
FACT02459,20260414,CLN02,SRV01,MAS008,VET04,PORTAL_WEB,COMPLETADA,18,36,45000,0.0,45000.0,STRIPE_CARD,3,1,0,0
FACT02460,20260414,CLN01,SRV05,MAS076,VET01,AGENTE_NOVA_CHATBOT,COMPLETADA,9,39,85000,0.0,85000.0,STRIPE_CARD,4,1,0,0
FACT02461,20260415,CLN04,SRV06,MAS109,VET07,RECEPCION_PRESENCIAL,CANCELADA,0,0,120000,0.0,0.0,NO_APLICA,,0,0,1
FACT02462,20260415,CLN03,SRV05,MAS010,VET05,PORTAL_WEB,COMPLETADA,30,24,85000,0.0,85000.0,EFECTIVO,5,1,0,0
FACT02463,20260415,CLN05,SRV08,MAS036,VET08,RECEPCION_PRESENCIAL,COMPLETADA,29,60,50000,0.0,50000.0,STRIPE_CARD,5,1,0,0
FACT02464,20260415,CLN01,SRV06,MAS061,VET01,AGENTE_NOVA_CHATBOT,COMPLETADA,19,35,120000,0.0,120000.0,EFECTIVO,5,1,0,0
FACT02465,20260415,CLN04,SRV05,MAS139,VET07,AGENTE_NOVA_CHATBOT,COMPLETADA,16,39,85000,0.0,85000.0,TRANSFERENCIA_NEQUI,5,1,0,0
FACT02466,20260415,CLN03,SRV02,MAS060,VET05,PORTAL_WEB,CANCELADA,0,0,35000,0.0,0.0,NO_APLICA,,0,0,1
FACT02467,20260416,CLN01,SRV02,MAS036,VET02,AGENTE_NOVA_CHATBOT,COMPLETADA,28,26,35000,0.0,35000.0,STRIPE_CARD,5,1,0,0
FACT02468,20260416,CLN06,SRV01,MAS064,VET09,PORTAL_WEB,COMPLETADA,26,30,45000,0.0,45000.0,STRIPE_CARD,2,1,0,0
FACT02469,20260416,CLN06,SRV04,MAS037,VET10,RECEPCION_PRESENCIAL,NO_ASISTIO,0,0,220000,0.0,0.0,NO_APLICA,,0,1,0
FACT02470,20260416,CLN04,SRV07,MAS070,VET06,OPTIMIZACION_GEO_PLEB,CANCELADA,0,0,150000,15000.0,0.0,NO_APLICA,,0,0,1
FACT02471,20260416,CLN06,SRV06,MAS143,VET09,AGENTE_NOVA_CHATBOT,COMPLETADA,22,45,120000,0.0,120000.0,EFECTIVO,5,1,0,0
FACT02472,20260417,CLN06,SRV03,MAS081,VET10,RECEPCION_PRESENCIAL,COMPLETADA,8,26,25000,0.0,25000.0,EFECTIVO,5,1,0,0
FACT02473,20260417,CLN05,SRV08,MAS018,VET08,AGENTE_NOVA_CHATBOT,COMPLETADA,34,56,50000,0.0,50000.0,STRIPE_CARD,4,1,0,0
FACT02474,20260417,CLN03,SRV02,MAS067,VET05,RECEPCION_PRESENCIAL,COMPLETADA,14,23,35000,0.0,35000.0,EFECTIVO,5,1,0,0
FACT02475,20260417,CLN06,SRV06,MAS037,VET09,RECEPCION_PRESENCIAL,COMPLETADA,32,51,120000,0.0,120000.0,EFECTIVO,4,1,0,0
FACT02476,20260418,CLN04,SRV06,MAS149,VET06,OPTIMIZACION_GEO_PLEB,COMPLETADA,19,41,120000,12000.0,108000.0,STRIPE_CARD,5,1,0,0
FACT02477,20260418,CLN01,SRV04,MAS126,VET02,OPTIMIZACION_GEO_PLEB,CANCELADA,0,0,220000,22000.0,0.0,NO_APLICA,,0,0,1
FACT02478,20260418,CLN01,SRV04,MAS032,VET01,PORTAL_WEB,CANCELADA,0,0,220000,0.0,0.0,NO_APLICA,,0,0,1
FACT02479,20260419,CLN01,SRV04,MAS062,VET01,OPTIMIZACION_GEO_PLEB,NO_ASISTIO,0,0,220000,22000.0,0.0,NO_APLICA,,0,1,0
FACT02480,20260419,CLN05,SRV07,MAS010,VET08,RECEPCION_PRESENCIAL,CANCELADA,0,0,150000,0.0,0.0,NO_APLICA,,0,0,1
FACT02481,20260419,CLN05,SRV02,MAS091,VET08,RECEPCION_PRESENCIAL,COMPLETADA,22,30,35000,0.0,35000.0,EFECTIVO,5,1,0,0
FACT02482,20260419,CLN05,SRV03,MAS081,VET08,PORTAL_WEB,NO_ASISTIO,0,0,25000,0.0,0.0,NO_APLICA,,0,1,0
FACT02483,20260419,CLN03,SRV02,MAS114,VET05,AGENTE_NOVA_CHATBOT,NO_ASISTIO,0,0,35000,0.0,0.0,NO_APLICA,,0,1,0
FACT02484,20260419,CLN04,SRV04,MAS084,VET07,PORTAL_WEB,NO_ASISTIO,0,0,220000,0.0,0.0,NO_APLICA,,0,1,0
FACT02485,20260420,CLN05,SRV02,MAS132,VET08,PORTAL_WEB,CANCELADA,0,0,35000,0.0,0.0,NO_APLICA,,0,0,1
FACT02486,20260420,CLN03,SRV08,MAS049,VET05,AGENTE_NOVA_CHATBOT,COMPLETADA,32,67,50000,0.0,50000.0,TRANSFERENCIA_NEQUI,5,1,0,0
FACT02487,20260420,CLN04,SRV03,MAS102,VET07,PORTAL_WEB,CANCELADA,0,0,25000,0.0,0.0,NO_APLICA,,0,0,1
FACT02488,20260420,CLN03,SRV04,MAS102,VET05,OPTIMIZACION_GEO_PLEB,COMPLETADA,24,103,220000,22000.0,198000.0,TRANSFERENCIA_NEQUI,5,1,0,0
FACT02489,20260420,CLN06,SRV05,MAS088,VET10,OPTIMIZACION_GEO_PLEB,COMPLETADA,23,38,85000,8500.0,76500.0,STRIPE_CARD,4,1,0,0
FACT02490,20260420,CLN06,SRV02,MAS013,VET09,OPTIMIZACION_GEO_PLEB,CANCELADA,0,0,35000,3500.0,0.0,NO_APLICA,,0,0,1
FACT02491,20260421,CLN03,SRV04,MAS148,VET05,OPTIMIZACION_GEO_PLEB,COMPLETADA,33,92,220000,22000.0,198000.0,EFECTIVO,3,1,0,0
FACT02492,20260421,CLN02,SRV02,MAS139,VET03,RECEPCION_PRESENCIAL,CANCELADA,0,0,35000,0.0,0.0,NO_APLICA,,0,0,1
FACT02493,20260421,CLN06,SRV05,MAS044,VET10,AGENTE_NOVA_CHATBOT,NO_ASISTIO,0,0,85000,0.0,0.0,NO_APLICA,,0,1,0
FACT02494,20260421,CLN04,SRV05,MAS118,VET07,AGENTE_NOVA_CHATBOT,CANCELADA,0,0,85000,0.0,0.0,NO_APLICA,,0,0,1
FACT02495,20260421,CLN04,SRV06,MAS126,VET06,OPTIMIZACION_GEO_PLEB,COMPLETADA,16,51,120000,12000.0,108000.0,STRIPE_CARD,5,1,0,0
FACT02496,20260421,CLN05,SRV03,MAS037,VET08,RECEPCION_PRESENCIAL,COMPLETADA,28,28,25000,0.0,25000.0,STRIPE_CARD,5,1,0,0
FACT02497,20260421,CLN02,SRV04,MAS116,VET04,RECEPCION_PRESENCIAL,COMPLETADA,5,95,220000,0.0,220000.0,EFECTIVO,4,1,0,0
FACT02498,20260422,CLN03,SRV05,MAS053,VET05,RECEPCION_PRESENCIAL,COMPLETADA,29,25,85000,0.0,85000.0,TRANSFERENCIA_NEQUI,4,1,0,0
FACT02499,20260422,CLN05,SRV02,MAS047,VET08,PORTAL_WEB,NO_ASISTIO,0,0,35000,0.0,0.0,NO_APLICA,,0,1,0
FACT02500,20260422,CLN06,SRV04,MAS136,VET09,AGENTE_NOVA_CHATBOT,CANCELADA,0,0,220000,0.0,0.0,NO_APLICA,,0,0,1
FACT02501,20260422,CLN04,SRV02,MAS148,VET06,OPTIMIZACION_GEO_PLEB,COMPLETADA,20,32,35000,3500.0,31500.0,EFECTIVO,5,1,0,0
FACT02502,20260422,CLN05,SRV01,MAS147,VET08,PORTAL_WEB,NO_ASISTIO,0,0,45000,0.0,0.0,NO_APLICA,,0,1,0
FACT02503,20260423,CLN01,SRV08,MAS148,VET02,AGENTE_NOVA_CHATBOT,COMPLETADA,15,59,50000,0.0,50000.0,TRANSFERENCIA_NEQUI,4,1,0,0
FACT02504,20260423,CLN04,SRV04,MAS096,VET06,AGENTE_NOVA_CHATBOT,COMPLETADA,28,101,220000,0.0,220000.0,STRIPE_CARD,4,1,0,0
FACT02505,20260423,CLN06,SRV01,MAS082,VET10,PORTAL_WEB,COMPLETADA,26,37,45000,0.0,45000.0,STRIPE_CARD,5,1,0,0
FACT02506,20260423,CLN01,SRV02,MAS003,VET01,OPTIMIZACION_GEO_PLEB,COMPLETADA,9,33,35000,3500.0,31500.0,EFECTIVO,1,1,0,0
FACT02507,20260423,CLN02,SRV06,MAS032,VET04,RECEPCION_PRESENCIAL,COMPLETADA,6,53,120000,0.0,120000.0,EFECTIVO,5,1,0,0
FACT02508,20260423,CLN05,SRV02,MAS011,VET08,AGENTE_NOVA_CHATBOT,COMPLETADA,6,19,35000,0.0,35000.0,TRANSFERENCIA_NEQUI,5,1,0,0
FACT02509,20260423,CLN02,SRV02,MAS088,VET04,OPTIMIZACION_GEO_PLEB,NO_ASISTIO,0,0,35000,3500.0,0.0,NO_APLICA,,0,1,0
FACT02510,20260423,CLN04,SRV07,MAS103,VET06,RECEPCION_PRESENCIAL,COMPLETADA,7,61,150000,0.0,150000.0,TRANSFERENCIA_NEQUI,4,1,0,0
FACT02511,20260423,CLN05,SRV04,MAS091,VET08,OPTIMIZACION_GEO_PLEB,COMPLETADA,6,85,220000,22000.0,198000.0,EFECTIVO,4,1,0,0
FACT02512,20260424,CLN04,SRV06,MAS075,VET06,PORTAL_WEB,COMPLETADA,7,55,120000,0.0,120000.0,TRANSFERENCIA_NEQUI,5,1,0,0
FACT02513,20260424,CLN04,SRV08,MAS146,VET06,AGENTE_NOVA_CHATBOT,COMPLETADA,16,58,50000,0.0,50000.0,EFECTIVO,5,1,0,0
FACT02514,20260424,CLN02,SRV01,MAS035,VET04,PORTAL_WEB,CANCELADA,0,0,45000,0.0,0.0,NO_APLICA,,0,0,1
FACT02515,20260424,CLN04,SRV03,MAS117,VET07,PORTAL_WEB,COMPLETADA,22,29,25000,0.0,25000.0,TRANSFERENCIA_NEQUI,5,1,0,0
FACT02516,20260424,CLN04,SRV06,MAS064,VET06,PORTAL_WEB,COMPLETADA,21,37,120000,0.0,120000.0,EFECTIVO,5,1,0,0
FACT02517,20260424,CLN03,SRV07,MAS020,VET05,PORTAL_WEB,COMPLETADA,24,69,150000,0.0,150000.0,EFECTIVO,2,1,0,0
FACT02518,20260424,CLN06,SRV06,MAS138,VET09,AGENTE_NOVA_CHATBOT,NO_ASISTIO,0,0,120000,0.0,0.0,NO_APLICA,,0,1,0
FACT02519,20260424,CLN04,SRV01,MAS096,VET07,PORTAL_WEB,COMPLETADA,11,42,45000,0.0,45000.0,STRIPE_CARD,4,1,0,0
FACT02520,20260424,CLN04,SRV01,MAS068,VET06,RECEPCION_PRESENCIAL,COMPLETADA,18,31,45000,0.0,45000.0,STRIPE_CARD,5,1,0,0
FACT02521,20260425,CLN06,SRV05,MAS117,VET10,OPTIMIZACION_GEO_PLEB,COMPLETADA,29,38,85000,8500.0,76500.0,EFECTIVO,5,1,0,0
FACT02522,20260425,CLN02,SRV07,MAS148,VET03,RECEPCION_PRESENCIAL,COMPLETADA,20,67,150000,0.0,150000.0,STRIPE_CARD,5,1,0,0
FACT02523,20260425,CLN05,SRV03,MAS130,VET08,AGENTE_NOVA_CHATBOT,CANCELADA,0,0,25000,0.0,0.0,NO_APLICA,,0,0,1
FACT02524,20260425,CLN05,SRV05,MAS082,VET08,PORTAL_WEB,COMPLETADA,32,27,85000,0.0,85000.0,EFECTIVO,3,1,0,0
FACT02525,20260425,CLN05,SRV03,MAS126,VET08,RECEPCION_PRESENCIAL,COMPLETADA,13,16,25000,0.0,25000.0,TRANSFERENCIA_NEQUI,5,1,0,0
FACT02526,20260426,CLN05,SRV02,MAS099,VET08,PORTAL_WEB,COMPLETADA,11,24,35000,0.0,35000.0,STRIPE_CARD,2,1,0,0
FACT02527,20260426,CLN05,SRV04,MAS141,VET08,RECEPCION_PRESENCIAL,COMPLETADA,25,96,220000,0.0,220000.0,STRIPE_CARD,2,1,0,0
FACT02528,20260426,CLN06,SRV04,MAS104,VET09,RECEPCION_PRESENCIAL,COMPLETADA,19,85,220000,0.0,220000.0,STRIPE_CARD,3,1,0,0
FACT02529,20260426,CLN02,SRV01,MAS029,VET03,PORTAL_WEB,COMPLETADA,21,45,45000,0.0,45000.0,STRIPE_CARD,3,1,0,0
FACT02530,20260426,CLN02,SRV07,MAS035,VET03,AGENTE_NOVA_CHATBOT,COMPLETADA,30,60,150000,0.0,150000.0,EFECTIVO,2,1,0,0
FACT02531,20260426,CLN01,SRV04,MAS022,VET01,PORTAL_WEB,CANCELADA,0,0,220000,0.0,0.0,NO_APLICA,,0,0,1
FACT02532,20260426,CLN06,SRV08,MAS119,VET10,PORTAL_WEB,COMPLETADA,13,63,50000,0.0,50000.0,STRIPE_CARD,5,1,0,0
FACT02533,20260426,CLN06,SRV05,MAS026,VET10,PORTAL_WEB,CANCELADA,0,0,85000,0.0,0.0,NO_APLICA,,0,0,1
FACT02534,20260426,CLN02,SRV06,MAS062,VET04,PORTAL_WEB,CANCELADA,0,0,120000,0.0,0.0,NO_APLICA,,0,0,1
FACT02535,20260427,CLN05,SRV05,MAS026,VET08,PORTAL_WEB,NO_ASISTIO,0,0,85000,0.0,0.0,NO_APLICA,,0,1,0
FACT02536,20260427,CLN02,SRV08,MAS008,VET04,OPTIMIZACION_GEO_PLEB,CANCELADA,0,0,50000,5000.0,0.0,NO_APLICA,,0,0,1
FACT02537,20260427,CLN04,SRV07,MAS066,VET06,RECEPCION_PRESENCIAL,CANCELADA,0,0,150000,0.0,0.0,NO_APLICA,,0,0,1
FACT02538,20260428,CLN02,SRV06,MAS021,VET03,AGENTE_NOVA_CHATBOT,COMPLETADA,30,39,120000,0.0,120000.0,STRIPE_CARD,5,1,0,0
FACT02539,20260428,CLN03,SRV03,MAS108,VET05,PORTAL_WEB,COMPLETADA,22,29,25000,0.0,25000.0,STRIPE_CARD,5,1,0,0
FACT02540,20260428,CLN03,SRV07,MAS026,VET05,RECEPCION_PRESENCIAL,NO_ASISTIO,0,0,150000,0.0,0.0,NO_APLICA,,0,1,0
FACT02541,20260428,CLN02,SRV08,MAS004,VET03,OPTIMIZACION_GEO_PLEB,COMPLETADA,17,69,50000,5000.0,45000.0,STRIPE_CARD,4,1,0,0
FACT02542,20260429,CLN02,SRV01,MAS086,VET03,RECEPCION_PRESENCIAL,COMPLETADA,33,38,45000,0.0,45000.0,STRIPE_CARD,4,1,0,0
FACT02543,20260429,CLN05,SRV04,MAS105,VET08,OPTIMIZACION_GEO_PLEB,CANCELADA,0,0,220000,22000.0,0.0,NO_APLICA,,0,0,1
FACT02544,20260429,CLN01,SRV06,MAS120,VET01,OPTIMIZACION_GEO_PLEB,COMPLETADA,15,35,120000,12000.0,108000.0,TRANSFERENCIA_NEQUI,5,1,0,0
FACT02545,20260430,CLN02,SRV01,MAS007,VET04,PORTAL_WEB,COMPLETADA,24,39,45000,0.0,45000.0,STRIPE_CARD,5,1,0,0
FACT02546,20260430,CLN06,SRV03,MAS042,VET10,PORTAL_WEB,COMPLETADA,11,27,25000,0.0,25000.0,STRIPE_CARD,3,1,0,0
FACT02547,20260430,CLN06,SRV02,MAS100,VET10,PORTAL_WEB,COMPLETADA,10,18,35000,0.0,35000.0,EFECTIVO,5,1,0,0
FACT02548,20260430,CLN03,SRV07,MAS029,VET05,PORTAL_WEB,COMPLETADA,23,60,150000,0.0,150000.0,STRIPE_CARD,4,1,0,0
FACT02549,20260501,CLN01,SRV05,MAS079,VET02,RECEPCION_PRESENCIAL,COMPLETADA,6,24,85000,0.0,85000.0,EFECTIVO,3,1,0,0
FACT02550,20260501,CLN03,SRV03,MAS093,VET05,PORTAL_WEB,COMPLETADA,25,22,25000,0.0,25000.0,EFECTIVO,5,1,0,0
FACT02551,20260501,CLN02,SRV05,MAS022,VET03,PORTAL_WEB,COMPLETADA,23,28,85000,0.0,85000.0,TRANSFERENCIA_NEQUI,5,1,0,0
FACT02552,20260501,CLN04,SRV07,MAS006,VET06,PORTAL_WEB,COMPLETADA,18,75,150000,0.0,150000.0,EFECTIVO,4,1,0,0
FACT02553,20260501,CLN01,SRV03,MAS121,VET01,PORTAL_WEB,COMPLETADA,25,24,25000,0.0,25000.0,EFECTIVO,4,1,0,0
FACT02554,20260501,CLN06,SRV03,MAS070,VET09,AGENTE_NOVA_CHATBOT,COMPLETADA,23,27,25000,0.0,25000.0,TRANSFERENCIA_NEQUI,5,1,0,0
FACT02555,20260502,CLN02,SRV02,MAS148,VET03,PORTAL_WEB,NO_ASISTIO,0,0,35000,0.0,0.0,NO_APLICA,,0,1,0
FACT02556,20260502,CLN03,SRV03,MAS111,VET05,RECEPCION_PRESENCIAL,CANCELADA,0,0,25000,0.0,0.0,NO_APLICA,,0,0,1
FACT02557,20260502,CLN06,SRV07,MAS066,VET10,OPTIMIZACION_GEO_PLEB,COMPLETADA,18,71,150000,15000.0,135000.0,STRIPE_CARD,4,1,0,0
FACT02558,20260503,CLN04,SRV01,MAS003,VET07,OPTIMIZACION_GEO_PLEB,CANCELADA,0,0,45000,4500.0,0.0,NO_APLICA,,0,0,1
FACT02559,20260503,CLN03,SRV08,MAS067,VET05,OPTIMIZACION_GEO_PLEB,COMPLETADA,28,62,50000,5000.0,45000.0,STRIPE_CARD,5,1,0,0
FACT02560,20260503,CLN05,SRV01,MAS126,VET08,OPTIMIZACION_GEO_PLEB,COMPLETADA,32,43,45000,4500.0,40500.0,TRANSFERENCIA_NEQUI,5,1,0,0
FACT02561,20260503,CLN03,SRV01,MAS104,VET05,OPTIMIZACION_GEO_PLEB,CANCELADA,0,0,45000,4500.0,0.0,NO_APLICA,,0,0,1
FACT02562,20260504,CLN02,SRV03,MAS051,VET04,PORTAL_WEB,COMPLETADA,13,27,25000,0.0,25000.0,TRANSFERENCIA_NEQUI,5,1,0,0
FACT02563,20260504,CLN03,SRV01,MAS130,VET05,PORTAL_WEB,COMPLETADA,12,43,45000,0.0,45000.0,TRANSFERENCIA_NEQUI,2,1,0,0
FACT02564,20260504,CLN03,SRV07,MAS048,VET05,PORTAL_WEB,COMPLETADA,10,57,150000,0.0,150000.0,STRIPE_CARD,1,1,0,0
FACT02565,20260504,CLN06,SRV03,MAS004,VET10,AGENTE_NOVA_CHATBOT,COMPLETADA,5,16,25000,0.0,25000.0,STRIPE_CARD,4,1,0,0
FACT02566,20260504,CLN01,SRV01,MAS141,VET01,RECEPCION_PRESENCIAL,CANCELADA,0,0,45000,0.0,0.0,NO_APLICA,,0,0,1
FACT02567,20260504,CLN02,SRV07,MAS117,VET04,OPTIMIZACION_GEO_PLEB,COMPLETADA,8,74,150000,15000.0,135000.0,STRIPE_CARD,5,1,0,0
FACT02568,20260504,CLN01,SRV02,MAS104,VET02,PORTAL_WEB,COMPLETADA,23,17,35000,0.0,35000.0,STRIPE_CARD,5,1,0,0
FACT02569,20260504,CLN02,SRV08,MAS052,VET03,OPTIMIZACION_GEO_PLEB,COMPLETADA,26,72,50000,5000.0,45000.0,TRANSFERENCIA_NEQUI,2,1,0,0
FACT02570,20260504,CLN06,SRV07,MAS003,VET09,AGENTE_NOVA_CHATBOT,CANCELADA,0,0,150000,0.0,0.0,NO_APLICA,,0,0,1
FACT02571,20260505,CLN05,SRV07,MAS123,VET08,RECEPCION_PRESENCIAL,COMPLETADA,12,56,150000,0.0,150000.0,EFECTIVO,5,1,0,0
FACT02572,20260505,CLN06,SRV04,MAS112,VET09,PORTAL_WEB,COMPLETADA,28,92,220000,0.0,220000.0,STRIPE_CARD,2,1,0,0
FACT02573,20260505,CLN01,SRV06,MAS024,VET01,OPTIMIZACION_GEO_PLEB,NO_ASISTIO,0,0,120000,12000.0,0.0,NO_APLICA,,0,1,0
FACT02574,20260505,CLN05,SRV05,MAS085,VET08,PORTAL_WEB,CANCELADA,0,0,85000,0.0,0.0,NO_APLICA,,0,0,1
FACT02575,20260505,CLN05,SRV03,MAS005,VET08,AGENTE_NOVA_CHATBOT,COMPLETADA,30,10,25000,0.0,25000.0,STRIPE_CARD,5,1,0,0
FACT02576,20260506,CLN02,SRV07,MAS106,VET04,RECEPCION_PRESENCIAL,COMPLETADA,15,67,150000,0.0,150000.0,EFECTIVO,2,1,0,0
FACT02577,20260506,CLN03,SRV07,MAS111,VET05,PORTAL_WEB,COMPLETADA,27,56,150000,0.0,150000.0,STRIPE_CARD,5,1,0,0
FACT02578,20260506,CLN03,SRV03,MAS139,VET05,OPTIMIZACION_GEO_PLEB,COMPLETADA,9,14,25000,2500.0,22500.0,TRANSFERENCIA_NEQUI,4,1,0,0
FACT02579,20260506,CLN05,SRV01,MAS039,VET08,PORTAL_WEB,COMPLETADA,6,41,45000,0.0,45000.0,STRIPE_CARD,5,1,0,0
FACT02580,20260506,CLN04,SRV06,MAS035,VET07,PORTAL_WEB,COMPLETADA,30,46,120000,0.0,120000.0,STRIPE_CARD,4,1,0,0
FACT02581,20260507,CLN03,SRV04,MAS089,VET05,PORTAL_WEB,COMPLETADA,5,94,220000,0.0,220000.0,STRIPE_CARD,5,1,0,0
FACT02582,20260507,CLN05,SRV06,MAS028,VET08,PORTAL_WEB,CANCELADA,0,0,120000,0.0,0.0,NO_APLICA,,0,0,1
FACT02583,20260507,CLN06,SRV02,MAS046,VET10,AGENTE_NOVA_CHATBOT,NO_ASISTIO,0,0,35000,0.0,0.0,NO_APLICA,,0,1,0
FACT02584,20260507,CLN03,SRV05,MAS102,VET05,PORTAL_WEB,COMPLETADA,6,34,85000,0.0,85000.0,STRIPE_CARD,4,1,0,0
FACT02585,20260507,CLN01,SRV07,MAS105,VET02,PORTAL_WEB,COMPLETADA,7,59,150000,0.0,150000.0,STRIPE_CARD,4,1,0,0
FACT02586,20260507,CLN04,SRV01,MAS023,VET06,PORTAL_WEB,NO_ASISTIO,0,0,45000,0.0,0.0,NO_APLICA,,0,1,0
FACT02587,20260508,CLN02,SRV02,MAS090,VET04,PORTAL_WEB,COMPLETADA,5,35,35000,0.0,35000.0,EFECTIVO,3,1,0,0
FACT02588,20260508,CLN01,SRV07,MAS112,VET02,PORTAL_WEB,COMPLETADA,35,63,150000,0.0,150000.0,STRIPE_CARD,5,1,0,0
FACT02589,20260508,CLN03,SRV03,MAS113,VET05,PORTAL_WEB,COMPLETADA,32,30,25000,0.0,25000.0,STRIPE_CARD,5,1,0,0
FACT02590,20260508,CLN01,SRV06,MAS061,VET01,AGENTE_NOVA_CHATBOT,COMPLETADA,20,55,120000,0.0,120000.0,EFECTIVO,1,1,0,0
FACT02591,20260509,CLN02,SRV04,MAS090,VET04,RECEPCION_PRESENCIAL,CANCELADA,0,0,220000,0.0,0.0,NO_APLICA,,0,0,1
FACT02592,20260509,CLN01,SRV07,MAS137,VET02,PORTAL_WEB,COMPLETADA,35,65,150000,0.0,150000.0,STRIPE_CARD,4,1,0,0
FACT02593,20260509,CLN04,SRV07,MAS116,VET06,OPTIMIZACION_GEO_PLEB,COMPLETADA,17,68,150000,15000.0,135000.0,TRANSFERENCIA_NEQUI,4,1,0,0
FACT02594,20260509,CLN03,SRV03,MAS034,VET05,PORTAL_WEB,COMPLETADA,35,29,25000,0.0,25000.0,TRANSFERENCIA_NEQUI,3,1,0,0
FACT02595,20260509,CLN05,SRV05,MAS076,VET08,RECEPCION_PRESENCIAL,COMPLETADA,31,22,85000,0.0,85000.0,STRIPE_CARD,4,1,0,0
FACT02596,20260509,CLN06,SRV06,MAS004,VET09,RECEPCION_PRESENCIAL,COMPLETADA,34,38,120000,0.0,120000.0,EFECTIVO,3,1,0,0
FACT02597,20260510,CLN05,SRV05,MAS038,VET08,PORTAL_WEB,COMPLETADA,15,28,85000,0.0,85000.0,EFECTIVO,3,1,0,0
FACT02598,20260510,CLN01,SRV07,MAS097,VET02,PORTAL_WEB,CANCELADA,0,0,150000,0.0,0.0,NO_APLICA,,0,0,1
FACT02599,20260510,CLN01,SRV02,MAS087,VET01,RECEPCION_PRESENCIAL,NO_ASISTIO,0,0,35000,0.0,0.0,NO_APLICA,,0,1,0
FACT02600,20260510,CLN03,SRV03,MAS092,VET05,OPTIMIZACION_GEO_PLEB,COMPLETADA,30,15,25000,2500.0,22500.0,TRANSFERENCIA_NEQUI,5,1,0,0
FACT02601,20260510,CLN06,SRV05,MAS023,VET10,PORTAL_WEB,COMPLETADA,26,39,85000,0.0,85000.0,STRIPE_CARD,5,1,0,0
FACT02602,20260510,CLN05,SRV03,MAS119,VET08,PORTAL_WEB,COMPLETADA,32,23,25000,0.0,25000.0,STRIPE_CARD,5,1,0,0
FACT02603,20260510,CLN03,SRV03,MAS017,VET05,OPTIMIZACION_GEO_PLEB,CANCELADA,0,0,25000,2500.0,0.0,NO_APLICA,,0,0,1
FACT02604,20260511,CLN05,SRV01,MAS104,VET08,AGENTE_NOVA_CHATBOT,COMPLETADA,32,25,45000,0.0,45000.0,STRIPE_CARD,5,1,0,0
FACT02605,20260511,CLN01,SRV03,MAS024,VET01,AGENTE_NOVA_CHATBOT,COMPLETADA,14,16,25000,0.0,25000.0,EFECTIVO,4,1,0,0
FACT02606,20260511,CLN01,SRV04,MAS008,VET01,RECEPCION_PRESENCIAL,COMPLETADA,6,94,220000,0.0,220000.0,TRANSFERENCIA_NEQUI,4,1,0,0
FACT02607,20260511,CLN01,SRV08,MAS037,VET01,OPTIMIZACION_GEO_PLEB,COMPLETADA,17,56,50000,5000.0,45000.0,STRIPE_CARD,1,1,0,0
FACT02608,20260511,CLN02,SRV04,MAS027,VET03,RECEPCION_PRESENCIAL,CANCELADA,0,0,220000,0.0,0.0,NO_APLICA,,0,0,1
FACT02609,20260512,CLN05,SRV02,MAS023,VET08,PORTAL_WEB,COMPLETADA,35,15,35000,0.0,35000.0,TRANSFERENCIA_NEQUI,5,1,0,0
FACT02610,20260512,CLN01,SRV02,MAS128,VET01,PORTAL_WEB,NO_ASISTIO,0,0,35000,0.0,0.0,NO_APLICA,,0,1,0
FACT02611,20260512,CLN05,SRV07,MAS012,VET08,PORTAL_WEB,NO_ASISTIO,0,0,150000,0.0,0.0,NO_APLICA,,0,1,0
FACT02612,20260512,CLN06,SRV03,MAS091,VET10,OPTIMIZACION_GEO_PLEB,NO_ASISTIO,0,0,25000,2500.0,0.0,NO_APLICA,,0,1,0
FACT02613,20260512,CLN01,SRV02,MAS149,VET02,AGENTE_NOVA_CHATBOT,NO_ASISTIO,0,0,35000,0.0,0.0,NO_APLICA,,0,1,0
FACT02614,20260512,CLN06,SRV06,MAS094,VET10,PORTAL_WEB,COMPLETADA,7,41,120000,0.0,120000.0,EFECTIVO,2,1,0,0
FACT02615,20260512,CLN02,SRV03,MAS031,VET04,RECEPCION_PRESENCIAL,COMPLETADA,34,15,25000,0.0,25000.0,TRANSFERENCIA_NEQUI,4,1,0,0
FACT02616,20260513,CLN06,SRV08,MAS036,VET09,OPTIMIZACION_GEO_PLEB,COMPLETADA,29,56,50000,5000.0,45000.0,TRANSFERENCIA_NEQUI,4,1,0,0
FACT02617,20260513,CLN01,SRV02,MAS110,VET02,OPTIMIZACION_GEO_PLEB,COMPLETADA,27,31,35000,3500.0,31500.0,TRANSFERENCIA_NEQUI,5,1,0,0
FACT02618,20260513,CLN02,SRV04,MAS099,VET03,RECEPCION_PRESENCIAL,COMPLETADA,20,88,220000,0.0,220000.0,TRANSFERENCIA_NEQUI,4,1,0,0
FACT02619,20260513,CLN03,SRV01,MAS115,VET05,OPTIMIZACION_GEO_PLEB,COMPLETADA,32,28,45000,4500.0,40500.0,STRIPE_CARD,3,1,0,0
FACT02620,20260513,CLN02,SRV01,MAS141,VET04,AGENTE_NOVA_CHATBOT,COMPLETADA,19,41,45000,0.0,45000.0,STRIPE_CARD,5,1,0,0
FACT02621,20260513,CLN06,SRV05,MAS050,VET10,PORTAL_WEB,COMPLETADA,33,32,85000,0.0,85000.0,STRIPE_CARD,2,1,0,0
FACT02622,20260513,CLN01,SRV01,MAS099,VET02,RECEPCION_PRESENCIAL,CANCELADA,0,0,45000,0.0,0.0,NO_APLICA,,0,0,1
FACT02623,20260514,CLN03,SRV05,MAS102,VET05,RECEPCION_PRESENCIAL,NO_ASISTIO,0,0,85000,0.0,0.0,NO_APLICA,,0,1,0
FACT02624,20260514,CLN01,SRV08,MAS092,VET02,RECEPCION_PRESENCIAL,COMPLETADA,24,58,50000,0.0,50000.0,EFECTIVO,5,1,0,0
FACT02625,20260514,CLN06,SRV02,MAS083,VET09,PORTAL_WEB,COMPLETADA,31,28,35000,0.0,35000.0,STRIPE_CARD,3,1,0,0
FACT02626,20260514,CLN04,SRV01,MAS123,VET06,PORTAL_WEB,COMPLETADA,11,36,45000,0.0,45000.0,EFECTIVO,5,1,0,0
FACT02627,20260514,CLN02,SRV04,MAS029,VET04,OPTIMIZACION_GEO_PLEB,CANCELADA,0,0,220000,22000.0,0.0,NO_APLICA,,0,0,1
FACT02628,20260514,CLN02,SRV05,MAS139,VET03,OPTIMIZACION_GEO_PLEB,COMPLETADA,7,27,85000,8500.0,76500.0,EFECTIVO,5,1,0,0
FACT02629,20260514,CLN01,SRV02,MAS004,VET02,PORTAL_WEB,COMPLETADA,6,19,35000,0.0,35000.0,STRIPE_CARD,5,1,0,0
FACT02630,20260515,CLN04,SRV07,MAS075,VET07,PORTAL_WEB,COMPLETADA,12,74,150000,0.0,150000.0,STRIPE_CARD,3,1,0,0
FACT02631,20260515,CLN03,SRV02,MAS001,VET05,PORTAL_WEB,COMPLETADA,31,18,35000,0.0,35000.0,EFECTIVO,3,1,0,0
FACT02632,20260515,CLN04,SRV05,MAS040,VET07,OPTIMIZACION_GEO_PLEB,COMPLETADA,31,38,85000,8500.0,76500.0,STRIPE_CARD,4,1,0,0
FACT02633,20260515,CLN03,SRV04,MAS142,VET05,AGENTE_NOVA_CHATBOT,COMPLETADA,28,88,220000,0.0,220000.0,STRIPE_CARD,5,1,0,0
FACT02634,20260515,CLN04,SRV06,MAS026,VET07,PORTAL_WEB,COMPLETADA,23,46,120000,0.0,120000.0,TRANSFERENCIA_NEQUI,4,1,0,0
FACT02635,20260515,CLN05,SRV06,MAS093,VET08,PORTAL_WEB,COMPLETADA,17,55,120000,0.0,120000.0,TRANSFERENCIA_NEQUI,5,1,0,0
FACT02636,20260516,CLN02,SRV01,MAS040,VET04,AGENTE_NOVA_CHATBOT,COMPLETADA,18,36,45000,0.0,45000.0,TRANSFERENCIA_NEQUI,4,1,0,0
FACT02637,20260516,CLN04,SRV03,MAS010,VET07,PORTAL_WEB,COMPLETADA,19,13,25000,0.0,25000.0,STRIPE_CARD,5,1,0,0
FACT02638,20260516,CLN01,SRV02,MAS093,VET02,AGENTE_NOVA_CHATBOT,COMPLETADA,29,35,35000,0.0,35000.0,STRIPE_CARD,5,1,0,0
FACT02639,20260516,CLN04,SRV04,MAS026,VET06,AGENTE_NOVA_CHATBOT,COMPLETADA,14,92,220000,0.0,220000.0,STRIPE_CARD,4,1,0,0
FACT02640,20260517,CLN03,SRV05,MAS129,VET05,RECEPCION_PRESENCIAL,COMPLETADA,26,25,85000,0.0,85000.0,STRIPE_CARD,5,1,0,0
FACT02641,20260517,CLN05,SRV06,MAS067,VET08,OPTIMIZACION_GEO_PLEB,COMPLETADA,17,39,120000,12000.0,108000.0,STRIPE_CARD,3,1,0,0
FACT02642,20260517,CLN05,SRV01,MAS115,VET08,RECEPCION_PRESENCIAL,COMPLETADA,13,29,45000,0.0,45000.0,TRANSFERENCIA_NEQUI,5,1,0,0
FACT02643,20260517,CLN06,SRV03,MAS123,VET09,PORTAL_WEB,COMPLETADA,35,20,25000,0.0,25000.0,TRANSFERENCIA_NEQUI,5,1,0,0
FACT02644,20260517,CLN04,SRV03,MAS092,VET07,PORTAL_WEB,CANCELADA,0,0,25000,0.0,0.0,NO_APLICA,,0,0,1
FACT02645,20260517,CLN02,SRV08,MAS014,VET04,PORTAL_WEB,COMPLETADA,30,63,50000,0.0,50000.0,TRANSFERENCIA_NEQUI,4,1,0,0
FACT02646,20260518,CLN06,SRV03,MAS015,VET09,AGENTE_NOVA_CHATBOT,NO_ASISTIO,0,0,25000,0.0,0.0,NO_APLICA,,0,1,0
FACT02647,20260518,CLN03,SRV05,MAS002,VET05,PORTAL_WEB,COMPLETADA,26,36,85000,0.0,85000.0,STRIPE_CARD,2,1,0,0
FACT02648,20260518,CLN04,SRV07,MAS022,VET06,OPTIMIZACION_GEO_PLEB,COMPLETADA,32,69,150000,15000.0,135000.0,EFECTIVO,5,1,0,0
FACT02649,20260518,CLN01,SRV04,MAS083,VET02,RECEPCION_PRESENCIAL,COMPLETADA,6,100,220000,0.0,220000.0,TRANSFERENCIA_NEQUI,4,1,0,0
FACT02650,20260518,CLN04,SRV06,MAS066,VET07,RECEPCION_PRESENCIAL,COMPLETADA,32,37,120000,0.0,120000.0,STRIPE_CARD,4,1,0,0
FACT02651,20260518,CLN02,SRV03,MAS047,VET04,PORTAL_WEB,COMPLETADA,32,22,25000,0.0,25000.0,STRIPE_CARD,4,1,0,0
FACT02652,20260518,CLN04,SRV03,MAS016,VET06,PORTAL_WEB,NO_ASISTIO,0,0,25000,0.0,0.0,NO_APLICA,,0,1,0
FACT02653,20260519,CLN06,SRV08,MAS027,VET09,PORTAL_WEB,COMPLETADA,31,69,50000,0.0,50000.0,TRANSFERENCIA_NEQUI,3,1,0,0
FACT02654,20260519,CLN04,SRV08,MAS028,VET06,PORTAL_WEB,COMPLETADA,6,64,50000,0.0,50000.0,EFECTIVO,5,1,0,0
FACT02655,20260519,CLN01,SRV05,MAS142,VET02,OPTIMIZACION_GEO_PLEB,COMPLETADA,22,27,85000,8500.0,76500.0,STRIPE_CARD,5,1,0,0
FACT02656,20260519,CLN01,SRV01,MAS054,VET02,PORTAL_WEB,CANCELADA,0,0,45000,0.0,0.0,NO_APLICA,,0,0,1
FACT02657,20260520,CLN01,SRV07,MAS146,VET01,PORTAL_WEB,CANCELADA,0,0,150000,0.0,0.0,NO_APLICA,,0,0,1
FACT02658,20260520,CLN01,SRV03,MAS102,VET02,RECEPCION_PRESENCIAL,COMPLETADA,31,12,25000,0.0,25000.0,STRIPE_CARD,5,1,0,0
FACT02659,20260520,CLN01,SRV08,MAS005,VET02,PORTAL_WEB,COMPLETADA,17,61,50000,0.0,50000.0,STRIPE_CARD,5,1,0,0
FACT02660,20260520,CLN03,SRV01,MAS075,VET05,PORTAL_WEB,CANCELADA,0,0,45000,0.0,0.0,NO_APLICA,,0,0,1
FACT02661,20260521,CLN02,SRV08,MAS047,VET04,AGENTE_NOVA_CHATBOT,COMPLETADA,17,73,50000,0.0,50000.0,STRIPE_CARD,5,1,0,0
FACT02662,20260521,CLN04,SRV05,MAS114,VET06,PORTAL_WEB,COMPLETADA,34,37,85000,0.0,85000.0,STRIPE_CARD,5,1,0,0
FACT02663,20260521,CLN05,SRV07,MAS084,VET08,PORTAL_WEB,COMPLETADA,10,66,150000,0.0,150000.0,EFECTIVO,4,1,0,0
FACT02664,20260521,CLN01,SRV04,MAS033,VET01,PORTAL_WEB,COMPLETADA,29,100,220000,0.0,220000.0,STRIPE_CARD,5,1,0,0
FACT02665,20260522,CLN05,SRV07,MAS057,VET08,PORTAL_WEB,COMPLETADA,14,73,150000,0.0,150000.0,STRIPE_CARD,3,1,0,0
FACT02666,20260522,CLN02,SRV07,MAS116,VET04,AGENTE_NOVA_CHATBOT,COMPLETADA,31,60,150000,0.0,150000.0,STRIPE_CARD,5,1,0,0
FACT02667,20260522,CLN05,SRV06,MAS053,VET08,RECEPCION_PRESENCIAL,CANCELADA,0,0,120000,0.0,0.0,NO_APLICA,,0,0,1
FACT02668,20260522,CLN03,SRV01,MAS116,VET05,PORTAL_WEB,NO_ASISTIO,0,0,45000,0.0,0.0,NO_APLICA,,0,1,0
FACT02669,20260523,CLN05,SRV05,MAS001,VET08,RECEPCION_PRESENCIAL,COMPLETADA,16,33,85000,0.0,85000.0,STRIPE_CARD,3,1,0,0
FACT02670,20260523,CLN02,SRV01,MAS027,VET03,PORTAL_WEB,CANCELADA,0,0,45000,0.0,0.0,NO_APLICA,,0,0,1
FACT02671,20260523,CLN05,SRV03,MAS048,VET08,AGENTE_NOVA_CHATBOT,COMPLETADA,29,19,25000,0.0,25000.0,STRIPE_CARD,3,1,0,0
FACT02672,20260523,CLN05,SRV05,MAS067,VET08,OPTIMIZACION_GEO_PLEB,CANCELADA,0,0,85000,8500.0,0.0,NO_APLICA,,0,0,1
FACT02673,20260523,CLN01,SRV03,MAS041,VET01,PORTAL_WEB,COMPLETADA,12,16,25000,0.0,25000.0,STRIPE_CARD,5,1,0,0
FACT02674,20260523,CLN02,SRV02,MAS011,VET04,AGENTE_NOVA_CHATBOT,COMPLETADA,33,35,35000,0.0,35000.0,EFECTIVO,3,1,0,0
FACT02675,20260523,CLN01,SRV04,MAS087,VET01,AGENTE_NOVA_CHATBOT,COMPLETADA,30,86,220000,0.0,220000.0,TRANSFERENCIA_NEQUI,5,1,0,0
FACT02676,20260524,CLN05,SRV04,MAS050,VET08,PORTAL_WEB,COMPLETADA,33,90,220000,0.0,220000.0,STRIPE_CARD,5,1,0,0
FACT02677,20260524,CLN04,SRV07,MAS034,VET06,OPTIMIZACION_GEO_PLEB,COMPLETADA,5,66,150000,15000.0,135000.0,STRIPE_CARD,4,1,0,0
FACT02678,20260524,CLN01,SRV05,MAS070,VET01,PORTAL_WEB,COMPLETADA,33,38,85000,0.0,85000.0,EFECTIVO,5,1,0,0
FACT02679,20260524,CLN05,SRV06,MAS035,VET08,PORTAL_WEB,COMPLETADA,9,42,120000,0.0,120000.0,TRANSFERENCIA_NEQUI,2,1,0,0
FACT02680,20260524,CLN02,SRV08,MAS118,VET03,OPTIMIZACION_GEO_PLEB,COMPLETADA,16,63,50000,5000.0,45000.0,STRIPE_CARD,5,1,0,0
FACT02681,20260524,CLN04,SRV05,MAS024,VET06,PORTAL_WEB,CANCELADA,0,0,85000,0.0,0.0,NO_APLICA,,0,0,1
FACT02682,20260524,CLN04,SRV02,MAS034,VET07,RECEPCION_PRESENCIAL,COMPLETADA,19,17,35000,0.0,35000.0,STRIPE_CARD,4,1,0,0
FACT02683,20260525,CLN03,SRV07,MAS033,VET05,AGENTE_NOVA_CHATBOT,COMPLETADA,20,65,150000,0.0,150000.0,TRANSFERENCIA_NEQUI,5,1,0,0
FACT02684,20260525,CLN03,SRV02,MAS037,VET05,PORTAL_WEB,NO_ASISTIO,0,0,35000,0.0,0.0,NO_APLICA,,0,1,0
FACT02685,20260525,CLN05,SRV02,MAS115,VET08,PORTAL_WEB,COMPLETADA,5,33,35000,0.0,35000.0,EFECTIVO,4,1,0,0
FACT02686,20260525,CLN03,SRV05,MAS016,VET05,PORTAL_WEB,COMPLETADA,27,23,85000,0.0,85000.0,STRIPE_CARD,5,1,0,0
FACT02687,20260525,CLN03,SRV01,MAS082,VET05,AGENTE_NOVA_CHATBOT,COMPLETADA,11,29,45000,0.0,45000.0,STRIPE_CARD,5,1,0,0
FACT02688,20260525,CLN03,SRV01,MAS133,VET05,RECEPCION_PRESENCIAL,COMPLETADA,34,43,45000,0.0,45000.0,STRIPE_CARD,5,1,0,0
FACT02689,20260526,CLN04,SRV06,MAS065,VET06,PORTAL_WEB,COMPLETADA,7,51,120000,0.0,120000.0,EFECTIVO,4,1,0,0
FACT02690,20260526,CLN06,SRV02,MAS047,VET10,PORTAL_WEB,NO_ASISTIO,0,0,35000,0.0,0.0,NO_APLICA,,0,1,0
FACT02691,20260526,CLN03,SRV08,MAS011,VET05,RECEPCION_PRESENCIAL,COMPLETADA,25,67,50000,0.0,50000.0,STRIPE_CARD,3,1,0,0
FACT02692,20260526,CLN02,SRV03,MAS143,VET03,AGENTE_NOVA_CHATBOT,COMPLETADA,8,21,25000,0.0,25000.0,STRIPE_CARD,3,1,0,0
FACT02693,20260526,CLN02,SRV08,MAS139,VET04,AGENTE_NOVA_CHATBOT,NO_ASISTIO,0,0,50000,0.0,0.0,NO_APLICA,,0,1,0
FACT02694,20260527,CLN03,SRV06,MAS129,VET05,OPTIMIZACION_GEO_PLEB,COMPLETADA,21,41,120000,12000.0,108000.0,STRIPE_CARD,3,1,0,0
FACT02695,20260527,CLN03,SRV08,MAS035,VET05,PORTAL_WEB,COMPLETADA,5,71,50000,0.0,50000.0,TRANSFERENCIA_NEQUI,5,1,0,0
FACT02696,20260527,CLN02,SRV06,MAS079,VET03,AGENTE_NOVA_CHATBOT,COMPLETADA,28,46,120000,0.0,120000.0,TRANSFERENCIA_NEQUI,5,1,0,0
FACT02697,20260527,CLN02,SRV03,MAS047,VET03,PORTAL_WEB,COMPLETADA,29,13,25000,0.0,25000.0,EFECTIVO,4,1,0,0
FACT02698,20260527,CLN06,SRV03,MAS077,VET10,PORTAL_WEB,COMPLETADA,22,23,25000,0.0,25000.0,EFECTIVO,5,1,0,0
FACT02699,20260527,CLN02,SRV02,MAS044,VET03,PORTAL_WEB,COMPLETADA,34,23,35000,0.0,35000.0,STRIPE_CARD,5,1,0,0
FACT02700,20260528,CLN01,SRV07,MAS101,VET01,RECEPCION_PRESENCIAL,COMPLETADA,6,59,150000,0.0,150000.0,STRIPE_CARD,5,1,0,0
FACT02701,20260528,CLN03,SRV01,MAS149,VET05,RECEPCION_PRESENCIAL,COMPLETADA,11,30,45000,0.0,45000.0,EFECTIVO,5,1,0,0
FACT02702,20260528,CLN06,SRV01,MAS060,VET09,PORTAL_WEB,CANCELADA,0,0,45000,0.0,0.0,NO_APLICA,,0,0,1
FACT02703,20260528,CLN01,SRV04,MAS063,VET01,PORTAL_WEB,COMPLETADA,22,104,220000,0.0,220000.0,STRIPE_CARD,5,1,0,0
FACT02704,20260528,CLN03,SRV02,MAS023,VET05,PORTAL_WEB,CANCELADA,0,0,35000,0.0,0.0,NO_APLICA,,0,0,1
FACT02705,20260528,CLN04,SRV01,MAS108,VET06,OPTIMIZACION_GEO_PLEB,COMPLETADA,9,39,45000,4500.0,40500.0,STRIPE_CARD,5,1,0,0
FACT02706,20260528,CLN03,SRV05,MAS103,VET05,RECEPCION_PRESENCIAL,COMPLETADA,31,21,85000,0.0,85000.0,TRANSFERENCIA_NEQUI,5,1,0,0
FACT02707,20260529,CLN02,SRV05,MAS056,VET04,OPTIMIZACION_GEO_PLEB,NO_ASISTIO,0,0,85000,8500.0,0.0,NO_APLICA,,0,1,0
FACT02708,20260529,CLN06,SRV01,MAS004,VET10,AGENTE_NOVA_CHATBOT,CANCELADA,0,0,45000,0.0,0.0,NO_APLICA,,0,0,1
FACT02709,20260529,CLN02,SRV03,MAS052,VET04,RECEPCION_PRESENCIAL,COMPLETADA,7,24,25000,0.0,25000.0,STRIPE_CARD,3,1,0,0
FACT02710,20260529,CLN02,SRV04,MAS051,VET03,PORTAL_WEB,COMPLETADA,5,105,220000,0.0,220000.0,EFECTIVO,2,1,0,0
FACT02711,20260529,CLN03,SRV07,MAS077,VET05,PORTAL_WEB,COMPLETADA,27,58,150000,0.0,150000.0,EFECTIVO,5,1,0,0
FACT02712,20260529,CLN03,SRV04,MAS118,VET05,RECEPCION_PRESENCIAL,COMPLETADA,20,97,220000,0.0,220000.0,TRANSFERENCIA_NEQUI,4,1,0,0
FACT02713,20260529,CLN04,SRV07,MAS054,VET06,OPTIMIZACION_GEO_PLEB,COMPLETADA,14,60,150000,15000.0,135000.0,STRIPE_CARD,4,1,0,0
FACT02714,20260529,CLN03,SRV02,MAS122,VET05,AGENTE_NOVA_CHATBOT,COMPLETADA,8,31,35000,0.0,35000.0,STRIPE_CARD,4,1,0,0
FACT02715,20260529,CLN01,SRV04,MAS045,VET02,PORTAL_WEB,COMPLETADA,6,90,220000,0.0,220000.0,STRIPE_CARD,5,1,0,0
FACT02716,20260530,CLN03,SRV05,MAS020,VET05,PORTAL_WEB,COMPLETADA,12,28,85000,0.0,85000.0,EFECTIVO,5,1,0,0
FACT02717,20260530,CLN02,SRV05,MAS115,VET04,PORTAL_WEB,CANCELADA,0,0,85000,0.0,0.0,NO_APLICA,,0,0,1
FACT02718,20260530,CLN02,SRV05,MAS138,VET04,PORTAL_WEB,COMPLETADA,17,24,85000,0.0,85000.0,STRIPE_CARD,5,1,0,0
FACT02719,20260530,CLN03,SRV03,MAS051,VET05,RECEPCION_PRESENCIAL,CANCELADA,0,0,25000,0.0,0.0,NO_APLICA,,0,0,1
FACT02720,20260530,CLN06,SRV02,MAS004,VET10,OPTIMIZACION_GEO_PLEB,COMPLETADA,15,22,35000,3500.0,31500.0,EFECTIVO,4,1,0,0
FACT02721,20260530,CLN06,SRV08,MAS069,VET10,PORTAL_WEB,COMPLETADA,17,63,50000,0.0,50000.0,STRIPE_CARD,5,1,0,0
FACT02722,20260531,CLN01,SRV08,MAS137,VET01,AGENTE_NOVA_CHATBOT,COMPLETADA,26,68,50000,0.0,50000.0,TRANSFERENCIA_NEQUI,5,1,0,0
FACT02723,20260531,CLN06,SRV02,MAS076,VET10,RECEPCION_PRESENCIAL,COMPLETADA,21,31,35000,0.0,35000.0,STRIPE_CARD,5,1,0,0
FACT02724,20260531,CLN04,SRV07,MAS097,VET06,OPTIMIZACION_GEO_PLEB,COMPLETADA,29,69,150000,15000.0,135000.0,EFECTIVO,3,1,0,0
FACT02725,20260531,CLN04,SRV07,MAS120,VET07,RECEPCION_PRESENCIAL,COMPLETADA,29,62,150000,0.0,150000.0,STRIPE_CARD,5,1,0,0
FACT02726,20260531,CLN03,SRV02,MAS133,VET05,OPTIMIZACION_GEO_PLEB,COMPLETADA,28,34,35000,3500.0,31500.0,STRIPE_CARD,4,1,0,0
FACT02727,20260531,CLN02,SRV08,MAS043,VET04,PORTAL_WEB,CANCELADA,0,0,50000,0.0,0.0,NO_APLICA,,0,0,1
FACT02728,20260531,CLN01,SRV06,MAS011,VET02,RECEPCION_PRESENCIAL,NO_ASISTIO,0,0,120000,0.0,0.0,NO_APLICA,,0,1,0
FACT02729,20260531,CLN06,SRV01,MAS075,VET10,AGENTE_NOVA_CHATBOT,COMPLETADA,18,38,45000,0.0,45000.0,STRIPE_CARD,5,1,0,0
FACT02730,20260531,CLN02,SRV08,MAS069,VET03,OPTIMIZACION_GEO_PLEB,COMPLETADA,21,62,50000,5000.0,45000.0,TRANSFERENCIA_NEQUI,5,1,0,0
FACT02731,20260601,CLN06,SRV04,MAS006,VET10,RECEPCION_PRESENCIAL,COMPLETADA,27,88,220000,0.0,220000.0,STRIPE_CARD,4,1,0,0
FACT02732,20260601,CLN02,SRV07,MAS106,VET03,OPTIMIZACION_GEO_PLEB,COMPLETADA,25,63,150000,15000.0,135000.0,STRIPE_CARD,4,1,0,0
FACT02733,20260601,CLN05,SRV07,MAS085,VET08,OPTIMIZACION_GEO_PLEB,COMPLETADA,29,65,150000,15000.0,135000.0,STRIPE_CARD,4,1,0,0
FACT02734,20260601,CLN04,SRV04,MAS147,VET07,PORTAL_WEB,COMPLETADA,14,90,220000,0.0,220000.0,TRANSFERENCIA_NEQUI,4,1,0,0
FACT02735,20260601,CLN04,SRV06,MAS083,VET06,AGENTE_NOVA_CHATBOT,COMPLETADA,23,39,120000,0.0,120000.0,STRIPE_CARD,5,1,0,0
FACT02736,20260601,CLN06,SRV01,MAS068,VET10,OPTIMIZACION_GEO_PLEB,NO_ASISTIO,0,0,45000,4500.0,0.0,NO_APLICA,,0,1,0
FACT02737,20260602,CLN06,SRV07,MAS114,VET09,RECEPCION_PRESENCIAL,COMPLETADA,17,61,150000,0.0,150000.0,STRIPE_CARD,5,1,0,0
FACT02738,20260602,CLN01,SRV03,MAS148,VET02,PORTAL_WEB,NO_ASISTIO,0,0,25000,0.0,0.0,NO_APLICA,,0,1,0
FACT02739,20260602,CLN04,SRV03,MAS131,VET06,PORTAL_WEB,CANCELADA,0,0,25000,0.0,0.0,NO_APLICA,,0,0,1
FACT02740,20260602,CLN06,SRV08,MAS031,VET09,PORTAL_WEB,CANCELADA,0,0,50000,0.0,0.0,NO_APLICA,,0,0,1
FACT02741,20260602,CLN04,SRV04,MAS060,VET07,PORTAL_WEB,COMPLETADA,19,85,220000,0.0,220000.0,EFECTIVO,4,1,0,0
FACT02742,20260602,CLN05,SRV03,MAS104,VET08,AGENTE_NOVA_CHATBOT,CANCELADA,0,0,25000,0.0,0.0,NO_APLICA,,0,0,1
FACT02743,20260603,CLN01,SRV04,MAS023,VET01,PORTAL_WEB,NO_ASISTIO,0,0,220000,0.0,0.0,NO_APLICA,,0,1,0
FACT02744,20260603,CLN03,SRV01,MAS029,VET05,AGENTE_NOVA_CHATBOT,COMPLETADA,29,43,45000,0.0,45000.0,TRANSFERENCIA_NEQUI,4,1,0,0
FACT02745,20260603,CLN04,SRV07,MAS046,VET06,OPTIMIZACION_GEO_PLEB,COMPLETADA,15,72,150000,15000.0,135000.0,STRIPE_CARD,5,1,0,0
FACT02746,20260603,CLN03,SRV03,MAS070,VET05,OPTIMIZACION_GEO_PLEB,COMPLETADA,34,26,25000,2500.0,22500.0,EFECTIVO,4,1,0,0
FACT02747,20260604,CLN02,SRV03,MAS020,VET03,OPTIMIZACION_GEO_PLEB,COMPLETADA,8,23,25000,2500.0,22500.0,STRIPE_CARD,5,1,0,0
FACT02748,20260604,CLN04,SRV05,MAS057,VET07,PORTAL_WEB,NO_ASISTIO,0,0,85000,0.0,0.0,NO_APLICA,,0,1,0
FACT02749,20260604,CLN03,SRV02,MAS098,VET05,AGENTE_NOVA_CHATBOT,NO_ASISTIO,0,0,35000,0.0,0.0,NO_APLICA,,0,1,0
FACT02750,20260604,CLN05,SRV02,MAS085,VET08,PORTAL_WEB,COMPLETADA,35,29,35000,0.0,35000.0,STRIPE_CARD,4,1,0,0
FACT02751,20260604,CLN04,SRV03,MAS106,VET06,AGENTE_NOVA_CHATBOT,NO_ASISTIO,0,0,25000,0.0,0.0,NO_APLICA,,0,1,0
FACT02752,20260604,CLN01,SRV01,MAS053,VET02,OPTIMIZACION_GEO_PLEB,COMPLETADA,25,42,45000,4500.0,40500.0,STRIPE_CARD,5,1,0,0
FACT02753,20260604,CLN04,SRV07,MAS039,VET06,PORTAL_WEB,CANCELADA,0,0,150000,0.0,0.0,NO_APLICA,,0,0,1
FACT02754,20260604,CLN05,SRV03,MAS076,VET08,OPTIMIZACION_GEO_PLEB,COMPLETADA,15,10,25000,2500.0,22500.0,STRIPE_CARD,4,1,0,0
FACT02755,20260605,CLN02,SRV03,MAS120,VET04,AGENTE_NOVA_CHATBOT,NO_ASISTIO,0,0,25000,0.0,0.0,NO_APLICA,,0,1,0
FACT02756,20260605,CLN01,SRV07,MAS139,VET01,RECEPCION_PRESENCIAL,COMPLETADA,34,73,150000,0.0,150000.0,TRANSFERENCIA_NEQUI,4,1,0,0
FACT02757,20260605,CLN01,SRV08,MAS104,VET01,PORTAL_WEB,COMPLETADA,5,72,50000,0.0,50000.0,STRIPE_CARD,5,1,0,0
FACT02758,20260605,CLN01,SRV02,MAS117,VET01,PORTAL_WEB,COMPLETADA,34,28,35000,0.0,35000.0,EFECTIVO,5,1,0,0
FACT02759,20260605,CLN03,SRV04,MAS084,VET05,RECEPCION_PRESENCIAL,CANCELADA,0,0,220000,0.0,0.0,NO_APLICA,,0,0,1
FACT02760,20260605,CLN06,SRV05,MAS086,VET09,RECEPCION_PRESENCIAL,CANCELADA,0,0,85000,0.0,0.0,NO_APLICA,,0,0,1
FACT02761,20260606,CLN01,SRV01,MAS076,VET01,PORTAL_WEB,NO_ASISTIO,0,0,45000,0.0,0.0,NO_APLICA,,0,1,0
FACT02762,20260606,CLN03,SRV06,MAS056,VET05,OPTIMIZACION_GEO_PLEB,COMPLETADA,5,53,120000,12000.0,108000.0,STRIPE_CARD,5,1,0,0
FACT02763,20260606,CLN02,SRV06,MAS064,VET04,PORTAL_WEB,COMPLETADA,22,43,120000,0.0,120000.0,TRANSFERENCIA_NEQUI,4,1,0,0
FACT02764,20260607,CLN06,SRV04,MAS097,VET09,RECEPCION_PRESENCIAL,NO_ASISTIO,0,0,220000,0.0,0.0,NO_APLICA,,0,1,0
FACT02765,20260607,CLN01,SRV05,MAS063,VET01,AGENTE_NOVA_CHATBOT,COMPLETADA,9,29,85000,0.0,85000.0,EFECTIVO,5,1,0,0
FACT02766,20260607,CLN02,SRV05,MAS129,VET04,OPTIMIZACION_GEO_PLEB,COMPLETADA,31,34,85000,8500.0,76500.0,EFECTIVO,4,1,0,0
FACT02767,20260607,CLN06,SRV04,MAS103,VET09,AGENTE_NOVA_CHATBOT,NO_ASISTIO,0,0,220000,0.0,0.0,NO_APLICA,,0,1,0
FACT02768,20260607,CLN05,SRV02,MAS091,VET08,OPTIMIZACION_GEO_PLEB,NO_ASISTIO,0,0,35000,3500.0,0.0,NO_APLICA,,0,1,0
FACT02769,20260607,CLN04,SRV04,MAS133,VET07,AGENTE_NOVA_CHATBOT,COMPLETADA,35,97,220000,0.0,220000.0,STRIPE_CARD,5,1,0,0
FACT02770,20260607,CLN02,SRV07,MAS010,VET03,RECEPCION_PRESENCIAL,COMPLETADA,30,69,150000,0.0,150000.0,TRANSFERENCIA_NEQUI,4,1,0,0
FACT02771,20260607,CLN03,SRV03,MAS096,VET05,AGENTE_NOVA_CHATBOT,CANCELADA,0,0,25000,0.0,0.0,NO_APLICA,,0,0,1
FACT02772,20260607,CLN05,SRV03,MAS035,VET08,PORTAL_WEB,NO_ASISTIO,0,0,25000,0.0,0.0,NO_APLICA,,0,1,0
FACT02773,20260608,CLN02,SRV03,MAS043,VET04,OPTIMIZACION_GEO_PLEB,COMPLETADA,24,14,25000,2500.0,22500.0,TRANSFERENCIA_NEQUI,5,1,0,0
FACT02774,20260608,CLN04,SRV08,MAS146,VET06,RECEPCION_PRESENCIAL,CANCELADA,0,0,50000,0.0,0.0,NO_APLICA,,0,0,1
FACT02775,20260608,CLN02,SRV06,MAS097,VET03,OPTIMIZACION_GEO_PLEB,CANCELADA,0,0,120000,12000.0,0.0,NO_APLICA,,0,0,1
FACT02776,20260608,CLN05,SRV04,MAS056,VET08,OPTIMIZACION_GEO_PLEB,COMPLETADA,28,100,220000,22000.0,198000.0,TRANSFERENCIA_NEQUI,3,1,0,0
FACT02777,20260608,CLN05,SRV08,MAS116,VET08,PORTAL_WEB,CANCELADA,0,0,50000,0.0,0.0,NO_APLICA,,0,0,1
FACT02778,20260609,CLN04,SRV05,MAS032,VET06,AGENTE_NOVA_CHATBOT,COMPLETADA,21,25,85000,0.0,85000.0,EFECTIVO,5,1,0,0
FACT02779,20260609,CLN05,SRV02,MAS084,VET08,OPTIMIZACION_GEO_PLEB,COMPLETADA,21,21,35000,3500.0,31500.0,STRIPE_CARD,1,1,0,0
FACT02780,20260609,CLN02,SRV07,MAS003,VET03,PORTAL_WEB,COMPLETADA,33,57,150000,0.0,150000.0,STRIPE_CARD,5,1,0,0
FACT02781,20260609,CLN06,SRV07,MAS038,VET10,PORTAL_WEB,CANCELADA,0,0,150000,0.0,0.0,NO_APLICA,,0,0,1
FACT02782,20260609,CLN03,SRV01,MAS073,VET05,OPTIMIZACION_GEO_PLEB,NO_ASISTIO,0,0,45000,4500.0,0.0,NO_APLICA,,0,1,0
FACT02783,20260610,CLN02,SRV02,MAS005,VET04,OPTIMIZACION_GEO_PLEB,COMPLETADA,30,33,35000,3500.0,31500.0,STRIPE_CARD,5,1,0,0
FACT02784,20260610,CLN06,SRV03,MAS009,VET10,OPTIMIZACION_GEO_PLEB,CANCELADA,0,0,25000,2500.0,0.0,NO_APLICA,,0,0,1
FACT02785,20260610,CLN05,SRV06,MAS099,VET08,PORTAL_WEB,COMPLETADA,28,39,120000,0.0,120000.0,STRIPE_CARD,5,1,0,0
FACT02786,20260611,CLN05,SRV01,MAS133,VET08,PORTAL_WEB,COMPLETADA,15,32,45000,0.0,45000.0,TRANSFERENCIA_NEQUI,5,1,0,0
FACT02787,20260611,CLN04,SRV02,MAS067,VET07,OPTIMIZACION_GEO_PLEB,CANCELADA,0,0,35000,3500.0,0.0,NO_APLICA,,0,0,1
FACT02788,20260611,CLN04,SRV01,MAS095,VET06,OPTIMIZACION_GEO_PLEB,COMPLETADA,9,25,45000,4500.0,40500.0,EFECTIVO,5,1,0,0
FACT02789,20260611,CLN02,SRV08,MAS105,VET03,PORTAL_WEB,COMPLETADA,34,71,50000,0.0,50000.0,EFECTIVO,5,1,0,0
FACT02790,20260611,CLN04,SRV05,MAS002,VET06,PORTAL_WEB,COMPLETADA,30,29,85000,0.0,85000.0,STRIPE_CARD,5,1,0,0
FACT02791,20260612,CLN02,SRV04,MAS019,VET04,PORTAL_WEB,NO_ASISTIO,0,0,220000,0.0,0.0,NO_APLICA,,0,1,0
FACT02792,20260612,CLN04,SRV07,MAS025,VET07,PORTAL_WEB,COMPLETADA,20,70,150000,0.0,150000.0,STRIPE_CARD,5,1,0,0
FACT02793,20260612,CLN01,SRV06,MAS016,VET02,RECEPCION_PRESENCIAL,COMPLETADA,7,53,120000,0.0,120000.0,STRIPE_CARD,4,1,0,0
FACT02794,20260612,CLN01,SRV06,MAS150,VET01,PORTAL_WEB,CANCELADA,0,0,120000,0.0,0.0,NO_APLICA,,0,0,1
FACT02795,20260612,CLN05,SRV08,MAS050,VET08,RECEPCION_PRESENCIAL,COMPLETADA,6,61,50000,0.0,50000.0,STRIPE_CARD,5,1,0,0
FACT02796,20260612,CLN03,SRV05,MAS115,VET05,OPTIMIZACION_GEO_PLEB,COMPLETADA,24,20,85000,8500.0,76500.0,TRANSFERENCIA_NEQUI,4,1,0,0
FACT02797,20260612,CLN04,SRV08,MAS137,VET06,PORTAL_WEB,COMPLETADA,29,62,50000,0.0,50000.0,STRIPE_CARD,5,1,0,0
FACT02798,20260612,CLN01,SRV07,MAS083,VET02,OPTIMIZACION_GEO_PLEB,COMPLETADA,7,70,150000,15000.0,135000.0,EFECTIVO,4,1,0,0
FACT02799,20260613,CLN04,SRV03,MAS138,VET06,AGENTE_NOVA_CHATBOT,CANCELADA,0,0,25000,0.0,0.0,NO_APLICA,,0,0,1
FACT02800,20260613,CLN01,SRV06,MAS099,VET02,AGENTE_NOVA_CHATBOT,COMPLETADA,6,54,120000,0.0,120000.0,EFECTIVO,3,1,0,0
FACT02801,20260613,CLN05,SRV06,MAS089,VET08,PORTAL_WEB,CANCELADA,0,0,120000,0.0,0.0,NO_APLICA,,0,0,1
FACT02802,20260614,CLN06,SRV06,MAS116,VET09,AGENTE_NOVA_CHATBOT,COMPLETADA,27,54,120000,0.0,120000.0,EFECTIVO,5,1,0,0
FACT02803,20260614,CLN02,SRV07,MAS013,VET03,RECEPCION_PRESENCIAL,NO_ASISTIO,0,0,150000,0.0,0.0,NO_APLICA,,0,1,0
FACT02804,20260614,CLN04,SRV01,MAS073,VET06,OPTIMIZACION_GEO_PLEB,COMPLETADA,12,25,45000,4500.0,40500.0,EFECTIVO,4,1,0,0
FACT02805,20260614,CLN03,SRV05,MAS005,VET05,OPTIMIZACION_GEO_PLEB,COMPLETADA,34,37,85000,8500.0,76500.0,STRIPE_CARD,5,1,0,0
FACT02806,20260614,CLN05,SRV04,MAS098,VET08,PORTAL_WEB,COMPLETADA,29,86,220000,0.0,220000.0,EFECTIVO,5,1,0,0
FACT02807,20260614,CLN05,SRV05,MAS006,VET08,RECEPCION_PRESENCIAL,NO_ASISTIO,0,0,85000,0.0,0.0,NO_APLICA,,0,1,0
FACT02808,20260614,CLN05,SRV03,MAS101,VET08,PORTAL_WEB,COMPLETADA,24,20,25000,0.0,25000.0,TRANSFERENCIA_NEQUI,5,1,0,0
FACT02809,20260614,CLN03,SRV04,MAS053,VET05,PORTAL_WEB,NO_ASISTIO,0,0,220000,0.0,0.0,NO_APLICA,,0,1,0
FACT02810,20260615,CLN06,SRV03,MAS052,VET10,PORTAL_WEB,COMPLETADA,24,24,25000,0.0,25000.0,STRIPE_CARD,5,1,0,0
FACT02811,20260615,CLN05,SRV07,MAS125,VET08,OPTIMIZACION_GEO_PLEB,COMPLETADA,28,74,150000,15000.0,135000.0,STRIPE_CARD,4,1,0,0
FACT02812,20260615,CLN05,SRV01,MAS031,VET08,OPTIMIZACION_GEO_PLEB,CANCELADA,0,0,45000,4500.0,0.0,NO_APLICA,,0,0,1
FACT02813,20260615,CLN01,SRV04,MAS021,VET02,PORTAL_WEB,COMPLETADA,26,89,220000,0.0,220000.0,TRANSFERENCIA_NEQUI,3,1,0,0
FACT02814,20260615,CLN01,SRV06,MAS138,VET01,OPTIMIZACION_GEO_PLEB,COMPLETADA,15,52,120000,12000.0,108000.0,STRIPE_CARD,5,1,0,0
FACT02815,20260616,CLN04,SRV03,MAS031,VET06,OPTIMIZACION_GEO_PLEB,COMPLETADA,25,22,25000,2500.0,22500.0,TRANSFERENCIA_NEQUI,5,1,0,0
FACT02816,20260616,CLN06,SRV03,MAS005,VET09,PORTAL_WEB,COMPLETADA,24,25,25000,0.0,25000.0,TRANSFERENCIA_NEQUI,4,1,0,0
FACT02817,20260616,CLN04,SRV06,MAS072,VET07,RECEPCION_PRESENCIAL,COMPLETADA,28,36,120000,0.0,120000.0,STRIPE_CARD,3,1,0,0
FACT02818,20260616,CLN06,SRV02,MAS114,VET09,AGENTE_NOVA_CHATBOT,COMPLETADA,17,17,35000,0.0,35000.0,EFECTIVO,3,1,0,0
FACT02819,20260616,CLN06,SRV05,MAS108,VET09,RECEPCION_PRESENCIAL,COMPLETADA,18,24,85000,0.0,85000.0,STRIPE_CARD,3,1,0,0
FACT02820,20260616,CLN02,SRV07,MAS001,VET04,PORTAL_WEB,COMPLETADA,5,59,150000,0.0,150000.0,STRIPE_CARD,4,1,0,0
FACT02821,20260616,CLN06,SRV01,MAS034,VET10,RECEPCION_PRESENCIAL,COMPLETADA,31,42,45000,0.0,45000.0,STRIPE_CARD,3,1,0,0
FACT02822,20260616,CLN02,SRV07,MAS013,VET04,PORTAL_WEB,COMPLETADA,17,62,150000,0.0,150000.0,TRANSFERENCIA_NEQUI,5,1,0,0
FACT02823,20260616,CLN02,SRV01,MAS095,VET04,PORTAL_WEB,COMPLETADA,28,41,45000,0.0,45000.0,STRIPE_CARD,3,1,0,0
FACT02824,20260617,CLN06,SRV05,MAS003,VET10,OPTIMIZACION_GEO_PLEB,CANCELADA,0,0,85000,8500.0,0.0,NO_APLICA,,0,0,1
FACT02825,20260617,CLN05,SRV01,MAS056,VET08,PORTAL_WEB,CANCELADA,0,0,45000,0.0,0.0,NO_APLICA,,0,0,1
FACT02826,20260617,CLN05,SRV03,MAS016,VET08,PORTAL_WEB,NO_ASISTIO,0,0,25000,0.0,0.0,NO_APLICA,,0,1,0
FACT02827,20260617,CLN06,SRV03,MAS094,VET09,PORTAL_WEB,COMPLETADA,24,18,25000,0.0,25000.0,STRIPE_CARD,5,1,0,0
FACT02828,20260617,CLN04,SRV08,MAS094,VET07,PORTAL_WEB,COMPLETADA,23,75,50000,0.0,50000.0,TRANSFERENCIA_NEQUI,3,1,0,0
FACT02829,20260617,CLN01,SRV07,MAS012,VET01,RECEPCION_PRESENCIAL,COMPLETADA,16,70,150000,0.0,150000.0,EFECTIVO,2,1,0,0
FACT02830,20260617,CLN03,SRV03,MAS012,VET05,AGENTE_NOVA_CHATBOT,COMPLETADA,28,27,25000,0.0,25000.0,EFECTIVO,2,1,0,0
FACT02831,20260617,CLN06,SRV06,MAS058,VET10,PORTAL_WEB,CANCELADA,0,0,120000,0.0,0.0,NO_APLICA,,0,0,1
FACT02832,20260618,CLN05,SRV02,MAS141,VET08,RECEPCION_PRESENCIAL,CANCELADA,0,0,35000,0.0,0.0,NO_APLICA,,0,0,1
FACT02833,20260618,CLN03,SRV04,MAS073,VET05,AGENTE_NOVA_CHATBOT,COMPLETADA,17,97,220000,0.0,220000.0,STRIPE_CARD,5,1,0,0
FACT02834,20260618,CLN05,SRV03,MAS032,VET08,OPTIMIZACION_GEO_PLEB,COMPLETADA,20,11,25000,2500.0,22500.0,TRANSFERENCIA_NEQUI,5,1,0,0
FACT02835,20260619,CLN01,SRV07,MAS027,VET01,PORTAL_WEB,COMPLETADA,14,72,150000,0.0,150000.0,TRANSFERENCIA_NEQUI,5,1,0,0
FACT02836,20260619,CLN01,SRV08,MAS040,VET02,RECEPCION_PRESENCIAL,COMPLETADA,5,59,50000,0.0,50000.0,STRIPE_CARD,5,1,0,0
FACT02837,20260619,CLN03,SRV01,MAS019,VET05,PORTAL_WEB,COMPLETADA,26,25,45000,0.0,45000.0,STRIPE_CARD,5,1,0,0
FACT02838,20260619,CLN06,SRV07,MAS128,VET09,AGENTE_NOVA_CHATBOT,COMPLETADA,18,56,150000,0.0,150000.0,TRANSFERENCIA_NEQUI,5,1,0,0
FACT02839,20260619,CLN05,SRV06,MAS034,VET08,AGENTE_NOVA_CHATBOT,COMPLETADA,14,37,120000,0.0,120000.0,EFECTIVO,5,1,0,0
FACT02840,20260619,CLN03,SRV05,MAS015,VET05,RECEPCION_PRESENCIAL,NO_ASISTIO,0,0,85000,0.0,0.0,NO_APLICA,,0,1,0
FACT02841,20260620,CLN06,SRV04,MAS025,VET10,AGENTE_NOVA_CHATBOT,NO_ASISTIO,0,0,220000,0.0,0.0,NO_APLICA,,0,1,0
FACT02842,20260620,CLN06,SRV01,MAS082,VET10,RECEPCION_PRESENCIAL,NO_ASISTIO,0,0,45000,0.0,0.0,NO_APLICA,,0,1,0
FACT02843,20260620,CLN01,SRV07,MAS112,VET01,AGENTE_NOVA_CHATBOT,NO_ASISTIO,0,0,150000,0.0,0.0,NO_APLICA,,0,1,0
FACT02844,20260620,CLN06,SRV04,MAS110,VET10,RECEPCION_PRESENCIAL,COMPLETADA,33,88,220000,0.0,220000.0,STRIPE_CARD,4,1,0,0
FACT02845,20260620,CLN03,SRV05,MAS144,VET05,RECEPCION_PRESENCIAL,COMPLETADA,22,20,85000,0.0,85000.0,TRANSFERENCIA_NEQUI,5,1,0,0
FACT02846,20260621,CLN02,SRV08,MAS122,VET03,PORTAL_WEB,NO_ASISTIO,0,0,50000,0.0,0.0,NO_APLICA,,0,1,0
FACT02847,20260621,CLN05,SRV04,MAS002,VET08,PORTAL_WEB,NO_ASISTIO,0,0,220000,0.0,0.0,NO_APLICA,,0,1,0
FACT02848,20260621,CLN05,SRV03,MAS007,VET08,AGENTE_NOVA_CHATBOT,CANCELADA,0,0,25000,0.0,0.0,NO_APLICA,,0,0,1
FACT02849,20260622,CLN04,SRV04,MAS049,VET06,OPTIMIZACION_GEO_PLEB,COMPLETADA,27,100,220000,22000.0,198000.0,STRIPE_CARD,5,1,0,0
FACT02850,20260622,CLN02,SRV05,MAS067,VET04,PORTAL_WEB,COMPLETADA,32,37,85000,0.0,85000.0,EFECTIVO,2,1,0,0
FACT02851,20260622,CLN02,SRV07,MAS118,VET03,OPTIMIZACION_GEO_PLEB,COMPLETADA,32,73,150000,15000.0,135000.0,EFECTIVO,4,1,0,0
FACT02852,20260622,CLN02,SRV08,MAS061,VET04,PORTAL_WEB,CANCELADA,0,0,50000,0.0,0.0,NO_APLICA,,0,0,1
FACT02853,20260622,CLN02,SRV03,MAS012,VET04,PORTAL_WEB,COMPLETADA,26,15,25000,0.0,25000.0,STRIPE_CARD,5,1,0,0
FACT02854,20260622,CLN03,SRV02,MAS109,VET05,PORTAL_WEB,CANCELADA,0,0,35000,0.0,0.0,NO_APLICA,,0,0,1
FACT02855,20260623,CLN02,SRV05,MAS036,VET04,AGENTE_NOVA_CHATBOT,COMPLETADA,20,22,85000,0.0,85000.0,STRIPE_CARD,4,1,0,0
FACT02856,20260623,CLN05,SRV08,MAS085,VET08,PORTAL_WEB,COMPLETADA,15,63,50000,0.0,50000.0,STRIPE_CARD,4,1,0,0
FACT02857,20260623,CLN04,SRV08,MAS083,VET06,OPTIMIZACION_GEO_PLEB,COMPLETADA,27,74,50000,5000.0,45000.0,STRIPE_CARD,4,1,0,0
FACT02858,20260623,CLN05,SRV02,MAS008,VET08,RECEPCION_PRESENCIAL,COMPLETADA,30,24,35000,0.0,35000.0,STRIPE_CARD,1,1,0,0
FACT02859,20260624,CLN02,SRV07,MAS039,VET03,RECEPCION_PRESENCIAL,COMPLETADA,19,69,150000,0.0,150000.0,STRIPE_CARD,5,1,0,0
FACT02860,20260624,CLN01,SRV01,MAS102,VET02,AGENTE_NOVA_CHATBOT,COMPLETADA,28,40,45000,0.0,45000.0,TRANSFERENCIA_NEQUI,5,1,0,0
FACT02861,20260624,CLN01,SRV06,MAS014,VET01,RECEPCION_PRESENCIAL,COMPLETADA,30,36,120000,0.0,120000.0,EFECTIVO,5,1,0,0
FACT02862,20260624,CLN02,SRV03,MAS074,VET04,PORTAL_WEB,COMPLETADA,25,25,25000,0.0,25000.0,EFECTIVO,4,1,0,0
FACT02863,20260624,CLN06,SRV03,MAS127,VET09,PORTAL_WEB,COMPLETADA,26,30,25000,0.0,25000.0,TRANSFERENCIA_NEQUI,3,1,0,0
FACT02864,20260624,CLN03,SRV07,MAS117,VET05,PORTAL_WEB,COMPLETADA,16,73,150000,0.0,150000.0,TRANSFERENCIA_NEQUI,2,1,0,0
FACT02865,20260624,CLN02,SRV01,MAS063,VET03,RECEPCION_PRESENCIAL,NO_ASISTIO,0,0,45000,0.0,0.0,NO_APLICA,,0,1,0
FACT02866,20260624,CLN02,SRV07,MAS068,VET04,PORTAL_WEB,COMPLETADA,14,73,150000,0.0,150000.0,EFECTIVO,5,1,0,0
FACT02867,20260625,CLN04,SRV02,MAS134,VET06,OPTIMIZACION_GEO_PLEB,COMPLETADA,27,33,35000,3500.0,31500.0,EFECTIVO,4,1,0,0
FACT02868,20260625,CLN05,SRV05,MAS130,VET08,PORTAL_WEB,COMPLETADA,23,39,85000,0.0,85000.0,EFECTIVO,3,1,0,0
FACT02869,20260625,CLN01,SRV04,MAS037,VET02,RECEPCION_PRESENCIAL,COMPLETADA,14,91,220000,0.0,220000.0,STRIPE_CARD,5,1,0,0
FACT02870,20260625,CLN05,SRV07,MAS026,VET08,PORTAL_WEB,COMPLETADA,10,72,150000,0.0,150000.0,STRIPE_CARD,4,1,0,0
FACT02871,20260625,CLN06,SRV06,MAS074,VET09,AGENTE_NOVA_CHATBOT,CANCELADA,0,0,120000,0.0,0.0,NO_APLICA,,0,0,1
FACT02872,20260625,CLN02,SRV01,MAS002,VET04,PORTAL_WEB,NO_ASISTIO,0,0,45000,0.0,0.0,NO_APLICA,,0,1,0
FACT02873,20260625,CLN02,SRV07,MAS042,VET04,PORTAL_WEB,COMPLETADA,31,73,150000,0.0,150000.0,EFECTIVO,1,1,0,0
FACT02874,20260626,CLN03,SRV03,MAS088,VET05,RECEPCION_PRESENCIAL,COMPLETADA,28,26,25000,0.0,25000.0,STRIPE_CARD,4,1,0,0
FACT02875,20260626,CLN05,SRV03,MAS053,VET08,OPTIMIZACION_GEO_PLEB,COMPLETADA,25,27,25000,2500.0,22500.0,STRIPE_CARD,4,1,0,0
FACT02876,20260626,CLN03,SRV02,MAS100,VET05,PORTAL_WEB,CANCELADA,0,0,35000,0.0,0.0,NO_APLICA,,0,0,1
FACT02877,20260626,CLN04,SRV04,MAS066,VET06,AGENTE_NOVA_CHATBOT,CANCELADA,0,0,220000,0.0,0.0,NO_APLICA,,0,0,1
FACT02878,20260626,CLN04,SRV08,MAS148,VET07,OPTIMIZACION_GEO_PLEB,CANCELADA,0,0,50000,5000.0,0.0,NO_APLICA,,0,0,1
FACT02879,20260626,CLN03,SRV01,MAS084,VET05,RECEPCION_PRESENCIAL,CANCELADA,0,0,45000,0.0,0.0,NO_APLICA,,0,0,1
FACT02880,20260627,CLN04,SRV07,MAS050,VET07,OPTIMIZACION_GEO_PLEB,NO_ASISTIO,0,0,150000,15000.0,0.0,NO_APLICA,,0,1,0
FACT02881,20260627,CLN02,SRV08,MAS040,VET03,RECEPCION_PRESENCIAL,COMPLETADA,30,58,50000,0.0,50000.0,STRIPE_CARD,5,1,0,0
FACT02882,20260627,CLN05,SRV07,MAS022,VET08,RECEPCION_PRESENCIAL,COMPLETADA,9,55,150000,0.0,150000.0,EFECTIVO,5,1,0,0
FACT02883,20260627,CLN03,SRV08,MAS130,VET05,AGENTE_NOVA_CHATBOT,COMPLETADA,15,70,50000,0.0,50000.0,TRANSFERENCIA_NEQUI,4,1,0,0
FACT02884,20260627,CLN03,SRV06,MAS127,VET05,PORTAL_WEB,COMPLETADA,35,40,120000,0.0,120000.0,TRANSFERENCIA_NEQUI,5,1,0,0
FACT02885,20260627,CLN03,SRV01,MAS014,VET05,OPTIMIZACION_GEO_PLEB,COMPLETADA,19,35,45000,4500.0,40500.0,TRANSFERENCIA_NEQUI,4,1,0,0
FACT02886,20260627,CLN05,SRV05,MAS015,VET08,PORTAL_WEB,COMPLETADA,18,32,85000,0.0,85000.0,EFECTIVO,5,1,0,0
FACT02887,20260627,CLN01,SRV03,MAS066,VET01,AGENTE_NOVA_CHATBOT,COMPLETADA,7,26,25000,0.0,25000.0,TRANSFERENCIA_NEQUI,4,1,0,0
FACT02888,20260628,CLN01,SRV04,MAS052,VET01,RECEPCION_PRESENCIAL,CANCELADA,0,0,220000,0.0,0.0,NO_APLICA,,0,0,1
FACT02889,20260628,CLN05,SRV01,MAS132,VET08,AGENTE_NOVA_CHATBOT,COMPLETADA,31,40,45000,0.0,45000.0,STRIPE_CARD,3,1,0,0
FACT02890,20260628,CLN04,SRV04,MAS105,VET06,PORTAL_WEB,COMPLETADA,33,104,220000,0.0,220000.0,EFECTIVO,5,1,0,0
FACT02891,20260628,CLN02,SRV07,MAS016,VET03,PORTAL_WEB,COMPLETADA,30,65,150000,0.0,150000.0,STRIPE_CARD,4,1,0,0
FACT02892,20260628,CLN01,SRV02,MAS055,VET02,OPTIMIZACION_GEO_PLEB,COMPLETADA,5,33,35000,3500.0,31500.0,STRIPE_CARD,4,1,0,0
FACT02893,20260629,CLN05,SRV08,MAS148,VET08,PORTAL_WEB,COMPLETADA,31,63,50000,0.0,50000.0,STRIPE_CARD,5,1,0,0
FACT02894,20260629,CLN05,SRV02,MAS054,VET08,RECEPCION_PRESENCIAL,COMPLETADA,24,23,35000,0.0,35000.0,EFECTIVO,4,1,0,0
FACT02895,20260629,CLN03,SRV08,MAS053,VET05,RECEPCION_PRESENCIAL,COMPLETADA,29,70,50000,0.0,50000.0,STRIPE_CARD,5,1,0,0
FACT02896,20260629,CLN05,SRV08,MAS058,VET08,AGENTE_NOVA_CHATBOT,CANCELADA,0,0,50000,0.0,0.0,NO_APLICA,,0,0,1
FACT02897,20260629,CLN06,SRV06,MAS150,VET09,OPTIMIZACION_GEO_PLEB,NO_ASISTIO,0,0,120000,12000.0,0.0,NO_APLICA,,0,1,0
FACT02898,20260629,CLN01,SRV07,MAS001,VET01,OPTIMIZACION_GEO_PLEB,COMPLETADA,13,63,150000,15000.0,135000.0,STRIPE_CARD,5,1,0,0
FACT02899,20260629,CLN02,SRV06,MAS136,VET03,PORTAL_WEB,CANCELADA,0,0,120000,0.0,0.0,NO_APLICA,,0,0,1
FACT02900,20260629,CLN03,SRV01,MAS120,VET05,AGENTE_NOVA_CHATBOT,COMPLETADA,9,26,45000,0.0,45000.0,TRANSFERENCIA_NEQUI,5,1,0,0
FACT02901,20260629,CLN06,SRV08,MAS074,VET10,RECEPCION_PRESENCIAL,CANCELADA,0,0,50000,0.0,0.0,NO_APLICA,,0,0,1
FACT02902,20260630,CLN03,SRV02,MAS080,VET05,OPTIMIZACION_GEO_PLEB,COMPLETADA,33,28,35000,3500.0,31500.0,STRIPE_CARD,4,1,0,0
FACT02903,20260630,CLN02,SRV03,MAS082,VET03,OPTIMIZACION_GEO_PLEB,NO_ASISTIO,0,0,25000,2500.0,0.0,NO_APLICA,,0,1,0
FACT02904,20260630,CLN04,SRV02,MAS147,VET07,PORTAL_WEB,COMPLETADA,12,35,35000,0.0,35000.0,STRIPE_CARD,4,1,0,0
FACT02905,20260630,CLN04,SRV06,MAS141,VET06,OPTIMIZACION_GEO_PLEB,COMPLETADA,29,43,120000,12000.0,108000.0,TRANSFERENCIA_NEQUI,5,1,0,0
FACT02906,20260630,CLN04,SRV04,MAS026,VET07,PORTAL_WEB,COMPLETADA,27,85,220000,0.0,220000.0,STRIPE_CARD,5,1,0,0
FACT02907,20260630,CLN05,SRV02,MAS096,VET08,OPTIMIZACION_GEO_PLEB,COMPLETADA,34,17,35000,3500.0,31500.0,STRIPE_CARD,5,1,0,0
FACT02908,20260701,CLN02,SRV06,MAS088,VET04,AGENTE_NOVA_CHATBOT,CANCELADA,0,0,120000,0.0,0.0,NO_APLICA,,0,0,1
FACT02909,20260701,CLN04,SRV07,MAS040,VET06,PORTAL_WEB,COMPLETADA,19,59,150000,0.0,150000.0,TRANSFERENCIA_NEQUI,5,1,0,0
FACT02910,20260701,CLN01,SRV01,MAS039,VET02,PORTAL_WEB,COMPLETADA,20,43,45000,0.0,45000.0,TRANSFERENCIA_NEQUI,5,1,0,0
FACT02911,20260701,CLN03,SRV08,MAS015,VET05,OPTIMIZACION_GEO_PLEB,NO_ASISTIO,0,0,50000,5000.0,0.0,NO_APLICA,,0,1,0
FACT02912,20260701,CLN03,SRV08,MAS149,VET05,AGENTE_NOVA_CHATBOT,COMPLETADA,7,75,50000,0.0,50000.0,TRANSFERENCIA_NEQUI,4,1,0,0
FACT02913,20260702,CLN03,SRV04,MAS135,VET05,OPTIMIZACION_GEO_PLEB,COMPLETADA,22,104,220000,22000.0,198000.0,TRANSFERENCIA_NEQUI,4,1,0,0
FACT02914,20260702,CLN06,SRV08,MAS132,VET09,AGENTE_NOVA_CHATBOT,COMPLETADA,23,57,50000,0.0,50000.0,STRIPE_CARD,5,1,0,0
FACT02915,20260702,CLN05,SRV06,MAS131,VET08,RECEPCION_PRESENCIAL,CANCELADA,0,0,120000,0.0,0.0,NO_APLICA,,0,0,1
FACT02916,20260702,CLN02,SRV04,MAS130,VET04,OPTIMIZACION_GEO_PLEB,COMPLETADA,21,99,220000,22000.0,198000.0,STRIPE_CARD,5,1,0,0
FACT02917,20260702,CLN02,SRV08,MAS103,VET03,PORTAL_WEB,COMPLETADA,12,73,50000,0.0,50000.0,STRIPE_CARD,5,1,0,0
FACT02918,20260702,CLN02,SRV01,MAS086,VET03,PORTAL_WEB,NO_ASISTIO,0,0,45000,0.0,0.0,NO_APLICA,,0,1,0
FACT02919,20260703,CLN05,SRV03,MAS146,VET08,OPTIMIZACION_GEO_PLEB,NO_ASISTIO,0,0,25000,2500.0,0.0,NO_APLICA,,0,1,0
FACT02920,20260703,CLN05,SRV02,MAS131,VET08,PORTAL_WEB,COMPLETADA,25,30,35000,0.0,35000.0,TRANSFERENCIA_NEQUI,5,1,0,0
FACT02921,20260703,CLN04,SRV02,MAS013,VET06,OPTIMIZACION_GEO_PLEB,COMPLETADA,9,22,35000,3500.0,31500.0,STRIPE_CARD,5,1,0,0
FACT02922,20260703,CLN05,SRV07,MAS142,VET08,PORTAL_WEB,CANCELADA,0,0,150000,0.0,0.0,NO_APLICA,,0,0,1
FACT02923,20260703,CLN02,SRV07,MAS078,VET04,RECEPCION_PRESENCIAL,CANCELADA,0,0,150000,0.0,0.0,NO_APLICA,,0,0,1
FACT02924,20260703,CLN01,SRV06,MAS012,VET01,RECEPCION_PRESENCIAL,COMPLETADA,15,49,120000,0.0,120000.0,TRANSFERENCIA_NEQUI,4,1,0,0
FACT02925,20260703,CLN05,SRV04,MAS087,VET08,RECEPCION_PRESENCIAL,COMPLETADA,5,100,220000,0.0,220000.0,STRIPE_CARD,5,1,0,0
FACT02926,20260704,CLN02,SRV02,MAS083,VET03,AGENTE_NOVA_CHATBOT,COMPLETADA,25,16,35000,0.0,35000.0,EFECTIVO,4,1,0,0
FACT02927,20260704,CLN04,SRV06,MAS033,VET06,PORTAL_WEB,NO_ASISTIO,0,0,120000,0.0,0.0,NO_APLICA,,0,1,0
FACT02928,20260704,CLN05,SRV04,MAS133,VET08,AGENTE_NOVA_CHATBOT,COMPLETADA,13,86,220000,0.0,220000.0,STRIPE_CARD,5,1,0,0
FACT02929,20260704,CLN01,SRV05,MAS017,VET01,RECEPCION_PRESENCIAL,COMPLETADA,35,21,85000,0.0,85000.0,STRIPE_CARD,4,1,0,0
FACT02930,20260704,CLN02,SRV06,MAS013,VET03,RECEPCION_PRESENCIAL,COMPLETADA,22,49,120000,0.0,120000.0,TRANSFERENCIA_NEQUI,5,1,0,0
FACT02931,20260704,CLN05,SRV01,MAS150,VET08,RECEPCION_PRESENCIAL,NO_ASISTIO,0,0,45000,0.0,0.0,NO_APLICA,,0,1,0
FACT02932,20260704,CLN04,SRV01,MAS037,VET07,AGENTE_NOVA_CHATBOT,COMPLETADA,30,45,45000,0.0,45000.0,TRANSFERENCIA_NEQUI,5,1,0,0
FACT02933,20260704,CLN05,SRV05,MAS106,VET08,OPTIMIZACION_GEO_PLEB,COMPLETADA,30,29,85000,8500.0,76500.0,STRIPE_CARD,5,1,0,0
FACT02934,20260704,CLN04,SRV05,MAS006,VET07,RECEPCION_PRESENCIAL,COMPLETADA,11,24,85000,0.0,85000.0,TRANSFERENCIA_NEQUI,4,1,0,0
FACT02935,20260705,CLN04,SRV02,MAS091,VET06,RECEPCION_PRESENCIAL,CANCELADA,0,0,35000,0.0,0.0,NO_APLICA,,0,0,1
FACT02936,20260705,CLN03,SRV03,MAS038,VET05,RECEPCION_PRESENCIAL,NO_ASISTIO,0,0,25000,0.0,0.0,NO_APLICA,,0,1,0
FACT02937,20260705,CLN02,SRV07,MAS144,VET03,PORTAL_WEB,NO_ASISTIO,0,0,150000,0.0,0.0,NO_APLICA,,0,1,0
FACT02938,20260705,CLN06,SRV03,MAS145,VET09,AGENTE_NOVA_CHATBOT,COMPLETADA,22,21,25000,0.0,25000.0,EFECTIVO,2,1,0,0
FACT02939,20260706,CLN02,SRV04,MAS045,VET03,PORTAL_WEB,COMPLETADA,17,96,220000,0.0,220000.0,EFECTIVO,5,1,0,0
FACT02940,20260706,CLN06,SRV04,MAS150,VET10,RECEPCION_PRESENCIAL,COMPLETADA,5,99,220000,0.0,220000.0,EFECTIVO,3,1,0,0
FACT02941,20260706,CLN03,SRV08,MAS066,VET05,PORTAL_WEB,COMPLETADA,28,58,50000,0.0,50000.0,EFECTIVO,5,1,0,0
FACT02942,20260706,CLN05,SRV02,MAS125,VET08,OPTIMIZACION_GEO_PLEB,COMPLETADA,8,28,35000,3500.0,31500.0,STRIPE_CARD,5,1,0,0
FACT02943,20260706,CLN03,SRV03,MAS043,VET05,OPTIMIZACION_GEO_PLEB,COMPLETADA,26,13,25000,2500.0,22500.0,STRIPE_CARD,5,1,0,0
FACT02944,20260706,CLN06,SRV02,MAS059,VET10,AGENTE_NOVA_CHATBOT,COMPLETADA,26,30,35000,0.0,35000.0,STRIPE_CARD,5,1,0,0
FACT02945,20260706,CLN06,SRV04,MAS125,VET10,AGENTE_NOVA_CHATBOT,COMPLETADA,5,89,220000,0.0,220000.0,STRIPE_CARD,4,1,0,0
FACT02946,20260706,CLN05,SRV05,MAS062,VET08,PORTAL_WEB,COMPLETADA,30,24,85000,0.0,85000.0,EFECTIVO,5,1,0,0
FACT02947,20260707,CLN01,SRV03,MAS030,VET02,PORTAL_WEB,CANCELADA,0,0,25000,0.0,0.0,NO_APLICA,,0,0,1
FACT02948,20260707,CLN04,SRV08,MAS118,VET07,OPTIMIZACION_GEO_PLEB,COMPLETADA,28,67,50000,5000.0,45000.0,TRANSFERENCIA_NEQUI,1,1,0,0
FACT02949,20260707,CLN04,SRV01,MAS036,VET06,RECEPCION_PRESENCIAL,COMPLETADA,34,32,45000,0.0,45000.0,STRIPE_CARD,5,1,0,0
FACT02950,20260707,CLN02,SRV03,MAS057,VET03,OPTIMIZACION_GEO_PLEB,COMPLETADA,23,27,25000,2500.0,22500.0,STRIPE_CARD,5,1,0,0
FACT02951,20260707,CLN06,SRV07,MAS142,VET10,RECEPCION_PRESENCIAL,COMPLETADA,20,66,150000,0.0,150000.0,STRIPE_CARD,4,1,0,0
FACT02952,20260707,CLN01,SRV08,MAS019,VET02,PORTAL_WEB,COMPLETADA,25,64,50000,0.0,50000.0,TRANSFERENCIA_NEQUI,5,1,0,0
FACT02953,20260707,CLN01,SRV05,MAS007,VET02,PORTAL_WEB,CANCELADA,0,0,85000,0.0,0.0,NO_APLICA,,0,0,1
FACT02954,20260707,CLN02,SRV06,MAS017,VET03,AGENTE_NOVA_CHATBOT,COMPLETADA,32,47,120000,0.0,120000.0,TRANSFERENCIA_NEQUI,3,1,0,0
FACT02955,20260708,CLN02,SRV01,MAS029,VET04,RECEPCION_PRESENCIAL,CANCELADA,0,0,45000,0.0,0.0,NO_APLICA,,0,0,1
FACT02956,20260708,CLN02,SRV03,MAS098,VET04,PORTAL_WEB,COMPLETADA,23,28,25000,0.0,25000.0,EFECTIVO,4,1,0,0
FACT02957,20260708,CLN06,SRV06,MAS092,VET10,PORTAL_WEB,CANCELADA,0,0,120000,0.0,0.0,NO_APLICA,,0,0,1
FACT02958,20260708,CLN06,SRV08,MAS113,VET09,AGENTE_NOVA_CHATBOT,COMPLETADA,30,57,50000,0.0,50000.0,STRIPE_CARD,5,1,0,0
FACT02959,20260708,CLN01,SRV06,MAS001,VET01,AGENTE_NOVA_CHATBOT,COMPLETADA,15,37,120000,0.0,120000.0,STRIPE_CARD,4,1,0,0
FACT02960,20260709,CLN03,SRV05,MAS141,VET05,RECEPCION_PRESENCIAL,COMPLETADA,9,25,85000,0.0,85000.0,STRIPE_CARD,4,1,0,0
FACT02961,20260709,CLN05,SRV05,MAS121,VET08,PORTAL_WEB,COMPLETADA,7,28,85000,0.0,85000.0,EFECTIVO,2,1,0,0
FACT02962,20260709,CLN04,SRV06,MAS124,VET06,OPTIMIZACION_GEO_PLEB,COMPLETADA,31,41,120000,12000.0,108000.0,STRIPE_CARD,5,1,0,0
FACT02963,20260709,CLN01,SRV08,MAS135,VET02,RECEPCION_PRESENCIAL,CANCELADA,0,0,50000,0.0,0.0,NO_APLICA,,0,0,1
FACT02964,20260709,CLN05,SRV04,MAS017,VET08,PORTAL_WEB,COMPLETADA,14,85,220000,0.0,220000.0,EFECTIVO,4,1,0,0
FACT02965,20260709,CLN02,SRV08,MAS112,VET04,PORTAL_WEB,COMPLETADA,21,61,50000,0.0,50000.0,EFECTIVO,5,1,0,0
FACT02966,20260709,CLN05,SRV01,MAS026,VET08,OPTIMIZACION_GEO_PLEB,NO_ASISTIO,0,0,45000,4500.0,0.0,NO_APLICA,,0,1,0
FACT02967,20260709,CLN04,SRV02,MAS080,VET06,OPTIMIZACION_GEO_PLEB,COMPLETADA,7,25,35000,3500.0,31500.0,STRIPE_CARD,5,1,0,0
FACT02968,20260709,CLN03,SRV07,MAS124,VET05,RECEPCION_PRESENCIAL,CANCELADA,0,0,150000,0.0,0.0,NO_APLICA,,0,0,1
FACT02969,20260710,CLN06,SRV01,MAS125,VET09,PORTAL_WEB,CANCELADA,0,0,45000,0.0,0.0,NO_APLICA,,0,0,1
FACT02970,20260710,CLN05,SRV02,MAS012,VET08,RECEPCION_PRESENCIAL,CANCELADA,0,0,35000,0.0,0.0,NO_APLICA,,0,0,1
FACT02971,20260710,CLN06,SRV07,MAS078,VET10,AGENTE_NOVA_CHATBOT,COMPLETADA,29,69,150000,0.0,150000.0,TRANSFERENCIA_NEQUI,3,1,0,0
FACT02972,20260710,CLN06,SRV03,MAS110,VET09,PORTAL_WEB,CANCELADA,0,0,25000,0.0,0.0,NO_APLICA,,0,0,1
FACT02973,20260711,CLN06,SRV06,MAS068,VET09,PORTAL_WEB,COMPLETADA,5,47,120000,0.0,120000.0,STRIPE_CARD,5,1,0,0
FACT02974,20260711,CLN02,SRV03,MAS129,VET03,AGENTE_NOVA_CHATBOT,COMPLETADA,25,20,25000,0.0,25000.0,STRIPE_CARD,3,1,0,0
FACT02975,20260711,CLN06,SRV03,MAS044,VET10,PORTAL_WEB,COMPLETADA,8,19,25000,0.0,25000.0,STRIPE_CARD,4,1,0,0
FACT02976,20260711,CLN04,SRV08,MAS010,VET07,AGENTE_NOVA_CHATBOT,COMPLETADA,7,63,50000,0.0,50000.0,STRIPE_CARD,5,1,0,0
FACT02977,20260712,CLN01,SRV07,MAS064,VET02,OPTIMIZACION_GEO_PLEB,COMPLETADA,9,59,150000,15000.0,135000.0,STRIPE_CARD,5,1,0,0
FACT02978,20260712,CLN03,SRV01,MAS082,VET05,OPTIMIZACION_GEO_PLEB,COMPLETADA,9,30,45000,4500.0,40500.0,STRIPE_CARD,4,1,0,0
FACT02979,20260712,CLN03,SRV03,MAS008,VET05,OPTIMIZACION_GEO_PLEB,COMPLETADA,29,11,25000,2500.0,22500.0,STRIPE_CARD,3,1,0,0
FACT02980,20260713,CLN02,SRV05,MAS054,VET04,OPTIMIZACION_GEO_PLEB,COMPLETADA,8,26,85000,8500.0,76500.0,STRIPE_CARD,5,1,0,0
FACT02981,20260713,CLN03,SRV07,MAS030,VET05,PORTAL_WEB,COMPLETADA,12,74,150000,0.0,150000.0,TRANSFERENCIA_NEQUI,5,1,0,0
FACT02982,20260713,CLN06,SRV06,MAS033,VET10,AGENTE_NOVA_CHATBOT,COMPLETADA,10,51,120000,0.0,120000.0,EFECTIVO,5,1,0,0
FACT02983,20260713,CLN05,SRV07,MAS002,VET08,AGENTE_NOVA_CHATBOT,COMPLETADA,23,71,150000,0.0,150000.0,STRIPE_CARD,5,1,0,0
FACT02984,20260713,CLN03,SRV01,MAS150,VET05,PORTAL_WEB,COMPLETADA,18,39,45000,0.0,45000.0,TRANSFERENCIA_NEQUI,4,1,0,0
FACT02985,20260713,CLN06,SRV05,MAS147,VET09,AGENTE_NOVA_CHATBOT,CANCELADA,0,0,85000,0.0,0.0,NO_APLICA,,0,0,1
FACT02986,20260713,CLN02,SRV04,MAS092,VET04,PORTAL_WEB,COMPLETADA,15,90,220000,0.0,220000.0,TRANSFERENCIA_NEQUI,1,1,0,0
FACT02987,20260713,CLN03,SRV02,MAS069,VET05,RECEPCION_PRESENCIAL,COMPLETADA,35,20,35000,0.0,35000.0,STRIPE_CARD,5,1,0,0
FACT02988,20260713,CLN06,SRV07,MAS107,VET09,PORTAL_WEB,COMPLETADA,13,70,150000,0.0,150000.0,EFECTIVO,4,1,0,0
FACT02989,20260714,CLN02,SRV06,MAS041,VET04,RECEPCION_PRESENCIAL,COMPLETADA,29,43,120000,0.0,120000.0,TRANSFERENCIA_NEQUI,2,1,0,0
FACT02990,20260714,CLN04,SRV04,MAS087,VET07,OPTIMIZACION_GEO_PLEB,COMPLETADA,23,98,220000,22000.0,198000.0,EFECTIVO,5,1,0,0
FACT02991,20260714,CLN06,SRV03,MAS075,VET09,RECEPCION_PRESENCIAL,COMPLETADA,20,28,25000,0.0,25000.0,STRIPE_CARD,5,1,0,0
FACT02992,20260714,CLN03,SRV02,MAS041,VET05,RECEPCION_PRESENCIAL,NO_ASISTIO,0,0,35000,0.0,0.0,NO_APLICA,,0,1,0
FACT02993,20260715,CLN06,SRV04,MAS141,VET10,AGENTE_NOVA_CHATBOT,COMPLETADA,13,91,220000,0.0,220000.0,EFECTIVO,2,1,0,0
FACT02994,20260715,CLN04,SRV07,MAS064,VET07,OPTIMIZACION_GEO_PLEB,NO_ASISTIO,0,0,150000,15000.0,0.0,NO_APLICA,,0,1,0
FACT02995,20260715,CLN01,SRV02,MAS101,VET02,OPTIMIZACION_GEO_PLEB,NO_ASISTIO,0,0,35000,3500.0,0.0,NO_APLICA,,0,1,0
FACT02996,20260715,CLN02,SRV08,MAS061,VET04,OPTIMIZACION_GEO_PLEB,CANCELADA,0,0,50000,5000.0,0.0,NO_APLICA,,0,0,1
FACT02997,20260715,CLN05,SRV07,MAS025,VET08,PORTAL_WEB,COMPLETADA,26,71,150000,0.0,150000.0,TRANSFERENCIA_NEQUI,5,1,0,0
FACT02998,20260715,CLN05,SRV08,MAS023,VET08,PORTAL_WEB,COMPLETADA,5,70,50000,0.0,50000.0,TRANSFERENCIA_NEQUI,3,1,0,0
FACT02999,20260715,CLN02,SRV01,MAS121,VET04,PORTAL_WEB,NO_ASISTIO,0,0,45000,0.0,0.0,NO_APLICA,,0,1,0
FACT03000,20260715,CLN01,SRV05,MAS138,VET01,RECEPCION_PRESENCIAL,CANCELADA,0,0,85000,0.0,0.0,NO_APLICA,,0,0,1
FACT03001,20260715,CLN04,SRV03,MAS099,VET06,AGENTE_NOVA_CHATBOT,NO_ASISTIO,0,0,25000,0.0,0.0,NO_APLICA,,0,1,0
FACT03002,20260716,CLN02,SRV03,MAS032,VET03,RECEPCION_PRESENCIAL,COMPLETADA,30,16,25000,0.0,25000.0,EFECTIVO,4,1,0,0
FACT03003,20260716,CLN04,SRV03,MAS083,VET07,AGENTE_NOVA_CHATBOT,NO_ASISTIO,0,0,25000,0.0,0.0,NO_APLICA,,0,1,0
FACT03004,20260716,CLN02,SRV07,MAS076,VET03,RECEPCION_PRESENCIAL,COMPLETADA,11,61,150000,0.0,150000.0,TRANSFERENCIA_NEQUI,4,1,0,0
FACT03005,20260716,CLN02,SRV01,MAS056,VET04,OPTIMIZACION_GEO_PLEB,COMPLETADA,13,41,45000,4500.0,40500.0,STRIPE_CARD,3,1,0,0
FACT03006,20260716,CLN06,SRV03,MAS106,VET09,RECEPCION_PRESENCIAL,NO_ASISTIO,0,0,25000,0.0,0.0,NO_APLICA,,0,1,0
FACT03007,20260716,CLN06,SRV08,MAS023,VET10,RECEPCION_PRESENCIAL,CANCELADA,0,0,50000,0.0,0.0,NO_APLICA,,0,0,1
FACT03008,20260716,CLN04,SRV07,MAS141,VET06,PORTAL_WEB,COMPLETADA,15,62,150000,0.0,150000.0,STRIPE_CARD,4,1,0,0
FACT03009,20260717,CLN04,SRV03,MAS090,VET06,PORTAL_WEB,CANCELADA,0,0,25000,0.0,0.0,NO_APLICA,,0,0,1
FACT03010,20260717,CLN01,SRV04,MAS146,VET02,AGENTE_NOVA_CHATBOT,CANCELADA,0,0,220000,0.0,0.0,NO_APLICA,,0,0,1
FACT03011,20260717,CLN06,SRV02,MAS050,VET09,PORTAL_WEB,COMPLETADA,13,23,35000,0.0,35000.0,TRANSFERENCIA_NEQUI,5,1,0,0
FACT03012,20260718,CLN04,SRV05,MAS137,VET06,AGENTE_NOVA_CHATBOT,COMPLETADA,6,38,85000,0.0,85000.0,EFECTIVO,4,1,0,0
FACT03013,20260718,CLN01,SRV02,MAS112,VET01,OPTIMIZACION_GEO_PLEB,COMPLETADA,11,16,35000,3500.0,31500.0,EFECTIVO,5,1,0,0
FACT03014,20260718,CLN05,SRV02,MAS103,VET08,AGENTE_NOVA_CHATBOT,COMPLETADA,23,35,35000,0.0,35000.0,STRIPE_CARD,4,1,0,0
FACT03015,20260718,CLN01,SRV05,MAS042,VET01,PORTAL_WEB,COMPLETADA,21,37,85000,0.0,85000.0,TRANSFERENCIA_NEQUI,3,1,0,0
FACT03016,20260718,CLN04,SRV07,MAS140,VET06,PORTAL_WEB,COMPLETADA,33,74,150000,0.0,150000.0,STRIPE_CARD,4,1,0,0
FACT03017,20260718,CLN03,SRV02,MAS052,VET05,OPTIMIZACION_GEO_PLEB,COMPLETADA,33,25,35000,3500.0,31500.0,EFECTIVO,5,1,0,0
FACT03018,20260718,CLN02,SRV04,MAS082,VET03,PORTAL_WEB,COMPLETADA,18,86,220000,0.0,220000.0,STRIPE_CARD,4,1,0,0
FACT03019,20260718,CLN04,SRV04,MAS140,VET06,PORTAL_WEB,COMPLETADA,7,95,220000,0.0,220000.0,STRIPE_CARD,4,1,0,0
FACT03020,20260718,CLN06,SRV08,MAS030,VET09,PORTAL_WEB,COMPLETADA,30,58,50000,0.0,50000.0,EFECTIVO,4,1,0,0
FACT03021,20260719,CLN01,SRV05,MAS119,VET01,PORTAL_WEB,NO_ASISTIO,0,0,85000,0.0,0.0,NO_APLICA,,0,1,0
FACT03022,20260719,CLN02,SRV05,MAS024,VET03,PORTAL_WEB,COMPLETADA,31,37,85000,0.0,85000.0,EFECTIVO,5,1,0,0
FACT03023,20260719,CLN03,SRV08,MAS020,VET05,PORTAL_WEB,CANCELADA,0,0,50000,0.0,0.0,NO_APLICA,,0,0,1
FACT03024,20260719,CLN04,SRV06,MAS126,VET07,AGENTE_NOVA_CHATBOT,COMPLETADA,32,48,120000,0.0,120000.0,STRIPE_CARD,5,1,0,0
FACT03025,20260719,CLN02,SRV01,MAS128,VET03,OPTIMIZACION_GEO_PLEB,COMPLETADA,8,37,45000,4500.0,40500.0,EFECTIVO,5,1,0,0
FACT03026,20260719,CLN02,SRV03,MAS031,VET03,AGENTE_NOVA_CHATBOT,COMPLETADA,33,11,25000,0.0,25000.0,STRIPE_CARD,5,1,0,0
FACT03027,20260719,CLN01,SRV04,MAS085,VET02,RECEPCION_PRESENCIAL,COMPLETADA,24,98,220000,0.0,220000.0,STRIPE_CARD,2,1,0,0
FACT03028,20260719,CLN04,SRV07,MAS141,VET06,AGENTE_NOVA_CHATBOT,COMPLETADA,15,60,150000,0.0,150000.0,STRIPE_CARD,1,1,0,0
FACT03029,20260719,CLN06,SRV05,MAS020,VET10,PORTAL_WEB,COMPLETADA,25,31,85000,0.0,85000.0,STRIPE_CARD,5,1,0,0
FACT03030,20260720,CLN04,SRV06,MAS110,VET07,OPTIMIZACION_GEO_PLEB,COMPLETADA,14,51,120000,12000.0,108000.0,STRIPE_CARD,4,1,0,0
FACT03031,20260720,CLN01,SRV06,MAS028,VET01,AGENTE_NOVA_CHATBOT,CANCELADA,0,0,120000,0.0,0.0,NO_APLICA,,0,0,1
FACT03032,20260720,CLN04,SRV06,MAS103,VET07,AGENTE_NOVA_CHATBOT,COMPLETADA,16,51,120000,0.0,120000.0,STRIPE_CARD,5,1,0,0
FACT03033,20260720,CLN02,SRV02,MAS117,VET04,RECEPCION_PRESENCIAL,COMPLETADA,17,19,35000,0.0,35000.0,EFECTIVO,4,1,0,0
FACT03034,20260720,CLN04,SRV01,MAS067,VET07,PORTAL_WEB,COMPLETADA,20,25,45000,0.0,45000.0,STRIPE_CARD,4,1,0,0
FACT03035,20260720,CLN03,SRV02,MAS057,VET05,RECEPCION_PRESENCIAL,COMPLETADA,21,35,35000,0.0,35000.0,TRANSFERENCIA_NEQUI,2,1,0,0
FACT03036,20260720,CLN02,SRV01,MAS132,VET04,PORTAL_WEB,COMPLETADA,33,25,45000,0.0,45000.0,TRANSFERENCIA_NEQUI,5,1,0,0
FACT03037,20260720,CLN04,SRV05,MAS026,VET06,PORTAL_WEB,COMPLETADA,22,24,85000,0.0,85000.0,TRANSFERENCIA_NEQUI,5,1,0,0
FACT03038,20260721,CLN02,SRV02,MAS090,VET03,PORTAL_WEB,NO_ASISTIO,0,0,35000,0.0,0.0,NO_APLICA,,0,1,0
FACT03039,20260721,CLN02,SRV03,MAS142,VET03,PORTAL_WEB,COMPLETADA,10,27,25000,0.0,25000.0,STRIPE_CARD,5,1,0,0
FACT03040,20260721,CLN05,SRV08,MAS084,VET08,OPTIMIZACION_GEO_PLEB,COMPLETADA,11,66,50000,5000.0,45000.0,EFECTIVO,1,1,0,0
FACT03041,20260721,CLN01,SRV05,MAS024,VET01,OPTIMIZACION_GEO_PLEB,COMPLETADA,13,34,85000,8500.0,76500.0,STRIPE_CARD,4,1,0,0
FACT03042,20260722,CLN03,SRV02,MAS064,VET05,PORTAL_WEB,COMPLETADA,31,25,35000,0.0,35000.0,TRANSFERENCIA_NEQUI,5,1,0,0
FACT03043,20260722,CLN02,SRV03,MAS002,VET03,AGENTE_NOVA_CHATBOT,COMPLETADA,8,30,25000,0.0,25000.0,EFECTIVO,4,1,0,0
FACT03044,20260722,CLN04,SRV08,MAS135,VET06,PORTAL_WEB,COMPLETADA,9,72,50000,0.0,50000.0,STRIPE_CARD,5,1,0,0
FACT03045,20260722,CLN01,SRV02,MAS074,VET02,AGENTE_NOVA_CHATBOT,NO_ASISTIO,0,0,35000,0.0,0.0,NO_APLICA,,0,1,0
FACT03046,20260723,CLN03,SRV06,MAS033,VET05,PORTAL_WEB,CANCELADA,0,0,120000,0.0,0.0,NO_APLICA,,0,0,1
FACT03047,20260723,CLN06,SRV05,MAS121,VET10,RECEPCION_PRESENCIAL,CANCELADA,0,0,85000,0.0,0.0,NO_APLICA,,0,0,1
FACT03048,20260723,CLN04,SRV03,MAS141,VET07,PORTAL_WEB,COMPLETADA,7,30,25000,0.0,25000.0,STRIPE_CARD,4,1,0,0
FACT03049,20260723,CLN01,SRV04,MAS089,VET02,OPTIMIZACION_GEO_PLEB,COMPLETADA,25,85,220000,22000.0,198000.0,STRIPE_CARD,4,1,0,0
FACT03050,20260724,CLN05,SRV03,MAS025,VET08,OPTIMIZACION_GEO_PLEB,COMPLETADA,28,24,25000,2500.0,22500.0,STRIPE_CARD,5,1,0,0
FACT03051,20260724,CLN06,SRV01,MAS082,VET10,OPTIMIZACION_GEO_PLEB,COMPLETADA,15,36,45000,4500.0,40500.0,EFECTIVO,3,1,0,0
FACT03052,20260724,CLN05,SRV01,MAS140,VET08,PORTAL_WEB,COMPLETADA,23,25,45000,0.0,45000.0,TRANSFERENCIA_NEQUI,3,1,0,0
FACT03053,20260724,CLN05,SRV05,MAS092,VET08,OPTIMIZACION_GEO_PLEB,COMPLETADA,24,37,85000,8500.0,76500.0,TRANSFERENCIA_NEQUI,5,1,0,0
FACT03054,20260724,CLN01,SRV07,MAS085,VET01,RECEPCION_PRESENCIAL,COMPLETADA,12,62,150000,0.0,150000.0,EFECTIVO,5,1,0,0
FACT03055,20260724,CLN03,SRV01,MAS022,VET05,AGENTE_NOVA_CHATBOT,COMPLETADA,9,39,45000,0.0,45000.0,STRIPE_CARD,5,1,0,0
FACT03056,20260725,CLN06,SRV05,MAS142,VET09,PORTAL_WEB,COMPLETADA,16,27,85000,0.0,85000.0,EFECTIVO,4,1,0,0
FACT03057,20260725,CLN02,SRV07,MAS042,VET04,OPTIMIZACION_GEO_PLEB,NO_ASISTIO,0,0,150000,15000.0,0.0,NO_APLICA,,0,1,0
FACT03058,20260725,CLN04,SRV05,MAS078,VET07,RECEPCION_PRESENCIAL,COMPLETADA,32,25,85000,0.0,85000.0,STRIPE_CARD,5,1,0,0
FACT03059,20260725,CLN05,SRV03,MAS062,VET08,PORTAL_WEB,NO_ASISTIO,0,0,25000,0.0,0.0,NO_APLICA,,0,1,0
FACT03060,20260725,CLN03,SRV04,MAS078,VET05,PORTAL_WEB,CANCELADA,0,0,220000,0.0,0.0,NO_APLICA,,0,0,1
FACT03061,20260725,CLN01,SRV02,MAS117,VET02,PORTAL_WEB,NO_ASISTIO,0,0,35000,0.0,0.0,NO_APLICA,,0,1,0
FACT03062,20260726,CLN01,SRV06,MAS064,VET02,OPTIMIZACION_GEO_PLEB,COMPLETADA,8,45,120000,12000.0,108000.0,EFECTIVO,4,1,0,0
FACT03063,20260726,CLN04,SRV01,MAS099,VET07,RECEPCION_PRESENCIAL,COMPLETADA,23,37,45000,0.0,45000.0,EFECTIVO,5,1,0,0
FACT03064,20260726,CLN02,SRV08,MAS016,VET04,PORTAL_WEB,COMPLETADA,12,59,50000,0.0,50000.0,EFECTIVO,4,1,0,0
FACT03065,20260726,CLN06,SRV06,MAS047,VET10,PORTAL_WEB,COMPLETADA,15,55,120000,0.0,120000.0,STRIPE_CARD,4,1,0,0
FACT03066,20260726,CLN05,SRV04,MAS012,VET08,PORTAL_WEB,COMPLETADA,34,89,220000,0.0,220000.0,TRANSFERENCIA_NEQUI,4,1,0,0
FACT03067,20260727,CLN06,SRV08,MAS041,VET09,RECEPCION_PRESENCIAL,COMPLETADA,14,60,50000,0.0,50000.0,STRIPE_CARD,4,1,0,0
FACT03068,20260727,CLN01,SRV02,MAS105,VET02,OPTIMIZACION_GEO_PLEB,COMPLETADA,34,20,35000,3500.0,31500.0,EFECTIVO,3,1,0,0
FACT03069,20260727,CLN06,SRV03,MAS104,VET09,OPTIMIZACION_GEO_PLEB,COMPLETADA,11,25,25000,2500.0,22500.0,STRIPE_CARD,3,1,0,0
FACT03070,20260727,CLN04,SRV03,MAS091,VET06,PORTAL_WEB,COMPLETADA,8,17,25000,0.0,25000.0,STRIPE_CARD,4,1,0,0
FACT03071,20260728,CLN05,SRV01,MAS048,VET08,PORTAL_WEB,COMPLETADA,18,28,45000,0.0,45000.0,STRIPE_CARD,4,1,0,0
FACT03072,20260728,CLN01,SRV04,MAS055,VET01,OPTIMIZACION_GEO_PLEB,COMPLETADA,12,100,220000,22000.0,198000.0,STRIPE_CARD,4,1,0,0
FACT03073,20260728,CLN05,SRV01,MAS015,VET08,PORTAL_WEB,NO_ASISTIO,0,0,45000,0.0,0.0,NO_APLICA,,0,1,0
FACT03074,20260728,CLN02,SRV07,MAS026,VET04,PORTAL_WEB,COMPLETADA,10,65,150000,0.0,150000.0,EFECTIVO,5,1,0,0
FACT03075,20260728,CLN06,SRV02,MAS132,VET10,AGENTE_NOVA_CHATBOT,NO_ASISTIO,0,0,35000,0.0,0.0,NO_APLICA,,0,1,0
FACT03076,20260729,CLN05,SRV01,MAS116,VET08,OPTIMIZACION_GEO_PLEB,CANCELADA,0,0,45000,4500.0,0.0,NO_APLICA,,0,0,1
FACT03077,20260729,CLN02,SRV01,MAS074,VET03,PORTAL_WEB,COMPLETADA,9,32,45000,0.0,45000.0,TRANSFERENCIA_NEQUI,5,1,0,0
FACT03078,20260729,CLN06,SRV08,MAS137,VET10,AGENTE_NOVA_CHATBOT,COMPLETADA,15,67,50000,0.0,50000.0,EFECTIVO,5,1,0,0
FACT03079,20260729,CLN02,SRV01,MAS031,VET04,AGENTE_NOVA_CHATBOT,CANCELADA,0,0,45000,0.0,0.0,NO_APLICA,,0,0,1
FACT03080,20260729,CLN03,SRV02,MAS021,VET05,RECEPCION_PRESENCIAL,NO_ASISTIO,0,0,35000,0.0,0.0,NO_APLICA,,0,1,0
FACT03081,20260730,CLN04,SRV07,MAS088,VET07,AGENTE_NOVA_CHATBOT,COMPLETADA,10,70,150000,0.0,150000.0,TRANSFERENCIA_NEQUI,4,1,0,0
FACT03082,20260730,CLN01,SRV01,MAS148,VET01,OPTIMIZACION_GEO_PLEB,COMPLETADA,7,45,45000,4500.0,40500.0,STRIPE_CARD,5,1,0,0
FACT03083,20260730,CLN04,SRV01,MAS040,VET06,PORTAL_WEB,COMPLETADA,7,28,45000,0.0,45000.0,TRANSFERENCIA_NEQUI,5,1,0,0
FACT03084,20260730,CLN01,SRV08,MAS110,VET02,AGENTE_NOVA_CHATBOT,COMPLETADA,12,59,50000,0.0,50000.0,TRANSFERENCIA_NEQUI,5,1,0,0
FACT03085,20260730,CLN01,SRV03,MAS019,VET02,RECEPCION_PRESENCIAL,COMPLETADA,31,30,25000,0.0,25000.0,EFECTIVO,4,1,0,0
FACT03086,20260730,CLN06,SRV07,MAS057,VET10,PORTAL_WEB,COMPLETADA,7,64,150000,0.0,150000.0,EFECTIVO,3,1,0,0
FACT03087,20260731,CLN01,SRV01,MAS063,VET01,AGENTE_NOVA_CHATBOT,COMPLETADA,29,32,45000,0.0,45000.0,STRIPE_CARD,4,1,0,0
FACT03088,20260731,CLN02,SRV04,MAS037,VET03,RECEPCION_PRESENCIAL,COMPLETADA,16,104,220000,0.0,220000.0,TRANSFERENCIA_NEQUI,4,1,0,0
FACT03089,20260731,CLN04,SRV03,MAS123,VET06,AGENTE_NOVA_CHATBOT,CANCELADA,0,0,25000,0.0,0.0,NO_APLICA,,0,0,1
FACT03090,20260731,CLN01,SRV04,MAS128,VET02,AGENTE_NOVA_CHATBOT,COMPLETADA,23,87,220000,0.0,220000.0,EFECTIVO,3,1,0,0
FACT03091,20260801,CLN05,SRV01,MAS025,VET08,AGENTE_NOVA_CHATBOT,COMPLETADA,26,25,45000,0.0,45000.0,EFECTIVO,3,1,0,0
FACT03092,20260801,CLN02,SRV07,MAS075,VET04,RECEPCION_PRESENCIAL,COMPLETADA,19,62,150000,0.0,150000.0,EFECTIVO,3,1,0,0
FACT03093,20260801,CLN01,SRV08,MAS047,VET01,AGENTE_NOVA_CHATBOT,COMPLETADA,35,66,50000,0.0,50000.0,STRIPE_CARD,5,1,0,0
FACT03094,20260801,CLN04,SRV07,MAS081,VET07,OPTIMIZACION_GEO_PLEB,COMPLETADA,20,68,150000,15000.0,135000.0,TRANSFERENCIA_NEQUI,5,1,0,0
FACT03095,20260802,CLN03,SRV03,MAS043,VET05,OPTIMIZACION_GEO_PLEB,COMPLETADA,14,21,25000,2500.0,22500.0,STRIPE_CARD,3,1,0,0
FACT03096,20260802,CLN03,SRV03,MAS081,VET05,RECEPCION_PRESENCIAL,COMPLETADA,23,14,25000,0.0,25000.0,TRANSFERENCIA_NEQUI,1,1,0,0
FACT03097,20260802,CLN03,SRV06,MAS029,VET05,PORTAL_WEB,COMPLETADA,32,48,120000,0.0,120000.0,TRANSFERENCIA_NEQUI,4,1,0,0
FACT03098,20260802,CLN04,SRV03,MAS060,VET07,AGENTE_NOVA_CHATBOT,NO_ASISTIO,0,0,25000,0.0,0.0,NO_APLICA,,0,1,0
FACT03099,20260802,CLN06,SRV08,MAS150,VET09,AGENTE_NOVA_CHATBOT,COMPLETADA,26,63,50000,0.0,50000.0,STRIPE_CARD,3,1,0,0
FACT03100,20260802,CLN02,SRV05,MAS112,VET03,AGENTE_NOVA_CHATBOT,NO_ASISTIO,0,0,85000,0.0,0.0,NO_APLICA,,0,1,0
FACT03101,20260802,CLN01,SRV03,MAS051,VET01,RECEPCION_PRESENCIAL,COMPLETADA,19,27,25000,0.0,25000.0,STRIPE_CARD,1,1,0,0
FACT03102,20260803,CLN03,SRV08,MAS036,VET05,PORTAL_WEB,COMPLETADA,32,71,50000,0.0,50000.0,STRIPE_CARD,5,1,0,0
FACT03103,20260803,CLN04,SRV04,MAS059,VET06,OPTIMIZACION_GEO_PLEB,NO_ASISTIO,0,0,220000,22000.0,0.0,NO_APLICA,,0,1,0
FACT03104,20260803,CLN05,SRV02,MAS075,VET08,OPTIMIZACION_GEO_PLEB,COMPLETADA,26,19,35000,3500.0,31500.0,STRIPE_CARD,4,1,0,0
FACT03105,20260803,CLN04,SRV01,MAS146,VET06,AGENTE_NOVA_CHATBOT,NO_ASISTIO,0,0,45000,0.0,0.0,NO_APLICA,,0,1,0
FACT03106,20260803,CLN03,SRV07,MAS125,VET05,RECEPCION_PRESENCIAL,COMPLETADA,5,67,150000,0.0,150000.0,STRIPE_CARD,5,1,0,0
FACT03107,20260804,CLN02,SRV04,MAS002,VET04,PORTAL_WEB,COMPLETADA,9,89,220000,0.0,220000.0,STRIPE_CARD,5,1,0,0
FACT03108,20260804,CLN06,SRV05,MAS033,VET10,AGENTE_NOVA_CHATBOT,COMPLETADA,29,37,85000,0.0,85000.0,STRIPE_CARD,5,1,0,0
FACT03109,20260804,CLN04,SRV07,MAS006,VET07,PORTAL_WEB,CANCELADA,0,0,150000,0.0,0.0,NO_APLICA,,0,0,1
FACT03110,20260804,CLN06,SRV08,MAS022,VET10,PORTAL_WEB,NO_ASISTIO,0,0,50000,0.0,0.0,NO_APLICA,,0,1,0
FACT03111,20260804,CLN04,SRV06,MAS065,VET06,AGENTE_NOVA_CHATBOT,CANCELADA,0,0,120000,0.0,0.0,NO_APLICA,,0,0,1
FACT03112,20260804,CLN04,SRV01,MAS144,VET06,RECEPCION_PRESENCIAL,COMPLETADA,13,43,45000,0.0,45000.0,STRIPE_CARD,4,1,0,0
FACT03113,20260804,CLN01,SRV03,MAS067,VET01,AGENTE_NOVA_CHATBOT,CANCELADA,0,0,25000,0.0,0.0,NO_APLICA,,0,0,1
FACT03114,20260804,CLN01,SRV06,MAS013,VET01,PORTAL_WEB,NO_ASISTIO,0,0,120000,0.0,0.0,NO_APLICA,,0,1,0
FACT03115,20260805,CLN01,SRV05,MAS101,VET02,RECEPCION_PRESENCIAL,COMPLETADA,16,36,85000,0.0,85000.0,STRIPE_CARD,4,1,0,0
FACT03116,20260805,CLN05,SRV04,MAS135,VET08,OPTIMIZACION_GEO_PLEB,NO_ASISTIO,0,0,220000,22000.0,0.0,NO_APLICA,,0,1,0
FACT03117,20260805,CLN05,SRV05,MAS066,VET08,PORTAL_WEB,NO_ASISTIO,0,0,85000,0.0,0.0,NO_APLICA,,0,1,0
FACT03118,20260806,CLN03,SRV05,MAS062,VET05,AGENTE_NOVA_CHATBOT,COMPLETADA,17,32,85000,0.0,85000.0,EFECTIVO,3,1,0,0
FACT03119,20260806,CLN01,SRV06,MAS049,VET01,PORTAL_WEB,CANCELADA,0,0,120000,0.0,0.0,NO_APLICA,,0,0,1
FACT03120,20260806,CLN03,SRV08,MAS080,VET05,AGENTE_NOVA_CHATBOT,COMPLETADA,16,71,50000,0.0,50000.0,STRIPE_CARD,5,1,0,0
FACT03121,20260807,CLN06,SRV02,MAS104,VET09,AGENTE_NOVA_CHATBOT,CANCELADA,0,0,35000,0.0,0.0,NO_APLICA,,0,0,1
FACT03122,20260807,CLN04,SRV08,MAS029,VET07,RECEPCION_PRESENCIAL,COMPLETADA,22,63,50000,0.0,50000.0,STRIPE_CARD,5,1,0,0
FACT03123,20260807,CLN02,SRV02,MAS104,VET04,OPTIMIZACION_GEO_PLEB,CANCELADA,0,0,35000,3500.0,0.0,NO_APLICA,,0,0,1
FACT03124,20260807,CLN06,SRV08,MAS027,VET09,PORTAL_WEB,COMPLETADA,8,66,50000,0.0,50000.0,TRANSFERENCIA_NEQUI,4,1,0,0
FACT03125,20260807,CLN04,SRV02,MAS022,VET07,OPTIMIZACION_GEO_PLEB,CANCELADA,0,0,35000,3500.0,0.0,NO_APLICA,,0,0,1
FACT03126,20260807,CLN04,SRV08,MAS092,VET07,OPTIMIZACION_GEO_PLEB,CANCELADA,0,0,50000,5000.0,0.0,NO_APLICA,,0,0,1
FACT03127,20260807,CLN02,SRV03,MAS106,VET03,RECEPCION_PRESENCIAL,COMPLETADA,32,11,25000,0.0,25000.0,STRIPE_CARD,4,1,0,0
FACT03128,20260808,CLN05,SRV06,MAS049,VET08,AGENTE_NOVA_CHATBOT,COMPLETADA,25,52,120000,0.0,120000.0,EFECTIVO,5,1,0,0
FACT03129,20260808,CLN04,SRV08,MAS039,VET07,AGENTE_NOVA_CHATBOT,CANCELADA,0,0,50000,0.0,0.0,NO_APLICA,,0,0,1
FACT03130,20260808,CLN02,SRV04,MAS064,VET04,OPTIMIZACION_GEO_PLEB,CANCELADA,0,0,220000,22000.0,0.0,NO_APLICA,,0,0,1
FACT03131,20260808,CLN05,SRV05,MAS041,VET08,RECEPCION_PRESENCIAL,COMPLETADA,26,24,85000,0.0,85000.0,TRANSFERENCIA_NEQUI,5,1,0,0
FACT03132,20260808,CLN03,SRV02,MAS085,VET05,AGENTE_NOVA_CHATBOT,CANCELADA,0,0,35000,0.0,0.0,NO_APLICA,,0,0,1
FACT03133,20260809,CLN04,SRV04,MAS002,VET07,PORTAL_WEB,COMPLETADA,9,101,220000,0.0,220000.0,STRIPE_CARD,5,1,0,0
FACT03134,20260809,CLN04,SRV08,MAS099,VET06,OPTIMIZACION_GEO_PLEB,COMPLETADA,22,75,50000,5000.0,45000.0,EFECTIVO,5,1,0,0
FACT03135,20260809,CLN01,SRV01,MAS043,VET02,PORTAL_WEB,COMPLETADA,32,41,45000,0.0,45000.0,EFECTIVO,5,1,0,0
FACT03136,20260809,CLN04,SRV04,MAS002,VET06,RECEPCION_PRESENCIAL,CANCELADA,0,0,220000,0.0,0.0,NO_APLICA,,0,0,1
FACT03137,20260809,CLN02,SRV08,MAS033,VET03,PORTAL_WEB,NO_ASISTIO,0,0,50000,0.0,0.0,NO_APLICA,,0,1,0
FACT03138,20260809,CLN06,SRV04,MAS143,VET10,PORTAL_WEB,NO_ASISTIO,0,0,220000,0.0,0.0,NO_APLICA,,0,1,0
FACT03139,20260810,CLN04,SRV08,MAS030,VET07,OPTIMIZACION_GEO_PLEB,COMPLETADA,14,59,50000,5000.0,45000.0,TRANSFERENCIA_NEQUI,5,1,0,0
FACT03140,20260810,CLN06,SRV04,MAS001,VET10,PORTAL_WEB,CANCELADA,0,0,220000,0.0,0.0,NO_APLICA,,0,0,1
FACT03141,20260810,CLN01,SRV02,MAS038,VET02,PORTAL_WEB,COMPLETADA,31,19,35000,0.0,35000.0,EFECTIVO,4,1,0,0
FACT03142,20260810,CLN02,SRV05,MAS075,VET03,PORTAL_WEB,COMPLETADA,33,21,85000,0.0,85000.0,TRANSFERENCIA_NEQUI,5,1,0,0
FACT03143,20260810,CLN06,SRV08,MAS025,VET10,RECEPCION_PRESENCIAL,CANCELADA,0,0,50000,0.0,0.0,NO_APLICA,,0,0,1
FACT03144,20260810,CLN01,SRV02,MAS097,VET02,OPTIMIZACION_GEO_PLEB,COMPLETADA,18,26,35000,3500.0,31500.0,TRANSFERENCIA_NEQUI,4,1,0,0
FACT03145,20260811,CLN04,SRV05,MAS011,VET07,OPTIMIZACION_GEO_PLEB,CANCELADA,0,0,85000,8500.0,0.0,NO_APLICA,,0,0,1
FACT03146,20260811,CLN06,SRV04,MAS050,VET10,AGENTE_NOVA_CHATBOT,COMPLETADA,5,85,220000,0.0,220000.0,EFECTIVO,4,1,0,0
FACT03147,20260811,CLN02,SRV05,MAS036,VET03,RECEPCION_PRESENCIAL,NO_ASISTIO,0,0,85000,0.0,0.0,NO_APLICA,,0,1,0
FACT03148,20260811,CLN06,SRV04,MAS118,VET10,PORTAL_WEB,CANCELADA,0,0,220000,0.0,0.0,NO_APLICA,,0,0,1
FACT03149,20260811,CLN06,SRV03,MAS023,VET09,PORTAL_WEB,CANCELADA,0,0,25000,0.0,0.0,NO_APLICA,,0,0,1
FACT03150,20260811,CLN03,SRV01,MAS118,VET05,AGENTE_NOVA_CHATBOT,COMPLETADA,27,34,45000,0.0,45000.0,STRIPE_CARD,5,1,0,0
FACT03151,20260811,CLN04,SRV02,MAS086,VET06,OPTIMIZACION_GEO_PLEB,COMPLETADA,8,17,35000,3500.0,31500.0,EFECTIVO,3,1,0,0
FACT03152,20260811,CLN01,SRV01,MAS018,VET01,PORTAL_WEB,COMPLETADA,18,25,45000,0.0,45000.0,STRIPE_CARD,5,1,0,0
FACT03153,20260811,CLN02,SRV06,MAS144,VET04,PORTAL_WEB,CANCELADA,0,0,120000,0.0,0.0,NO_APLICA,,0,0,1
FACT03154,20260812,CLN03,SRV06,MAS117,VET05,PORTAL_WEB,CANCELADA,0,0,120000,0.0,0.0,NO_APLICA,,0,0,1
FACT03155,20260812,CLN02,SRV05,MAS130,VET04,PORTAL_WEB,CANCELADA,0,0,85000,0.0,0.0,NO_APLICA,,0,0,1
FACT03156,20260812,CLN03,SRV02,MAS048,VET05,AGENTE_NOVA_CHATBOT,COMPLETADA,23,27,35000,0.0,35000.0,STRIPE_CARD,5,1,0,0
FACT03157,20260812,CLN03,SRV04,MAS130,VET05,RECEPCION_PRESENCIAL,COMPLETADA,32,94,220000,0.0,220000.0,STRIPE_CARD,4,1,0,0
FACT03158,20260812,CLN02,SRV04,MAS024,VET03,PORTAL_WEB,COMPLETADA,31,98,220000,0.0,220000.0,STRIPE_CARD,5,1,0,0
FACT03159,20260812,CLN05,SRV05,MAS101,VET08,AGENTE_NOVA_CHATBOT,CANCELADA,0,0,85000,0.0,0.0,NO_APLICA,,0,0,1
FACT03160,20260812,CLN03,SRV08,MAS033,VET05,PORTAL_WEB,COMPLETADA,6,56,50000,0.0,50000.0,STRIPE_CARD,4,1,0,0
FACT03161,20260812,CLN01,SRV01,MAS023,VET02,RECEPCION_PRESENCIAL,COMPLETADA,30,25,45000,0.0,45000.0,STRIPE_CARD,5,1,0,0
FACT03162,20260813,CLN03,SRV04,MAS037,VET05,PORTAL_WEB,COMPLETADA,17,105,220000,0.0,220000.0,STRIPE_CARD,5,1,0,0
FACT03163,20260813,CLN06,SRV04,MAS082,VET09,PORTAL_WEB,COMPLETADA,17,104,220000,0.0,220000.0,STRIPE_CARD,4,1,0,0
FACT03164,20260813,CLN01,SRV01,MAS015,VET01,PORTAL_WEB,NO_ASISTIO,0,0,45000,0.0,0.0,NO_APLICA,,0,1,0
FACT03165,20260813,CLN05,SRV04,MAS017,VET08,RECEPCION_PRESENCIAL,CANCELADA,0,0,220000,0.0,0.0,NO_APLICA,,0,0,1
FACT03166,20260813,CLN05,SRV01,MAS080,VET08,PORTAL_WEB,CANCELADA,0,0,45000,0.0,0.0,NO_APLICA,,0,0,1
FACT03167,20260813,CLN02,SRV06,MAS072,VET03,AGENTE_NOVA_CHATBOT,COMPLETADA,22,54,120000,0.0,120000.0,STRIPE_CARD,4,1,0,0
FACT03168,20260813,CLN05,SRV01,MAS068,VET08,PORTAL_WEB,NO_ASISTIO,0,0,45000,0.0,0.0,NO_APLICA,,0,1,0
FACT03169,20260814,CLN04,SRV07,MAS023,VET07,RECEPCION_PRESENCIAL,COMPLETADA,17,60,150000,0.0,150000.0,STRIPE_CARD,4,1,0,0
FACT03170,20260814,CLN05,SRV03,MAS036,VET08,RECEPCION_PRESENCIAL,NO_ASISTIO,0,0,25000,0.0,0.0,NO_APLICA,,0,1,0
FACT03171,20260814,CLN05,SRV06,MAS147,VET08,RECEPCION_PRESENCIAL,COMPLETADA,33,43,120000,0.0,120000.0,STRIPE_CARD,4,1,0,0
FACT03172,20260814,CLN03,SRV02,MAS023,VET05,AGENTE_NOVA_CHATBOT,COMPLETADA,26,32,35000,0.0,35000.0,STRIPE_CARD,2,1,0,0
FACT03173,20260814,CLN01,SRV08,MAS052,VET02,RECEPCION_PRESENCIAL,CANCELADA,0,0,50000,0.0,0.0,NO_APLICA,,0,0,1
FACT03174,20260814,CLN05,SRV03,MAS025,VET08,OPTIMIZACION_GEO_PLEB,CANCELADA,0,0,25000,2500.0,0.0,NO_APLICA,,0,0,1
FACT03175,20260814,CLN01,SRV03,MAS109,VET02,PORTAL_WEB,CANCELADA,0,0,25000,0.0,0.0,NO_APLICA,,0,0,1
FACT03176,20260814,CLN04,SRV06,MAS008,VET07,PORTAL_WEB,NO_ASISTIO,0,0,120000,0.0,0.0,NO_APLICA,,0,1,0
FACT03177,20260815,CLN04,SRV08,MAS026,VET07,RECEPCION_PRESENCIAL,CANCELADA,0,0,50000,0.0,0.0,NO_APLICA,,0,0,1
FACT03178,20260815,CLN04,SRV03,MAS136,VET07,PORTAL_WEB,CANCELADA,0,0,25000,0.0,0.0,NO_APLICA,,0,0,1
FACT03179,20260815,CLN04,SRV07,MAS140,VET06,AGENTE_NOVA_CHATBOT,CANCELADA,0,0,150000,0.0,0.0,NO_APLICA,,0,0,1
FACT03180,20260815,CLN01,SRV07,MAS042,VET01,RECEPCION_PRESENCIAL,COMPLETADA,10,73,150000,0.0,150000.0,TRANSFERENCIA_NEQUI,5,1,0,0
FACT03181,20260815,CLN04,SRV08,MAS132,VET07,OPTIMIZACION_GEO_PLEB,NO_ASISTIO,0,0,50000,5000.0,0.0,NO_APLICA,,0,1,0
FACT03182,20260815,CLN01,SRV08,MAS102,VET01,RECEPCION_PRESENCIAL,COMPLETADA,31,65,50000,0.0,50000.0,STRIPE_CARD,5,1,0,0
FACT03183,20260816,CLN03,SRV06,MAS145,VET05,PORTAL_WEB,CANCELADA,0,0,120000,0.0,0.0,NO_APLICA,,0,0,1
FACT03184,20260816,CLN02,SRV06,MAS123,VET04,RECEPCION_PRESENCIAL,COMPLETADA,9,48,120000,0.0,120000.0,TRANSFERENCIA_NEQUI,5,1,0,0
FACT03185,20260816,CLN04,SRV01,MAS141,VET07,OPTIMIZACION_GEO_PLEB,COMPLETADA,16,42,45000,4500.0,40500.0,STRIPE_CARD,5,1,0,0
FACT03186,20260816,CLN01,SRV02,MAS113,VET02,RECEPCION_PRESENCIAL,COMPLETADA,15,30,35000,0.0,35000.0,STRIPE_CARD,4,1,0,0
FACT03187,20260816,CLN05,SRV03,MAS091,VET08,AGENTE_NOVA_CHATBOT,COMPLETADA,30,12,25000,0.0,25000.0,TRANSFERENCIA_NEQUI,4,1,0,0
FACT03188,20260816,CLN01,SRV05,MAS135,VET01,PORTAL_WEB,COMPLETADA,6,40,85000,0.0,85000.0,STRIPE_CARD,5,1,0,0
FACT03189,20260817,CLN06,SRV05,MAS070,VET09,PORTAL_WEB,CANCELADA,0,0,85000,0.0,0.0,NO_APLICA,,0,0,1
FACT03190,20260817,CLN05,SRV08,MAS090,VET08,RECEPCION_PRESENCIAL,NO_ASISTIO,0,0,50000,0.0,0.0,NO_APLICA,,0,1,0
FACT03191,20260817,CLN01,SRV01,MAS037,VET01,PORTAL_WEB,CANCELADA,0,0,45000,0.0,0.0,NO_APLICA,,0,0,1
FACT03192,20260818,CLN01,SRV03,MAS088,VET01,PORTAL_WEB,NO_ASISTIO,0,0,25000,0.0,0.0,NO_APLICA,,0,1,0
FACT03193,20260818,CLN01,SRV01,MAS127,VET02,PORTAL_WEB,COMPLETADA,23,25,45000,0.0,45000.0,EFECTIVO,5,1,0,0
FACT03194,20260818,CLN02,SRV03,MAS059,VET03,RECEPCION_PRESENCIAL,COMPLETADA,24,16,25000,0.0,25000.0,STRIPE_CARD,3,1,0,0
FACT03195,20260819,CLN02,SRV01,MAS128,VET03,PORTAL_WEB,NO_ASISTIO,0,0,45000,0.0,0.0,NO_APLICA,,0,1,0
FACT03196,20260819,CLN01,SRV05,MAS045,VET01,RECEPCION_PRESENCIAL,COMPLETADA,9,28,85000,0.0,85000.0,TRANSFERENCIA_NEQUI,4,1,0,0
FACT03197,20260819,CLN03,SRV08,MAS074,VET05,AGENTE_NOVA_CHATBOT,COMPLETADA,20,57,50000,0.0,50000.0,EFECTIVO,3,1,0,0
FACT03198,20260819,CLN03,SRV06,MAS105,VET05,RECEPCION_PRESENCIAL,NO_ASISTIO,0,0,120000,0.0,0.0,NO_APLICA,,0,1,0
FACT03199,20260819,CLN03,SRV07,MAS139,VET05,PORTAL_WEB,COMPLETADA,16,75,150000,0.0,150000.0,EFECTIVO,5,1,0,0
FACT03200,20260819,CLN02,SRV06,MAS017,VET04,RECEPCION_PRESENCIAL,COMPLETADA,25,48,120000,0.0,120000.0,TRANSFERENCIA_NEQUI,3,1,0,0
FACT03201,20260820,CLN05,SRV05,MAS130,VET08,AGENTE_NOVA_CHATBOT,COMPLETADA,22,27,85000,0.0,85000.0,EFECTIVO,4,1,0,0
FACT03202,20260820,CLN06,SRV03,MAS107,VET10,PORTAL_WEB,COMPLETADA,18,22,25000,0.0,25000.0,EFECTIVO,3,1,0,0
FACT03203,20260820,CLN02,SRV01,MAS118,VET03,AGENTE_NOVA_CHATBOT,COMPLETADA,21,40,45000,0.0,45000.0,EFECTIVO,5,1,0,0
FACT03204,20260820,CLN02,SRV07,MAS144,VET03,AGENTE_NOVA_CHATBOT,COMPLETADA,14,62,150000,0.0,150000.0,TRANSFERENCIA_NEQUI,3,1,0,0
FACT03205,20260820,CLN05,SRV01,MAS092,VET08,AGENTE_NOVA_CHATBOT,COMPLETADA,15,26,45000,0.0,45000.0,STRIPE_CARD,5,1,0,0
FACT03206,20260821,CLN02,SRV07,MAS119,VET04,PORTAL_WEB,COMPLETADA,6,69,150000,0.0,150000.0,STRIPE_CARD,5,1,0,0
FACT03207,20260821,CLN05,SRV01,MAS120,VET08,PORTAL_WEB,COMPLETADA,34,40,45000,0.0,45000.0,EFECTIVO,3,1,0,0
FACT03208,20260821,CLN03,SRV01,MAS062,VET05,PORTAL_WEB,CANCELADA,0,0,45000,0.0,0.0,NO_APLICA,,0,0,1
FACT03209,20260821,CLN01,SRV03,MAS086,VET02,AGENTE_NOVA_CHATBOT,CANCELADA,0,0,25000,0.0,0.0,NO_APLICA,,0,0,1
FACT03210,20260821,CLN01,SRV01,MAS034,VET02,PORTAL_WEB,NO_ASISTIO,0,0,45000,0.0,0.0,NO_APLICA,,0,1,0
FACT03211,20260821,CLN03,SRV01,MAS048,VET05,PORTAL_WEB,CANCELADA,0,0,45000,0.0,0.0,NO_APLICA,,0,0,1
FACT03212,20260821,CLN03,SRV06,MAS059,VET05,PORTAL_WEB,COMPLETADA,34,49,120000,0.0,120000.0,STRIPE_CARD,4,1,0,0
FACT03213,20260822,CLN02,SRV06,MAS049,VET04,PORTAL_WEB,COMPLETADA,8,39,120000,0.0,120000.0,EFECTIVO,5,1,0,0
FACT03214,20260822,CLN05,SRV05,MAS043,VET08,AGENTE_NOVA_CHATBOT,COMPLETADA,10,34,85000,0.0,85000.0,STRIPE_CARD,3,1,0,0
FACT03215,20260822,CLN05,SRV07,MAS047,VET08,AGENTE_NOVA_CHATBOT,NO_ASISTIO,0,0,150000,0.0,0.0,NO_APLICA,,0,1,0
FACT03216,20260822,CLN01,SRV06,MAS127,VET01,OPTIMIZACION_GEO_PLEB,COMPLETADA,11,52,120000,12000.0,108000.0,EFECTIVO,4,1,0,0
FACT03217,20260822,CLN03,SRV06,MAS021,VET05,RECEPCION_PRESENCIAL,COMPLETADA,6,54,120000,0.0,120000.0,STRIPE_CARD,3,1,0,0
FACT03218,20260822,CLN05,SRV06,MAS025,VET08,RECEPCION_PRESENCIAL,COMPLETADA,26,44,120000,0.0,120000.0,EFECTIVO,5,1,0,0
FACT03219,20260822,CLN03,SRV08,MAS009,VET05,PORTAL_WEB,COMPLETADA,20,60,50000,0.0,50000.0,STRIPE_CARD,4,1,0,0
FACT03220,20260822,CLN04,SRV04,MAS064,VET07,AGENTE_NOVA_CHATBOT,COMPLETADA,17,88,220000,0.0,220000.0,STRIPE_CARD,1,1,0,0
FACT03221,20260822,CLN01,SRV08,MAS096,VET02,PORTAL_WEB,COMPLETADA,29,68,50000,0.0,50000.0,STRIPE_CARD,5,1,0,0
FACT03222,20260823,CLN04,SRV05,MAS135,VET06,OPTIMIZACION_GEO_PLEB,COMPLETADA,30,40,85000,8500.0,76500.0,STRIPE_CARD,5,1,0,0
FACT03223,20260823,CLN01,SRV07,MAS147,VET01,PORTAL_WEB,COMPLETADA,24,68,150000,0.0,150000.0,STRIPE_CARD,5,1,0,0
FACT03224,20260823,CLN05,SRV02,MAS112,VET08,RECEPCION_PRESENCIAL,NO_ASISTIO,0,0,35000,0.0,0.0,NO_APLICA,,0,1,0
FACT03225,20260823,CLN01,SRV06,MAS009,VET02,AGENTE_NOVA_CHATBOT,NO_ASISTIO,0,0,120000,0.0,0.0,NO_APLICA,,0,1,0
FACT03226,20260824,CLN05,SRV03,MAS108,VET08,PORTAL_WEB,COMPLETADA,26,13,25000,0.0,25000.0,STRIPE_CARD,2,1,0,0
FACT03227,20260824,CLN03,SRV01,MAS079,VET05,AGENTE_NOVA_CHATBOT,CANCELADA,0,0,45000,0.0,0.0,NO_APLICA,,0,0,1
FACT03228,20260824,CLN01,SRV03,MAS015,VET02,AGENTE_NOVA_CHATBOT,COMPLETADA,24,17,25000,0.0,25000.0,EFECTIVO,5,1,0,0
FACT03229,20260824,CLN01,SRV03,MAS061,VET01,PORTAL_WEB,COMPLETADA,13,14,25000,0.0,25000.0,EFECTIVO,5,1,0,0
FACT03230,20260824,CLN04,SRV08,MAS048,VET07,OPTIMIZACION_GEO_PLEB,CANCELADA,0,0,50000,5000.0,0.0,NO_APLICA,,0,0,1
FACT03231,20260824,CLN01,SRV06,MAS075,VET01,PORTAL_WEB,CANCELADA,0,0,120000,0.0,0.0,NO_APLICA,,0,0,1
FACT03232,20260824,CLN06,SRV05,MAS050,VET10,OPTIMIZACION_GEO_PLEB,COMPLETADA,32,26,85000,8500.0,76500.0,STRIPE_CARD,4,1,0,0
FACT03233,20260824,CLN04,SRV04,MAS022,VET07,PORTAL_WEB,COMPLETADA,26,103,220000,0.0,220000.0,STRIPE_CARD,5,1,0,0
FACT03234,20260825,CLN06,SRV06,MAS005,VET09,PORTAL_WEB,COMPLETADA,26,53,120000,0.0,120000.0,TRANSFERENCIA_NEQUI,5,1,0,0
FACT03235,20260825,CLN05,SRV07,MAS087,VET08,RECEPCION_PRESENCIAL,COMPLETADA,11,60,150000,0.0,150000.0,TRANSFERENCIA_NEQUI,4,1,0,0
FACT03236,20260825,CLN02,SRV01,MAS129,VET03,PORTAL_WEB,COMPLETADA,31,44,45000,0.0,45000.0,STRIPE_CARD,5,1,0,0
FACT03237,20260825,CLN05,SRV07,MAS146,VET08,AGENTE_NOVA_CHATBOT,COMPLETADA,19,61,150000,0.0,150000.0,TRANSFERENCIA_NEQUI,4,1,0,0
FACT03238,20260825,CLN04,SRV01,MAS092,VET06,OPTIMIZACION_GEO_PLEB,COMPLETADA,21,39,45000,4500.0,40500.0,TRANSFERENCIA_NEQUI,5,1,0,0
FACT03239,20260825,CLN06,SRV06,MAS021,VET10,PORTAL_WEB,COMPLETADA,6,43,120000,0.0,120000.0,STRIPE_CARD,5,1,0,0
FACT03240,20260825,CLN01,SRV01,MAS034,VET01,RECEPCION_PRESENCIAL,NO_ASISTIO,0,0,45000,0.0,0.0,NO_APLICA,,0,1,0
FACT03241,20260825,CLN06,SRV08,MAS143,VET09,PORTAL_WEB,CANCELADA,0,0,50000,0.0,0.0,NO_APLICA,,0,0,1
FACT03242,20260826,CLN06,SRV06,MAS015,VET10,OPTIMIZACION_GEO_PLEB,COMPLETADA,15,51,120000,12000.0,108000.0,TRANSFERENCIA_NEQUI,5,1,0,0
FACT03243,20260826,CLN01,SRV01,MAS070,VET01,OPTIMIZACION_GEO_PLEB,COMPLETADA,29,31,45000,4500.0,40500.0,TRANSFERENCIA_NEQUI,5,1,0,0
FACT03244,20260826,CLN06,SRV05,MAS018,VET10,PORTAL_WEB,CANCELADA,0,0,85000,0.0,0.0,NO_APLICA,,0,0,1
FACT03245,20260826,CLN02,SRV02,MAS012,VET04,PORTAL_WEB,COMPLETADA,31,32,35000,0.0,35000.0,TRANSFERENCIA_NEQUI,4,1,0,0
FACT03246,20260827,CLN01,SRV06,MAS026,VET01,PORTAL_WEB,COMPLETADA,13,47,120000,0.0,120000.0,EFECTIVO,5,1,0,0
FACT03247,20260827,CLN02,SRV01,MAS026,VET03,OPTIMIZACION_GEO_PLEB,COMPLETADA,26,42,45000,4500.0,40500.0,STRIPE_CARD,5,1,0,0
FACT03248,20260827,CLN02,SRV04,MAS020,VET03,RECEPCION_PRESENCIAL,NO_ASISTIO,0,0,220000,0.0,0.0,NO_APLICA,,0,1,0
FACT03249,20260827,CLN05,SRV07,MAS057,VET08,PORTAL_WEB,COMPLETADA,12,72,150000,0.0,150000.0,STRIPE_CARD,4,1,0,0
FACT03250,20260828,CLN06,SRV04,MAS098,VET10,PORTAL_WEB,CANCELADA,0,0,220000,0.0,0.0,NO_APLICA,,0,0,1
FACT03251,20260828,CLN04,SRV08,MAS110,VET07,PORTAL_WEB,COMPLETADA,6,56,50000,0.0,50000.0,STRIPE_CARD,5,1,0,0
FACT03252,20260828,CLN01,SRV02,MAS013,VET02,PORTAL_WEB,COMPLETADA,19,18,35000,0.0,35000.0,EFECTIVO,5,1,0,0
FACT03253,20260828,CLN05,SRV01,MAS137,VET08,AGENTE_NOVA_CHATBOT,CANCELADA,0,0,45000,0.0,0.0,NO_APLICA,,0,0,1
FACT03254,20260828,CLN01,SRV04,MAS118,VET01,OPTIMIZACION_GEO_PLEB,COMPLETADA,16,87,220000,22000.0,198000.0,STRIPE_CARD,4,1,0,0
FACT03255,20260828,CLN05,SRV05,MAS093,VET08,AGENTE_NOVA_CHATBOT,COMPLETADA,18,39,85000,0.0,85000.0,TRANSFERENCIA_NEQUI,5,1,0,0
FACT03256,20260828,CLN03,SRV07,MAS030,VET05,PORTAL_WEB,CANCELADA,0,0,150000,0.0,0.0,NO_APLICA,,0,0,1
FACT03257,20260828,CLN04,SRV08,MAS021,VET07,RECEPCION_PRESENCIAL,COMPLETADA,19,58,50000,0.0,50000.0,TRANSFERENCIA_NEQUI,4,1,0,0
FACT03258,20260829,CLN02,SRV04,MAS150,VET04,RECEPCION_PRESENCIAL,COMPLETADA,8,89,220000,0.0,220000.0,TRANSFERENCIA_NEQUI,4,1,0,0
FACT03259,20260829,CLN04,SRV01,MAS096,VET06,RECEPCION_PRESENCIAL,COMPLETADA,11,39,45000,0.0,45000.0,TRANSFERENCIA_NEQUI,5,1,0,0
FACT03260,20260829,CLN06,SRV01,MAS043,VET10,PORTAL_WEB,NO_ASISTIO,0,0,45000,0.0,0.0,NO_APLICA,,0,1,0
FACT03261,20260829,CLN02,SRV07,MAS018,VET04,AGENTE_NOVA_CHATBOT,COMPLETADA,30,67,150000,0.0,150000.0,STRIPE_CARD,3,1,0,0
FACT03262,20260829,CLN04,SRV04,MAS056,VET07,AGENTE_NOVA_CHATBOT,COMPLETADA,35,88,220000,0.0,220000.0,TRANSFERENCIA_NEQUI,5,1,0,0
FACT03263,20260829,CLN04,SRV05,MAS045,VET06,PORTAL_WEB,NO_ASISTIO,0,0,85000,0.0,0.0,NO_APLICA,,0,1,0
FACT03264,20260829,CLN03,SRV05,MAS131,VET05,PORTAL_WEB,COMPLETADA,24,32,85000,0.0,85000.0,TRANSFERENCIA_NEQUI,1,1,0,0
FACT03265,20260829,CLN02,SRV05,MAS123,VET04,AGENTE_NOVA_CHATBOT,COMPLETADA,17,30,85000,0.0,85000.0,TRANSFERENCIA_NEQUI,5,1,0,0
FACT03266,20260829,CLN05,SRV01,MAS056,VET08,OPTIMIZACION_GEO_PLEB,COMPLETADA,22,32,45000,4500.0,40500.0,EFECTIVO,5,1,0,0
FACT03267,20260830,CLN02,SRV04,MAS103,VET04,PORTAL_WEB,NO_ASISTIO,0,0,220000,0.0,0.0,NO_APLICA,,0,1,0
FACT03268,20260830,CLN06,SRV06,MAS148,VET09,PORTAL_WEB,COMPLETADA,29,54,120000,0.0,120000.0,STRIPE_CARD,5,1,0,0
FACT03269,20260830,CLN04,SRV07,MAS085,VET06,PORTAL_WEB,CANCELADA,0,0,150000,0.0,0.0,NO_APLICA,,0,0,1
FACT03270,20260830,CLN03,SRV01,MAS068,VET05,RECEPCION_PRESENCIAL,COMPLETADA,28,29,45000,0.0,45000.0,STRIPE_CARD,4,1,0,0
FACT03271,20260830,CLN05,SRV03,MAS033,VET08,PORTAL_WEB,CANCELADA,0,0,25000,0.0,0.0,NO_APLICA,,0,0,1
FACT03272,20260830,CLN03,SRV02,MAS133,VET05,PORTAL_WEB,COMPLETADA,7,32,35000,0.0,35000.0,TRANSFERENCIA_NEQUI,5,1,0,0
FACT03273,20260830,CLN06,SRV08,MAS086,VET09,RECEPCION_PRESENCIAL,NO_ASISTIO,0,0,50000,0.0,0.0,NO_APLICA,,0,1,0
FACT03274,20260831,CLN05,SRV08,MAS073,VET08,OPTIMIZACION_GEO_PLEB,CANCELADA,0,0,50000,5000.0,0.0,NO_APLICA,,0,0,1
FACT03275,20260831,CLN04,SRV06,MAS042,VET06,PORTAL_WEB,COMPLETADA,20,38,120000,0.0,120000.0,TRANSFERENCIA_NEQUI,5,1,0,0
FACT03276,20260831,CLN03,SRV06,MAS133,VET05,PORTAL_WEB,NO_ASISTIO,0,0,120000,0.0,0.0,NO_APLICA,,0,1,0
FACT03277,20260831,CLN05,SRV01,MAS111,VET08,RECEPCION_PRESENCIAL,COMPLETADA,11,45,45000,0.0,45000.0,EFECTIVO,3,1,0,0
FACT03278,20260831,CLN04,SRV02,MAS105,VET06,PORTAL_WEB,COMPLETADA,10,34,35000,0.0,35000.0,EFECTIVO,5,1,0,0
FACT03279,20260831,CLN03,SRV03,MAS107,VET05,RECEPCION_PRESENCIAL,COMPLETADA,24,19,25000,0.0,25000.0,STRIPE_CARD,4,1,0,0
FACT03280,20260831,CLN04,SRV02,MAS147,VET06,OPTIMIZACION_GEO_PLEB,COMPLETADA,32,33,35000,3500.0,31500.0,STRIPE_CARD,4,1,0,0
FACT03281,20260901,CLN05,SRV01,MAS030,VET08,PORTAL_WEB,COMPLETADA,20,27,45000,0.0,45000.0,TRANSFERENCIA_NEQUI,5,1,0,0
FACT03282,20260901,CLN03,SRV03,MAS030,VET05,PORTAL_WEB,COMPLETADA,30,16,25000,0.0,25000.0,STRIPE_CARD,5,1,0,0
FACT03283,20260901,CLN02,SRV08,MAS135,VET03,AGENTE_NOVA_CHATBOT,COMPLETADA,23,56,50000,0.0,50000.0,STRIPE_CARD,4,1,0,0
FACT03284,20260901,CLN03,SRV04,MAS122,VET05,PORTAL_WEB,NO_ASISTIO,0,0,220000,0.0,0.0,NO_APLICA,,0,1,0
FACT03285,20260901,CLN05,SRV05,MAS096,VET08,AGENTE_NOVA_CHATBOT,CANCELADA,0,0,85000,0.0,0.0,NO_APLICA,,0,0,1
FACT03286,20260901,CLN05,SRV06,MAS108,VET08,OPTIMIZACION_GEO_PLEB,COMPLETADA,34,53,120000,12000.0,108000.0,STRIPE_CARD,4,1,0,0
FACT03287,20260902,CLN04,SRV04,MAS040,VET07,AGENTE_NOVA_CHATBOT,COMPLETADA,29,95,220000,0.0,220000.0,EFECTIVO,5,1,0,0
FACT03288,20260902,CLN01,SRV06,MAS143,VET01,AGENTE_NOVA_CHATBOT,COMPLETADA,31,50,120000,0.0,120000.0,STRIPE_CARD,3,1,0,0
FACT03289,20260902,CLN01,SRV04,MAS104,VET01,PORTAL_WEB,COMPLETADA,27,102,220000,0.0,220000.0,EFECTIVO,5,1,0,0
FACT03290,20260902,CLN03,SRV02,MAS054,VET05,OPTIMIZACION_GEO_PLEB,NO_ASISTIO,0,0,35000,3500.0,0.0,NO_APLICA,,0,1,0
FACT03291,20260903,CLN03,SRV02,MAS081,VET05,PORTAL_WEB,COMPLETADA,29,16,35000,0.0,35000.0,STRIPE_CARD,4,1,0,0
FACT03292,20260903,CLN04,SRV06,MAS012,VET07,OPTIMIZACION_GEO_PLEB,NO_ASISTIO,0,0,120000,12000.0,0.0,NO_APLICA,,0,1,0
FACT03293,20260903,CLN04,SRV06,MAS149,VET07,RECEPCION_PRESENCIAL,CANCELADA,0,0,120000,0.0,0.0,NO_APLICA,,0,0,1
FACT03294,20260903,CLN02,SRV01,MAS144,VET04,OPTIMIZACION_GEO_PLEB,NO_ASISTIO,0,0,45000,4500.0,0.0,NO_APLICA,,0,1,0
FACT03295,20260903,CLN05,SRV02,MAS118,VET08,PORTAL_WEB,COMPLETADA,15,35,35000,0.0,35000.0,STRIPE_CARD,2,1,0,0
FACT03296,20260904,CLN04,SRV02,MAS053,VET06,OPTIMIZACION_GEO_PLEB,COMPLETADA,20,21,35000,3500.0,31500.0,TRANSFERENCIA_NEQUI,2,1,0,0
FACT03297,20260904,CLN01,SRV03,MAS031,VET02,PORTAL_WEB,COMPLETADA,27,19,25000,0.0,25000.0,STRIPE_CARD,1,1,0,0
FACT03298,20260904,CLN03,SRV03,MAS044,VET05,AGENTE_NOVA_CHATBOT,NO_ASISTIO,0,0,25000,0.0,0.0,NO_APLICA,,0,1,0
FACT03299,20260904,CLN01,SRV01,MAS106,VET01,PORTAL_WEB,NO_ASISTIO,0,0,45000,0.0,0.0,NO_APLICA,,0,1,0
FACT03300,20260904,CLN02,SRV07,MAS081,VET03,PORTAL_WEB,COMPLETADA,8,72,150000,0.0,150000.0,EFECTIVO,5,1,0,0
FACT03301,20260904,CLN03,SRV03,MAS076,VET05,AGENTE_NOVA_CHATBOT,CANCELADA,0,0,25000,0.0,0.0,NO_APLICA,,0,0,1
FACT03302,20260905,CLN06,SRV03,MAS072,VET09,AGENTE_NOVA_CHATBOT,COMPLETADA,5,29,25000,0.0,25000.0,TRANSFERENCIA_NEQUI,5,1,0,0
FACT03303,20260905,CLN03,SRV02,MAS132,VET05,PORTAL_WEB,COMPLETADA,15,28,35000,0.0,35000.0,STRIPE_CARD,1,1,0,0
FACT03304,20260905,CLN05,SRV02,MAS080,VET08,AGENTE_NOVA_CHATBOT,COMPLETADA,11,34,35000,0.0,35000.0,STRIPE_CARD,4,1,0,0
FACT03305,20260905,CLN02,SRV01,MAS082,VET04,PORTAL_WEB,COMPLETADA,14,35,45000,0.0,45000.0,STRIPE_CARD,1,1,0,0
FACT03306,20260906,CLN02,SRV02,MAS019,VET04,PORTAL_WEB,COMPLETADA,15,27,35000,0.0,35000.0,EFECTIVO,5,1,0,0
FACT03307,20260906,CLN02,SRV01,MAS045,VET03,RECEPCION_PRESENCIAL,COMPLETADA,17,37,45000,0.0,45000.0,TRANSFERENCIA_NEQUI,5,1,0,0
FACT03308,20260906,CLN05,SRV03,MAS146,VET08,PORTAL_WEB,COMPLETADA,12,27,25000,0.0,25000.0,EFECTIVO,5,1,0,0
FACT03309,20260906,CLN01,SRV04,MAS005,VET01,PORTAL_WEB,CANCELADA,0,0,220000,0.0,0.0,NO_APLICA,,0,0,1
FACT03310,20260906,CLN03,SRV05,MAS039,VET05,PORTAL_WEB,COMPLETADA,17,33,85000,0.0,85000.0,STRIPE_CARD,4,1,0,0
FACT03311,20260906,CLN03,SRV04,MAS052,VET05,OPTIMIZACION_GEO_PLEB,COMPLETADA,22,104,220000,22000.0,198000.0,STRIPE_CARD,5,1,0,0
FACT03312,20260906,CLN03,SRV08,MAS095,VET05,OPTIMIZACION_GEO_PLEB,COMPLETADA,17,68,50000,5000.0,45000.0,EFECTIVO,3,1,0,0
FACT03313,20260907,CLN01,SRV06,MAS074,VET02,AGENTE_NOVA_CHATBOT,COMPLETADA,12,52,120000,0.0,120000.0,STRIPE_CARD,5,1,0,0
FACT03314,20260907,CLN05,SRV06,MAS006,VET08,AGENTE_NOVA_CHATBOT,COMPLETADA,11,45,120000,0.0,120000.0,STRIPE_CARD,3,1,0,0
FACT03315,20260907,CLN05,SRV03,MAS144,VET08,OPTIMIZACION_GEO_PLEB,NO_ASISTIO,0,0,25000,2500.0,0.0,NO_APLICA,,0,1,0
FACT03316,20260907,CLN05,SRV05,MAS123,VET08,PORTAL_WEB,NO_ASISTIO,0,0,85000,0.0,0.0,NO_APLICA,,0,1,0
FACT03317,20260907,CLN02,SRV07,MAS073,VET04,PORTAL_WEB,COMPLETADA,15,74,150000,0.0,150000.0,TRANSFERENCIA_NEQUI,5,1,0,0
FACT03318,20260907,CLN04,SRV01,MAS067,VET07,PORTAL_WEB,COMPLETADA,30,42,45000,0.0,45000.0,STRIPE_CARD,4,1,0,0
FACT03319,20260907,CLN01,SRV05,MAS035,VET02,OPTIMIZACION_GEO_PLEB,CANCELADA,0,0,85000,8500.0,0.0,NO_APLICA,,0,0,1
FACT03320,20260907,CLN04,SRV05,MAS073,VET06,OPTIMIZACION_GEO_PLEB,NO_ASISTIO,0,0,85000,8500.0,0.0,NO_APLICA,,0,1,0
FACT03321,20260908,CLN04,SRV07,MAS111,VET07,OPTIMIZACION_GEO_PLEB,COMPLETADA,22,74,150000,15000.0,135000.0,TRANSFERENCIA_NEQUI,4,1,0,0
FACT03322,20260908,CLN01,SRV02,MAS118,VET02,PORTAL_WEB,NO_ASISTIO,0,0,35000,0.0,0.0,NO_APLICA,,0,1,0
FACT03323,20260908,CLN04,SRV02,MAS067,VET06,RECEPCION_PRESENCIAL,CANCELADA,0,0,35000,0.0,0.0,NO_APLICA,,0,0,1
FACT03324,20260908,CLN01,SRV01,MAS056,VET01,AGENTE_NOVA_CHATBOT,CANCELADA,0,0,45000,0.0,0.0,NO_APLICA,,0,0,1
FACT03325,20260908,CLN06,SRV02,MAS087,VET10,RECEPCION_PRESENCIAL,COMPLETADA,31,26,35000,0.0,35000.0,EFECTIVO,5,1,0,0
FACT03326,20260908,CLN01,SRV02,MAS139,VET02,OPTIMIZACION_GEO_PLEB,NO_ASISTIO,0,0,35000,3500.0,0.0,NO_APLICA,,0,1,0
FACT03327,20260908,CLN04,SRV02,MAS099,VET06,AGENTE_NOVA_CHATBOT,COMPLETADA,13,33,35000,0.0,35000.0,STRIPE_CARD,3,1,0,0
FACT03328,20260908,CLN02,SRV04,MAS095,VET04,RECEPCION_PRESENCIAL,CANCELADA,0,0,220000,0.0,0.0,NO_APLICA,,0,0,1
FACT03329,20260909,CLN05,SRV01,MAS072,VET08,PORTAL_WEB,COMPLETADA,25,35,45000,0.0,45000.0,TRANSFERENCIA_NEQUI,4,1,0,0
FACT03330,20260909,CLN06,SRV08,MAS088,VET09,PORTAL_WEB,COMPLETADA,9,63,50000,0.0,50000.0,TRANSFERENCIA_NEQUI,3,1,0,0
FACT03331,20260909,CLN01,SRV03,MAS085,VET02,PORTAL_WEB,COMPLETADA,14,11,25000,0.0,25000.0,EFECTIVO,3,1,0,0
FACT03332,20260909,CLN01,SRV06,MAS126,VET01,PORTAL_WEB,COMPLETADA,29,47,120000,0.0,120000.0,EFECTIVO,3,1,0,0
FACT03333,20260909,CLN05,SRV07,MAS064,VET08,AGENTE_NOVA_CHATBOT,CANCELADA,0,0,150000,0.0,0.0,NO_APLICA,,0,0,1
FACT03334,20260909,CLN05,SRV07,MAS144,VET08,RECEPCION_PRESENCIAL,COMPLETADA,11,65,150000,0.0,150000.0,STRIPE_CARD,4,1,0,0
FACT03335,20260909,CLN01,SRV01,MAS021,VET01,RECEPCION_PRESENCIAL,COMPLETADA,22,43,45000,0.0,45000.0,EFECTIVO,5,1,0,0
FACT03336,20260910,CLN05,SRV01,MAS076,VET08,OPTIMIZACION_GEO_PLEB,NO_ASISTIO,0,0,45000,4500.0,0.0,NO_APLICA,,0,1,0
FACT03337,20260910,CLN03,SRV08,MAS118,VET05,OPTIMIZACION_GEO_PLEB,COMPLETADA,17,70,50000,5000.0,45000.0,STRIPE_CARD,5,1,0,0
FACT03338,20260910,CLN04,SRV07,MAS038,VET07,PORTAL_WEB,COMPLETADA,28,68,150000,0.0,150000.0,EFECTIVO,5,1,0,0
FACT03339,20260911,CLN03,SRV05,MAS104,VET05,OPTIMIZACION_GEO_PLEB,CANCELADA,0,0,85000,8500.0,0.0,NO_APLICA,,0,0,1
FACT03340,20260911,CLN04,SRV04,MAS027,VET06,PORTAL_WEB,CANCELADA,0,0,220000,0.0,0.0,NO_APLICA,,0,0,1
FACT03341,20260911,CLN06,SRV04,MAS057,VET09,RECEPCION_PRESENCIAL,COMPLETADA,26,98,220000,0.0,220000.0,STRIPE_CARD,5,1,0,0
FACT03342,20260911,CLN04,SRV02,MAS115,VET06,AGENTE_NOVA_CHATBOT,COMPLETADA,32,26,35000,0.0,35000.0,TRANSFERENCIA_NEQUI,5,1,0,0
FACT03343,20260911,CLN02,SRV03,MAS100,VET04,RECEPCION_PRESENCIAL,COMPLETADA,19,27,25000,0.0,25000.0,STRIPE_CARD,5,1,0,0
FACT03344,20260911,CLN05,SRV08,MAS068,VET08,AGENTE_NOVA_CHATBOT,COMPLETADA,24,63,50000,0.0,50000.0,STRIPE_CARD,4,1,0,0
FACT03345,20260911,CLN03,SRV03,MAS091,VET05,RECEPCION_PRESENCIAL,COMPLETADA,28,24,25000,0.0,25000.0,STRIPE_CARD,4,1,0,0
FACT03346,20260911,CLN02,SRV07,MAS120,VET04,OPTIMIZACION_GEO_PLEB,COMPLETADA,20,64,150000,15000.0,135000.0,STRIPE_CARD,5,1,0,0
FACT03347,20260912,CLN04,SRV08,MAS091,VET07,AGENTE_NOVA_CHATBOT,COMPLETADA,24,69,50000,0.0,50000.0,EFECTIVO,5,1,0,0
FACT03348,20260912,CLN01,SRV06,MAS121,VET01,PORTAL_WEB,COMPLETADA,6,54,120000,0.0,120000.0,STRIPE_CARD,4,1,0,0
FACT03349,20260912,CLN06,SRV05,MAS009,VET09,AGENTE_NOVA_CHATBOT,COMPLETADA,17,31,85000,0.0,85000.0,STRIPE_CARD,4,1,0,0
FACT03350,20260913,CLN06,SRV05,MAS088,VET10,OPTIMIZACION_GEO_PLEB,COMPLETADA,35,30,85000,8500.0,76500.0,TRANSFERENCIA_NEQUI,4,1,0,0
FACT03351,20260913,CLN03,SRV06,MAS047,VET05,PORTAL_WEB,COMPLETADA,35,48,120000,0.0,120000.0,STRIPE_CARD,5,1,0,0
FACT03352,20260913,CLN06,SRV01,MAS067,VET09,PORTAL_WEB,COMPLETADA,32,43,45000,0.0,45000.0,STRIPE_CARD,4,1,0,0
FACT03353,20260913,CLN01,SRV05,MAS150,VET01,AGENTE_NOVA_CHATBOT,NO_ASISTIO,0,0,85000,0.0,0.0,NO_APLICA,,0,1,0
FACT03354,20260914,CLN04,SRV02,MAS129,VET06,OPTIMIZACION_GEO_PLEB,CANCELADA,0,0,35000,3500.0,0.0,NO_APLICA,,0,0,1
FACT03355,20260914,CLN06,SRV06,MAS021,VET10,OPTIMIZACION_GEO_PLEB,COMPLETADA,8,45,120000,12000.0,108000.0,TRANSFERENCIA_NEQUI,4,1,0,0
FACT03356,20260914,CLN03,SRV07,MAS020,VET05,AGENTE_NOVA_CHATBOT,COMPLETADA,20,69,150000,0.0,150000.0,STRIPE_CARD,5,1,0,0
FACT03357,20260914,CLN05,SRV08,MAS001,VET08,RECEPCION_PRESENCIAL,COMPLETADA,28,73,50000,0.0,50000.0,TRANSFERENCIA_NEQUI,5,1,0,0
FACT03358,20260914,CLN05,SRV01,MAS096,VET08,PORTAL_WEB,NO_ASISTIO,0,0,45000,0.0,0.0,NO_APLICA,,0,1,0
FACT03359,20260914,CLN03,SRV06,MAS096,VET05,OPTIMIZACION_GEO_PLEB,COMPLETADA,25,54,120000,12000.0,108000.0,STRIPE_CARD,5,1,0,0
FACT03360,20260914,CLN06,SRV04,MAS001,VET09,PORTAL_WEB,NO_ASISTIO,0,0,220000,0.0,0.0,NO_APLICA,,0,1,0
FACT03361,20260914,CLN05,SRV08,MAS109,VET08,PORTAL_WEB,COMPLETADA,15,63,50000,0.0,50000.0,STRIPE_CARD,3,1,0,0
FACT03362,20260914,CLN05,SRV03,MAS040,VET08,AGENTE_NOVA_CHATBOT,COMPLETADA,6,21,25000,0.0,25000.0,STRIPE_CARD,5,1,0,0
FACT03363,20260915,CLN04,SRV01,MAS079,VET07,AGENTE_NOVA_CHATBOT,COMPLETADA,19,32,45000,0.0,45000.0,STRIPE_CARD,5,1,0,0
FACT03364,20260915,CLN03,SRV06,MAS043,VET05,RECEPCION_PRESENCIAL,COMPLETADA,14,44,120000,0.0,120000.0,STRIPE_CARD,3,1,0,0
FACT03365,20260915,CLN02,SRV05,MAS073,VET04,PORTAL_WEB,COMPLETADA,34,25,85000,0.0,85000.0,STRIPE_CARD,3,1,0,0
FACT03366,20260915,CLN05,SRV04,MAS092,VET08,OPTIMIZACION_GEO_PLEB,COMPLETADA,34,98,220000,22000.0,198000.0,TRANSFERENCIA_NEQUI,5,1,0,0
FACT03367,20260915,CLN04,SRV02,MAS053,VET07,PORTAL_WEB,COMPLETADA,34,26,35000,0.0,35000.0,STRIPE_CARD,5,1,0,0
FACT03368,20260915,CLN01,SRV06,MAS132,VET01,PORTAL_WEB,COMPLETADA,13,48,120000,0.0,120000.0,STRIPE_CARD,4,1,0,0
FACT03369,20260915,CLN03,SRV06,MAS043,VET05,PORTAL_WEB,NO_ASISTIO,0,0,120000,0.0,0.0,NO_APLICA,,0,1,0
FACT03370,20260916,CLN05,SRV06,MAS015,VET08,OPTIMIZACION_GEO_PLEB,CANCELADA,0,0,120000,12000.0,0.0,NO_APLICA,,0,0,1
FACT03371,20260916,CLN03,SRV03,MAS142,VET05,AGENTE_NOVA_CHATBOT,COMPLETADA,16,26,25000,0.0,25000.0,STRIPE_CARD,3,1,0,0
FACT03372,20260916,CLN04,SRV06,MAS046,VET07,OPTIMIZACION_GEO_PLEB,COMPLETADA,11,38,120000,12000.0,108000.0,EFECTIVO,4,1,0,0
FACT03373,20260916,CLN05,SRV01,MAS015,VET08,OPTIMIZACION_GEO_PLEB,COMPLETADA,7,33,45000,4500.0,40500.0,STRIPE_CARD,3,1,0,0
FACT03374,20260916,CLN03,SRV03,MAS080,VET05,PORTAL_WEB,COMPLETADA,27,29,25000,0.0,25000.0,TRANSFERENCIA_NEQUI,3,1,0,0
FACT03375,20260916,CLN06,SRV01,MAS027,VET09,PORTAL_WEB,COMPLETADA,21,35,45000,0.0,45000.0,STRIPE_CARD,5,1,0,0
FACT03376,20260917,CLN01,SRV05,MAS103,VET01,PORTAL_WEB,COMPLETADA,12,22,85000,0.0,85000.0,EFECTIVO,5,1,0,0
FACT03377,20260917,CLN03,SRV01,MAS017,VET05,PORTAL_WEB,COMPLETADA,6,31,45000,0.0,45000.0,EFECTIVO,5,1,0,0
FACT03378,20260917,CLN03,SRV08,MAS113,VET05,PORTAL_WEB,CANCELADA,0,0,50000,0.0,0.0,NO_APLICA,,0,0,1
FACT03379,20260917,CLN06,SRV01,MAS105,VET09,OPTIMIZACION_GEO_PLEB,COMPLETADA,22,34,45000,4500.0,40500.0,EFECTIVO,4,1,0,0
FACT03380,20260917,CLN03,SRV07,MAS111,VET05,AGENTE_NOVA_CHATBOT,COMPLETADA,15,64,150000,0.0,150000.0,STRIPE_CARD,5,1,0,0
FACT03381,20260918,CLN05,SRV03,MAS105,VET08,OPTIMIZACION_GEO_PLEB,CANCELADA,0,0,25000,2500.0,0.0,NO_APLICA,,0,0,1
FACT03382,20260918,CLN03,SRV03,MAS015,VET05,AGENTE_NOVA_CHATBOT,COMPLETADA,26,12,25000,0.0,25000.0,STRIPE_CARD,2,1,0,0
FACT03383,20260918,CLN01,SRV02,MAS098,VET02,RECEPCION_PRESENCIAL,NO_ASISTIO,0,0,35000,0.0,0.0,NO_APLICA,,0,1,0
FACT03384,20260918,CLN06,SRV01,MAS016,VET09,OPTIMIZACION_GEO_PLEB,NO_ASISTIO,0,0,45000,4500.0,0.0,NO_APLICA,,0,1,0
FACT03385,20260918,CLN06,SRV03,MAS065,VET09,PORTAL_WEB,COMPLETADA,17,27,25000,0.0,25000.0,STRIPE_CARD,5,1,0,0
FACT03386,20260918,CLN02,SRV08,MAS092,VET03,RECEPCION_PRESENCIAL,NO_ASISTIO,0,0,50000,0.0,0.0,NO_APLICA,,0,1,0
FACT03387,20260918,CLN02,SRV07,MAS038,VET04,OPTIMIZACION_GEO_PLEB,COMPLETADA,11,75,150000,15000.0,135000.0,STRIPE_CARD,5,1,0,0
FACT03388,20260919,CLN01,SRV06,MAS146,VET01,PORTAL_WEB,COMPLETADA,26,55,120000,0.0,120000.0,EFECTIVO,4,1,0,0
FACT03389,20260919,CLN04,SRV03,MAS142,VET06,RECEPCION_PRESENCIAL,NO_ASISTIO,0,0,25000,0.0,0.0,NO_APLICA,,0,1,0
FACT03390,20260919,CLN01,SRV03,MAS038,VET01,PORTAL_WEB,COMPLETADA,35,30,25000,0.0,25000.0,EFECTIVO,4,1,0,0
FACT03391,20260919,CLN05,SRV08,MAS033,VET08,PORTAL_WEB,COMPLETADA,22,69,50000,0.0,50000.0,STRIPE_CARD,2,1,0,0
FACT03392,20260919,CLN05,SRV02,MAS076,VET08,PORTAL_WEB,COMPLETADA,33,16,35000,0.0,35000.0,STRIPE_CARD,5,1,0,0
FACT03393,20260919,CLN06,SRV07,MAS005,VET09,PORTAL_WEB,COMPLETADA,14,72,150000,0.0,150000.0,STRIPE_CARD,5,1,0,0
FACT03394,20260919,CLN03,SRV07,MAS092,VET05,RECEPCION_PRESENCIAL,COMPLETADA,13,69,150000,0.0,150000.0,TRANSFERENCIA_NEQUI,2,1,0,0
FACT03395,20260919,CLN06,SRV01,MAS149,VET10,AGENTE_NOVA_CHATBOT,COMPLETADA,32,27,45000,0.0,45000.0,EFECTIVO,4,1,0,0
FACT03396,20260920,CLN04,SRV04,MAS010,VET07,RECEPCION_PRESENCIAL,COMPLETADA,15,105,220000,0.0,220000.0,TRANSFERENCIA_NEQUI,3,1,0,0
FACT03397,20260920,CLN02,SRV08,MAS136,VET03,OPTIMIZACION_GEO_PLEB,CANCELADA,0,0,50000,5000.0,0.0,NO_APLICA,,0,0,1
FACT03398,20260920,CLN04,SRV06,MAS109,VET07,OPTIMIZACION_GEO_PLEB,NO_ASISTIO,0,0,120000,12000.0,0.0,NO_APLICA,,0,1,0
FACT03399,20260920,CLN05,SRV02,MAS053,VET08,PORTAL_WEB,COMPLETADA,18,35,35000,0.0,35000.0,STRIPE_CARD,5,1,0,0
FACT03400,20260920,CLN05,SRV02,MAS026,VET08,PORTAL_WEB,NO_ASISTIO,0,0,35000,0.0,0.0,NO_APLICA,,0,1,0
FACT03401,20260920,CLN05,SRV01,MAS072,VET08,OPTIMIZACION_GEO_PLEB,COMPLETADA,13,39,45000,4500.0,40500.0,STRIPE_CARD,3,1,0,0
FACT03402,20260921,CLN05,SRV04,MAS131,VET08,PORTAL_WEB,COMPLETADA,15,88,220000,0.0,220000.0,EFECTIVO,4,1,0,0
FACT03403,20260921,CLN05,SRV04,MAS144,VET08,OPTIMIZACION_GEO_PLEB,COMPLETADA,14,94,220000,22000.0,198000.0,STRIPE_CARD,5,1,0,0
FACT03404,20260921,CLN03,SRV01,MAS093,VET05,AGENTE_NOVA_CHATBOT,COMPLETADA,19,29,45000,0.0,45000.0,EFECTIVO,4,1,0,0
FACT03405,20260921,CLN01,SRV08,MAS056,VET02,PORTAL_WEB,NO_ASISTIO,0,0,50000,0.0,0.0,NO_APLICA,,0,1,0
FACT03406,20260921,CLN05,SRV04,MAS033,VET08,RECEPCION_PRESENCIAL,NO_ASISTIO,0,0,220000,0.0,0.0,NO_APLICA,,0,1,0
FACT03407,20260921,CLN04,SRV05,MAS131,VET06,RECEPCION_PRESENCIAL,CANCELADA,0,0,85000,0.0,0.0,NO_APLICA,,0,0,1
FACT03408,20260921,CLN06,SRV06,MAS098,VET10,PORTAL_WEB,NO_ASISTIO,0,0,120000,0.0,0.0,NO_APLICA,,0,1,0
FACT03409,20260921,CLN05,SRV06,MAS137,VET08,PORTAL_WEB,NO_ASISTIO,0,0,120000,0.0,0.0,NO_APLICA,,0,1,0
FACT03410,20260921,CLN02,SRV01,MAS029,VET03,PORTAL_WEB,CANCELADA,0,0,45000,0.0,0.0,NO_APLICA,,0,0,1
FACT03411,20260922,CLN02,SRV04,MAS011,VET04,OPTIMIZACION_GEO_PLEB,COMPLETADA,21,95,220000,22000.0,198000.0,EFECTIVO,5,1,0,0
FACT03412,20260922,CLN06,SRV08,MAS105,VET10,RECEPCION_PRESENCIAL,NO_ASISTIO,0,0,50000,0.0,0.0,NO_APLICA,,0,1,0
FACT03413,20260922,CLN05,SRV07,MAS072,VET08,OPTIMIZACION_GEO_PLEB,COMPLETADA,12,70,150000,15000.0,135000.0,EFECTIVO,1,1,0,0
FACT03414,20260922,CLN05,SRV08,MAS086,VET08,PORTAL_WEB,COMPLETADA,12,66,50000,0.0,50000.0,STRIPE_CARD,4,1,0,0
FACT03415,20260923,CLN03,SRV06,MAS041,VET05,OPTIMIZACION_GEO_PLEB,CANCELADA,0,0,120000,12000.0,0.0,NO_APLICA,,0,0,1
FACT03416,20260923,CLN04,SRV08,MAS071,VET07,PORTAL_WEB,COMPLETADA,27,75,50000,0.0,50000.0,TRANSFERENCIA_NEQUI,5,1,0,0
FACT03417,20260923,CLN06,SRV07,MAS114,VET09,PORTAL_WEB,COMPLETADA,31,75,150000,0.0,150000.0,TRANSFERENCIA_NEQUI,5,1,0,0
FACT03418,20260923,CLN04,SRV06,MAS058,VET07,OPTIMIZACION_GEO_PLEB,COMPLETADA,18,46,120000,12000.0,108000.0,STRIPE_CARD,4,1,0,0
FACT03419,20260923,CLN03,SRV05,MAS029,VET05,RECEPCION_PRESENCIAL,CANCELADA,0,0,85000,0.0,0.0,NO_APLICA,,0,0,1
FACT03420,20260923,CLN04,SRV04,MAS003,VET07,OPTIMIZACION_GEO_PLEB,COMPLETADA,35,91,220000,22000.0,198000.0,STRIPE_CARD,5,1,0,0
FACT03421,20260924,CLN01,SRV04,MAS010,VET02,AGENTE_NOVA_CHATBOT,COMPLETADA,23,100,220000,0.0,220000.0,STRIPE_CARD,4,1,0,0
FACT03422,20260924,CLN02,SRV03,MAS033,VET04,AGENTE_NOVA_CHATBOT,CANCELADA,0,0,25000,0.0,0.0,NO_APLICA,,0,0,1
FACT03423,20260924,CLN05,SRV05,MAS043,VET08,RECEPCION_PRESENCIAL,COMPLETADA,18,37,85000,0.0,85000.0,EFECTIVO,5,1,0,0
FACT03424,20260925,CLN06,SRV02,MAS130,VET09,AGENTE_NOVA_CHATBOT,COMPLETADA,5,21,35000,0.0,35000.0,EFECTIVO,5,1,0,0
FACT03425,20260925,CLN05,SRV02,MAS086,VET08,RECEPCION_PRESENCIAL,COMPLETADA,28,22,35000,0.0,35000.0,TRANSFERENCIA_NEQUI,5,1,0,0
FACT03426,20260925,CLN04,SRV02,MAS089,VET07,AGENTE_NOVA_CHATBOT,COMPLETADA,13,28,35000,0.0,35000.0,EFECTIVO,3,1,0,0
FACT03427,20260925,CLN02,SRV07,MAS011,VET03,RECEPCION_PRESENCIAL,CANCELADA,0,0,150000,0.0,0.0,NO_APLICA,,0,0,1
FACT03428,20260925,CLN04,SRV07,MAS036,VET07,PORTAL_WEB,COMPLETADA,6,75,150000,0.0,150000.0,STRIPE_CARD,5,1,0,0
FACT03429,20260925,CLN04,SRV02,MAS028,VET07,PORTAL_WEB,CANCELADA,0,0,35000,0.0,0.0,NO_APLICA,,0,0,1
FACT03430,20260926,CLN05,SRV07,MAS114,VET08,PORTAL_WEB,NO_ASISTIO,0,0,150000,0.0,0.0,NO_APLICA,,0,1,0
FACT03431,20260926,CLN05,SRV01,MAS044,VET08,AGENTE_NOVA_CHATBOT,COMPLETADA,15,45,45000,0.0,45000.0,STRIPE_CARD,3,1,0,0
FACT03432,20260926,CLN05,SRV01,MAS128,VET08,AGENTE_NOVA_CHATBOT,COMPLETADA,32,35,45000,0.0,45000.0,STRIPE_CARD,4,1,0,0
FACT03433,20260926,CLN02,SRV03,MAS107,VET04,PORTAL_WEB,COMPLETADA,35,29,25000,0.0,25000.0,TRANSFERENCIA_NEQUI,5,1,0,0
FACT03434,20260926,CLN06,SRV05,MAS102,VET10,RECEPCION_PRESENCIAL,COMPLETADA,22,39,85000,0.0,85000.0,STRIPE_CARD,4,1,0,0
FACT03435,20260926,CLN04,SRV02,MAS145,VET07,OPTIMIZACION_GEO_PLEB,NO_ASISTIO,0,0,35000,3500.0,0.0,NO_APLICA,,0,1,0
FACT03436,20260926,CLN01,SRV08,MAS124,VET01,AGENTE_NOVA_CHATBOT,COMPLETADA,7,59,50000,0.0,50000.0,EFECTIVO,4,1,0,0
FACT03437,20260926,CLN03,SRV05,MAS043,VET05,PORTAL_WEB,COMPLETADA,26,23,85000,0.0,85000.0,EFECTIVO,5,1,0,0
FACT03438,20260927,CLN05,SRV04,MAS133,VET08,AGENTE_NOVA_CHATBOT,NO_ASISTIO,0,0,220000,0.0,0.0,NO_APLICA,,0,1,0
FACT03439,20260927,CLN06,SRV05,MAS113,VET10,RECEPCION_PRESENCIAL,COMPLETADA,16,32,85000,0.0,85000.0,STRIPE_CARD,4,1,0,0
FACT03440,20260927,CLN04,SRV06,MAS084,VET06,OPTIMIZACION_GEO_PLEB,COMPLETADA,13,55,120000,12000.0,108000.0,STRIPE_CARD,4,1,0,0
FACT03441,20260927,CLN06,SRV04,MAS111,VET10,RECEPCION_PRESENCIAL,CANCELADA,0,0,220000,0.0,0.0,NO_APLICA,,0,0,1
FACT03442,20260927,CLN06,SRV02,MAS087,VET10,OPTIMIZACION_GEO_PLEB,COMPLETADA,10,19,35000,3500.0,31500.0,EFECTIVO,4,1,0,0
FACT03443,20260927,CLN05,SRV08,MAS104,VET08,PORTAL_WEB,NO_ASISTIO,0,0,50000,0.0,0.0,NO_APLICA,,0,1,0
FACT03444,20260927,CLN03,SRV06,MAS054,VET05,OPTIMIZACION_GEO_PLEB,COMPLETADA,19,49,120000,12000.0,108000.0,STRIPE_CARD,5,1,0,0
FACT03445,20260928,CLN01,SRV02,MAS086,VET01,AGENTE_NOVA_CHATBOT,NO_ASISTIO,0,0,35000,0.0,0.0,NO_APLICA,,0,1,0
FACT03446,20260928,CLN04,SRV04,MAS074,VET07,AGENTE_NOVA_CHATBOT,CANCELADA,0,0,220000,0.0,0.0,NO_APLICA,,0,0,1
FACT03447,20260928,CLN02,SRV05,MAS138,VET03,PORTAL_WEB,COMPLETADA,10,31,85000,0.0,85000.0,TRANSFERENCIA_NEQUI,2,1,0,0
FACT03448,20260928,CLN05,SRV07,MAS066,VET08,PORTAL_WEB,COMPLETADA,15,63,150000,0.0,150000.0,TRANSFERENCIA_NEQUI,4,1,0,0
FACT03449,20260928,CLN03,SRV07,MAS137,VET05,AGENTE_NOVA_CHATBOT,COMPLETADA,19,61,150000,0.0,150000.0,EFECTIVO,4,1,0,0
FACT03450,20260928,CLN02,SRV03,MAS138,VET03,AGENTE_NOVA_CHATBOT,COMPLETADA,16,27,25000,0.0,25000.0,EFECTIVO,5,1,0,0
FACT03451,20260928,CLN04,SRV08,MAS093,VET07,PORTAL_WEB,CANCELADA,0,0,50000,0.0,0.0,NO_APLICA,,0,0,1
FACT03452,20260928,CLN06,SRV07,MAS012,VET10,OPTIMIZACION_GEO_PLEB,COMPLETADA,29,63,150000,15000.0,135000.0,STRIPE_CARD,4,1,0,0
FACT03453,20260929,CLN02,SRV03,MAS062,VET04,AGENTE_NOVA_CHATBOT,COMPLETADA,19,10,25000,0.0,25000.0,TRANSFERENCIA_NEQUI,5,1,0,0
FACT03454,20260929,CLN01,SRV07,MAS114,VET02,PORTAL_WEB,NO_ASISTIO,0,0,150000,0.0,0.0,NO_APLICA,,0,1,0
FACT03455,20260929,CLN03,SRV08,MAS063,VET05,PORTAL_WEB,COMPLETADA,22,66,50000,0.0,50000.0,EFECTIVO,4,1,0,0
FACT03456,20260929,CLN01,SRV08,MAS073,VET01,RECEPCION_PRESENCIAL,COMPLETADA,6,58,50000,0.0,50000.0,STRIPE_CARD,5,1,0,0
FACT03457,20260929,CLN05,SRV02,MAS005,VET08,RECEPCION_PRESENCIAL,COMPLETADA,16,34,35000,0.0,35000.0,STRIPE_CARD,4,1,0,0
FACT03458,20260929,CLN01,SRV01,MAS099,VET02,OPTIMIZACION_GEO_PLEB,COMPLETADA,30,45,45000,4500.0,40500.0,STRIPE_CARD,5,1,0,0
FACT03459,20260929,CLN04,SRV03,MAS136,VET07,AGENTE_NOVA_CHATBOT,COMPLETADA,26,13,25000,0.0,25000.0,STRIPE_CARD,5,1,0,0
FACT03460,20260929,CLN01,SRV04,MAS141,VET02,RECEPCION_PRESENCIAL,CANCELADA,0,0,220000,0.0,0.0,NO_APLICA,,0,0,1
FACT03461,20260929,CLN04,SRV04,MAS091,VET07,RECEPCION_PRESENCIAL,COMPLETADA,20,92,220000,0.0,220000.0,EFECTIVO,5,1,0,0
FACT03462,20260930,CLN05,SRV01,MAS126,VET08,RECEPCION_PRESENCIAL,COMPLETADA,9,29,45000,0.0,45000.0,STRIPE_CARD,4,1,0,0
FACT03463,20260930,CLN03,SRV04,MAS060,VET05,PORTAL_WEB,COMPLETADA,29,91,220000,0.0,220000.0,STRIPE_CARD,4,1,0,0
FACT03464,20260930,CLN03,SRV01,MAS120,VET05,PORTAL_WEB,COMPLETADA,20,45,45000,0.0,45000.0,STRIPE_CARD,5,1,0,0
FACT03465,20260930,CLN04,SRV04,MAS081,VET07,OPTIMIZACION_GEO_PLEB,COMPLETADA,18,99,220000,22000.0,198000.0,STRIPE_CARD,4,1,0,0
FACT03466,20260930,CLN06,SRV01,MAS051,VET10,PORTAL_WEB,NO_ASISTIO,0,0,45000,0.0,0.0,NO_APLICA,,0,1,0
FACT03467,20260930,CLN06,SRV08,MAS059,VET09,RECEPCION_PRESENCIAL,COMPLETADA,31,66,50000,0.0,50000.0,STRIPE_CARD,4,1,0,0
FACT03468,20260930,CLN04,SRV03,MAS088,VET06,RECEPCION_PRESENCIAL,COMPLETADA,12,25,25000,0.0,25000.0,EFECTIVO,3,1,0,0
FACT03469,20260930,CLN06,SRV03,MAS130,VET09,RECEPCION_PRESENCIAL,CANCELADA,0,0,25000,0.0,0.0,NO_APLICA,,0,0,1
